mtllib 09_12_2025.mtl
v -0.188335 0.299067 0.003112
v -0.195726 0.291546 0.000872
v -0.189205 0.275787 0.002457
v -0.166985 0.279827 0.009116
v -0.182349 0.247905 0.004490
v -0.198288 0.300523 -0.003695
v -0.200590 0.294650 -0.001240
v -0.198276 0.305090 0.001890
v -0.194285 0.261608 0.001195
v -0.191616 0.333786 0.002137
v -0.192325 0.317682 0.001736
v -0.178643 0.320823 0.006404
v -0.196462 0.325399 0.001210
v -0.199199 0.335333 0.000634
v -0.144211 0.318785 0.012041
v -0.197298 0.327545 -0.002830
v -0.199822 0.324248 -0.000116
v -0.198988 0.254513 0.000969
v -0.195695 0.240084 0.000213
v -0.199209 0.277517 0.001269
v -0.201370 0.264567 0.000416
v -0.198588 0.318037 0.001625
v -0.196959 0.326433 -0.007380
v -0.197865 0.315313 -0.003974
v -0.200257 0.287204 -0.000815
v -0.196542 0.336379 -0.005293
v -0.202265 0.248107 -0.000652
v -0.202992 0.239298 -0.003362
v -0.108650 0.319320 -0.013908
v -0.153746 0.320614 -0.015906
v -0.156091 0.360099 -0.013610
v -0.159273 0.283480 -0.018962
v -0.083943 0.222642 -0.019413
v -0.123115 0.251506 -0.021055
v -0.052636 0.263896 -0.013073
v -0.165937 0.334285 -0.015550
v -0.171251 0.315422 -0.016757
v -0.157114 0.225709 -0.022733
v -0.159344 0.248687 -0.022088
v -0.178615 0.244286 -0.019883
v -0.187109 0.269747 -0.015079
v -0.198990 0.286300 -0.005226
v -0.200163 0.255272 -0.011153
v -0.200798 0.244964 -0.009915
v -0.200105 0.248932 -0.005329
v -0.200922 0.256923 -0.003653
v -0.126015 0.218047 -0.022746
v -0.199338 0.269310 -0.005890
v -0.199271 0.276723 -0.011200
v -0.197488 0.267427 -0.013258
v -0.106956 0.201414 -0.020093
v -0.140856 0.203652 -0.020404
v -0.164173 0.203301 -0.017939
v -0.201983 0.234957 -0.010827
v -0.198396 0.300769 -0.010888
v -0.198534 0.285963 -0.012259
v -0.192124 0.289829 -0.012856
v -0.194299 0.245428 -0.013647
v -0.195956 0.226113 -0.013507
v -0.189070 0.232874 -0.016631
v -0.186024 0.212597 -0.015627
v -0.171965 0.184811 -0.012669
v -0.149164 0.190477 -0.015481
v -0.155186 0.221182 0.010843
v -0.119570 0.267195 0.014802
v -0.160448 0.183348 0.005576
v -0.157750 0.165574 0.001557
v -0.148316 0.176860 0.003692
v -0.151992 0.158856 -0.000614
v -0.143309 0.165373 0.000309
v -0.174369 0.160870 0.001472
v -0.179728 0.185066 0.003433
v -0.131263 0.172240 0.001871
v -0.136393 0.179145 0.004017
v -0.126268 0.161181 0.001930
v -0.114890 0.179076 0.009812
v -0.126501 0.176437 -0.009512
v -0.117158 0.169036 -0.008627
v -0.131196 0.170961 -0.004611
v -0.092156 0.325559 0.015472
v -0.194267 0.259831 -0.012640
v -0.196077 0.346120 -0.010200
v -0.195750 0.333759 -0.011500
v -0.195566 0.318726 -0.012567
v -0.189387 0.341534 -0.011285
v -0.188893 0.330553 -0.011403
v -0.144012 0.177449 -0.009322
v -0.185063 0.319193 -0.013847
v -0.182369 0.297282 -0.015603
v -0.191037 0.305044 -0.012630
v -0.172365 0.150301 -0.012207
v -0.180328 0.164883 -0.012581
v -0.161199 0.164697 -0.008342
v -0.179296 0.339920 -0.013765
v -0.118276 0.184724 -0.014932
v -0.194559 0.278148 -0.012200
v -0.152261 0.158543 -0.004542
v -0.066724 0.187275 -0.019374
v -0.087197 0.163486 -0.013655
v -0.111930 0.154984 -0.006267
v -0.029643 0.321223 -0.006958
v -0.053616 0.379586 -0.005084
v 0.032088 0.378343 0.003403
v -0.172663 0.899935 -0.000505
v -0.174893 0.899259 0.005487
v -0.167410 0.907572 0.007078
v -0.166823 0.875257 -0.001539
v -0.157258 0.889163 -0.002227
v -0.145088 0.869879 -0.001288
v -0.057623 0.727320 0.005327
v -0.065359 0.720093 0.005018
v -0.070180 0.726063 0.004980
v -0.059259 0.716332 0.005459
v -0.104731 0.812579 0.009740
v -0.104373 0.861548 0.003551
v -0.066001 0.841002 0.008655
v -0.072503 0.715856 0.002943
v -0.075959 0.721183 0.003826
v -0.049286 0.722101 0.005743
v -0.045726 0.729329 0.006720
v -0.063863 0.703961 0.004416
v -0.066912 0.713090 0.004262
v -0.047681 0.736826 0.008118
v -0.081310 0.714500 0.002729
v -0.080337 0.728931 0.002865
v -0.080277 0.784659 0.010487
v -0.076234 0.760939 0.008778
v -0.114940 0.752632 0.006971
v -0.076609 0.680147 0.002373
v -0.080884 0.672537 0.002130
v -0.090905 0.684613 0.002062
v -0.089947 0.701600 0.002371
v -0.075203 0.691427 0.002955
v -0.064550 0.679627 0.004061
v -0.062541 0.865095 0.008086
v -0.018625 0.851080 0.011772
v -0.096754 0.723180 0.001660
v -0.040739 0.759457 0.012191
v -0.044862 0.804268 0.013141
v -0.001384 0.780129 0.017836
v -0.066355 0.664763 0.003634
v -0.105413 0.885590 0.003656
v -0.129083 0.886196 -0.000999
v -0.070489 0.743663 0.004998
v -0.071093 0.733864 0.002578
v -0.082718 0.880776 0.006463
v -0.044907 0.885145 0.002905
v -0.060100 0.737048 0.004697
v -0.052416 0.698729 0.005241
v -0.049311 0.712385 0.006585
v -0.039675 0.725415 0.008222
v -0.029463 0.733427 0.008947
v -0.007654 0.871017 0.015741
v -0.076295 0.704071 0.003482
v 0.037039 0.875058 0.013395
v -0.088864 0.742325 0.004160
v -0.095150 0.668647 0.002379
v -0.103900 0.695742 0.002692
v -0.116945 0.678148 0.003827
v -0.060050 0.778073 0.011900
v 0.008298 0.818425 0.015832
v -0.089761 0.890299 0.011534
v -0.069738 0.875615 0.014286
v 0.030319 0.846571 0.017220
v 0.040420 0.789905 0.020330
v 0.080366 0.803733 0.020951
v 0.052859 0.826221 0.018093
v -0.082413 0.659643 0.001651
v -0.009796 0.745204 0.014232
v 0.007448 0.763322 0.021474
v -0.061814 0.691909 0.005321
v 0.070911 0.859121 0.019776
v 0.096991 0.834535 0.019720
v 0.112937 0.810460 0.022115
v -0.175805 0.876280 -0.001195
v -0.171816 0.880849 -0.000016
v -0.101384 0.661344 0.002240
v -0.166764 0.896676 0.000043
v -0.171976 0.888039 -0.001029
v -0.158808 0.903565 0.000386
v -0.168889 0.883957 -0.001904
v -0.176332 0.868580 0.004332
v -0.176251 0.880992 0.004653
v 0.019766 0.767144 0.020761
v -0.001218 0.778963 0.021311
v -0.177166 0.890794 0.002328
v -0.071128 0.708242 0.003192
v -0.075423 0.709450 0.003258
v -0.141465 0.842395 0.002230
v 0.047388 0.761519 0.021716
v -0.102055 0.709277 0.001295
v -0.101104 0.637781 0.002754
v -0.175391 0.875946 0.008608
v -0.176498 0.866213 0.010120
v -0.176253 0.874292 0.012286
v -0.176021 0.867247 0.008011
v -0.076852 0.859699 0.017934
v -0.031570 0.833274 0.021557
v -0.032973 0.860810 0.017165
v -0.170479 0.752542 -0.002937
v -0.169092 0.768577 -0.002601
v -0.156136 0.752771 0.000871
v -0.176197 0.864390 0.013026
v -0.174463 0.867665 0.011498
v -0.177674 0.756160 -0.003349
v -0.173562 0.736871 -0.003195
v -0.174357 0.859771 0.011808
v -0.171072 0.866670 0.011147
v -0.169702 0.855896 0.010977
v -0.174940 0.849880 0.012636
v -0.177895 0.856294 0.010895
v -0.158865 0.781016 -0.000434
v -0.162212 0.858401 -0.001213
v -0.140084 0.815213 0.005075
v -0.156243 0.802305 0.001138
v -0.158441 0.822008 0.000046
v -0.134090 0.864558 0.017883
v -0.078946 0.833545 0.017539
v -0.166440 0.839235 -0.001394
v -0.172793 0.820217 -0.002012
v -0.169165 0.806628 -0.001834
v -0.138853 0.787480 0.005298
v -0.178186 0.852656 0.006735
v -0.175882 0.860631 0.007650
v -0.177280 0.852381 0.001651
v -0.177794 0.862190 -0.000533
v -0.172451 0.854015 -0.001494
v -0.176522 0.858674 0.003830
v -0.171917 0.865502 -0.000900
v -0.168590 0.789535 -0.002660
v -0.143506 0.141026 -0.006951
v -0.132606 0.141018 -0.004152
v -0.143882 0.140895 -0.001214
v -0.153814 0.137588 -0.009209
v -0.166936 0.133512 -0.052420
v -0.165374 0.131479 -0.042217
v -0.170251 0.128141 -0.048478
v -0.165371 0.128866 -0.031458
v -0.179139 0.121890 -0.045468
v -0.172931 0.123356 -0.021691
v -0.163575 0.130132 -0.014234
v -0.162441 0.134467 -0.017497
v -0.150315 0.145023 -0.008242
v -0.139899 0.145689 -0.004216
v -0.172395 0.128041 -0.002310
v -0.158177 0.136862 -0.003138
v -0.151981 0.145327 0.002247
v -0.165276 0.140669 0.002641
v -0.175219 0.141203 0.008335
v -0.172563 0.134319 0.009305
v -0.160460 0.153237 0.002089
v -0.174369 0.160870 0.001472
v -0.172777 0.147315 0.002415
v -0.139484 0.148031 0.000057
v -0.188604 0.117380 -0.060275
v -0.174369 0.160870 0.001472
v -0.160460 0.153237 0.002089
v -0.157750 0.165574 0.001557
v -0.191532 0.118923 -0.042448
v -0.179139 0.121890 -0.045468
v -0.181443 0.118345 -0.067217
v -0.196520 0.120467 -0.057030
v -0.196822 0.117703 -0.074885
v -0.202299 0.126805 -0.033576
v -0.151981 0.145327 0.002247
v -0.139484 0.148031 0.000057
v -0.147093 0.154621 -0.002386
v -0.151992 0.158856 -0.000614
v -0.172365 0.150301 -0.012207
v -0.181949 0.145622 -0.027436
v -0.185216 0.152282 -0.015281
v -0.180328 0.164883 -0.012581
v -0.172105 0.140021 -0.022898
v -0.170996 0.136842 -0.084095
v -0.170918 0.135954 -0.065654
v -0.167671 0.129868 -0.079748
v -0.189057 0.140742 -0.090476
v -0.172543 0.135701 -0.101375
v -0.183266 0.135121 -0.110706
v -0.179368 0.140816 -0.083692
v -0.171424 0.120193 -0.092701
v -0.165707 0.130489 -0.093652
v -0.172931 0.126123 -0.067533
v -0.177781 0.140780 -0.069591
v -0.153814 0.137588 -0.009209
v -0.162494 0.141301 -0.012502
v -0.150315 0.145023 -0.008242
v -0.165597 0.135831 -0.023174
v -0.162441 0.134467 -0.017497
v -0.165371 0.128866 -0.031458
v -0.157319 0.152228 -0.007641
v -0.139899 0.145689 -0.004216
v -0.166936 0.133512 -0.052420
v -0.170251 0.128141 -0.048478
v -0.171368 0.139168 -0.047285
v -0.167054 0.136486 -0.036596
v -0.179562 0.143274 -0.051625
v -0.161199 0.164697 -0.008342
v -0.165374 0.131479 -0.042217
v -0.152261 0.158543 -0.004542
v -0.173238 0.141555 -0.035758
v -0.199581 0.133469 -0.099998
v -0.198698 0.140505 -0.092025
v -0.193646 0.138018 -0.106597
v -0.201679 0.126580 -0.063042
v -0.202652 0.136706 -0.050781
v -0.186356 0.144085 -0.067867
v -0.199123 0.142088 -0.079600
v -0.201563 0.134188 -0.079945
v -0.201516 0.140769 -0.066160
v -0.192945 0.146051 -0.043286
v -0.201093 0.143877 -0.053022
v -0.196416 0.145157 -0.066680
v -0.194241 0.389376 -0.005124
v -0.196113 0.379183 -0.002175
v -0.196637 0.385901 0.001735
v 0.007171 0.718475 0.025047
v 0.009650 0.728617 0.027829
v 0.000840 0.728456 0.026766
v -0.195011 0.418940 0.000763
v -0.193323 0.414759 0.004043
v -0.193861 0.427014 0.003963
v 0.013849 0.718889 0.023010
v 0.015312 0.727793 0.025590
v -0.183021 0.400839 0.004962
v -0.182119 0.427594 0.005107
v -0.189592 0.409383 0.003101
v -0.194669 0.405443 0.003557
v -0.194897 0.409522 -0.000118
v -0.195488 0.397980 -0.000309
v -0.193399 0.415758 -0.002846
v -0.189905 0.423834 0.003199
v -0.193586 0.426648 -0.001637
v -0.194059 0.406260 -0.007128
v 0.071539 0.707724 0.029538
v 0.068610 0.711290 0.028707
v 0.068310 0.704263 0.027924
v -0.189934 0.386625 0.002730
v -0.193018 0.395997 0.003754
v 0.053807 0.699785 0.031357
v 0.057391 0.704579 0.028857
v 0.054565 0.707400 0.029425
v 0.065858 0.682520 0.028604
v 0.062169 0.647260 0.027544
v 0.091757 0.670748 0.030982
v 0.052620 0.688911 0.028012
v 0.064363 0.696071 0.028593
v 0.051618 0.723097 0.026023
v 0.050665 0.712606 0.027411
v 0.056339 0.717709 0.029077
v 0.049181 0.703332 0.028836
v 0.044423 0.695771 0.027756
v 0.076234 0.704459 0.030746
v 0.074631 0.712170 0.029926
v 0.020423 0.721905 0.024977
v 0.016389 0.714359 0.025172
v 0.011389 0.707476 0.023327
v 0.036646 0.729108 0.026930
v 0.026724 0.732272 0.026112
v 0.027768 0.724737 0.026200
v 0.046838 0.718948 0.028300
v 0.046558 0.731676 0.027105
v 0.041264 0.720408 0.027971
v 0.008723 0.735007 0.028080
v 0.011854 0.687522 0.023602
v 0.019484 0.690753 0.025022
v 0.011835 0.693411 0.022549
v 0.061023 0.702712 0.028196
v 0.054997 0.695912 0.028186
v 0.043239 0.708064 0.027242
v -0.178643 0.320823 0.006404
v -0.165242 0.358167 0.007987
v -0.185250 0.350474 0.002907
v -0.193714 0.376506 0.003091
v -0.190539 0.374045 0.002411
v -0.189681 0.363328 0.002083
v -0.181914 0.376957 0.004882
v 0.017712 0.707075 0.024917
v -0.195276 0.350380 0.002932
v -0.196951 0.348809 -0.002814
v -0.199199 0.335333 0.000634
v 0.013479 0.733148 0.025542
v 0.020944 0.738266 0.026926
v -0.194459 0.366032 0.002728
v -0.191616 0.333786 0.002137
v -0.197116 0.372297 0.000783
v -0.189717 0.436488 0.003718
v -0.198819 0.352027 0.000363
v -0.195672 0.370310 -0.002904
v -0.195797 0.361193 -0.007498
v -0.197843 0.359900 -0.000675
v -0.196542 0.336379 -0.005293
v -0.189285 0.398138 0.002645
v 0.061730 0.712602 0.029726
v 0.032675 0.717631 0.026282
v 0.025799 0.717488 0.026262
v -0.047601 0.525782 0.018899
v -0.061653 0.584747 0.017274
v -0.115842 0.521891 0.012188
v 0.036804 0.721083 0.028388
v -0.160643 0.408308 0.008585
v 0.035930 0.702062 0.027935
v -0.004219 0.713077 0.026317
v 0.003618 0.707444 0.023142
v -0.195398 0.376183 -0.007389
v -0.188813 0.373182 -0.010678
v -0.191590 0.385549 -0.011734
v -0.188180 0.355129 -0.011130
v -0.179296 0.339920 -0.013765
v -0.189387 0.341534 -0.011285
v 0.006001 0.697438 0.024297
v -0.179516 0.362967 -0.012099
v -0.156091 0.360099 -0.013610
v 0.013111 0.739338 0.024265
v -0.196077 0.346120 -0.010200
v -0.181482 0.388762 -0.011033
v 0.022384 0.702767 0.024727
v 0.021860 0.695352 0.025219
v 0.030234 0.694650 0.025536
v -0.187434 0.406193 -0.010110
v -0.189550 0.416297 -0.009418
v -0.193337 0.420555 -0.007645
v -0.188837 0.427592 -0.008867
v 0.029497 0.707350 0.025714
v 0.056679 0.727491 0.028359
v 0.051655 0.733651 0.024908
v 0.045496 0.736454 0.024151
v 0.069218 0.719951 0.028952
v 0.063619 0.727225 0.028228
v 0.072746 0.694011 0.028453
v -0.130450 0.368603 0.011695
v -0.092156 0.325559 0.015472
v -0.081735 0.398284 0.016123
v 0.022148 0.712409 0.024396
v 0.037524 0.714895 0.027834
v 0.030985 0.677364 0.025513
v -0.000534 0.701119 0.024436
v 0.016716 0.698065 0.023919
v 0.011043 0.698320 0.022985
v 0.138131 0.583543 0.034243
v 0.110160 0.633853 0.031484
v 0.066658 0.585853 0.027888
v 0.077133 0.720770 0.030661
v 0.042422 0.746001 0.025072
v 0.017508 0.746495 0.024907
v 0.007448 0.763322 0.021474
v 0.036135 0.709517 0.027769
v -0.013491 0.337171 0.022706
v -0.011650 0.417791 0.021893
v 0.197804 0.357423 0.038615
v 0.179177 0.414743 0.036746
v 0.138386 0.368682 0.034062
v 0.151629 0.309451 0.035569
v -0.000308 0.692982 0.023763
v 0.072477 0.727371 0.030108
v 0.077497 0.729364 0.028848
v -0.009813 0.725699 0.023822
v -0.011181 0.719987 0.023924
v 0.004401 0.744460 0.024613
v -0.045601 0.641700 0.017829
v -0.094068 0.636297 0.014150
v -0.018819 0.708407 0.024839
v -0.020684 0.703686 0.021898
v -0.016743 0.697990 0.022660
v -0.010666 0.698483 0.024385
v -0.008811 0.690759 0.021991
v -0.006335 0.699965 0.026580
v -0.011222 0.705101 0.024310
v 0.005867 0.632711 0.022350
v 0.003372 0.552696 0.022711
v -0.126932 0.408953 0.011279
v -0.022441 0.677144 0.020931
v -0.057595 0.678179 0.018178
v -0.013704 0.714435 0.023268
v -0.026317 0.698229 0.021750
v -0.037023 0.689859 0.019630
v 0.001186 0.676617 0.023331
v -0.144211 0.318785 0.012041
v 0.073624 0.736865 0.029918
v -0.127387 0.452736 0.011938
v -0.064823 0.467049 0.017771
v -0.023827 0.707325 0.022808
v -0.129113 0.584246 0.011614
v 0.057951 0.513802 0.027767
v -0.002939 0.485257 0.022757
v 0.113392 0.482446 0.031834
v 0.107643 0.534873 0.031444
v 0.058705 0.439686 0.027999
v 0.096752 0.250699 0.032167
v 0.086222 0.198397 0.031137
v 0.137407 0.211058 0.035309
v 0.039300 0.379101 0.026226
v 0.124528 0.425844 0.032546
v 0.088727 0.386590 0.030166
v 0.165904 0.519409 0.035166
v 0.178519 0.254509 0.038687
v 0.078078 0.325901 0.029127
v 0.187002 0.200487 0.038928
v 0.202830 0.304983 0.038868
v 0.042325 0.780873 0.025695
v -0.158556 0.515995 0.008932
v -0.166125 0.544686 0.007383
v -0.181901 0.420658 -0.011207
v 0.043051 0.740549 0.020514
v 0.037981 0.729936 0.018602
v -0.121465 0.394858 -0.010988
v -0.053616 0.379586 -0.005084
v -0.108650 0.319320 -0.013908
v -0.156091 0.360099 -0.013610
v -0.028217 0.424314 -0.000408
v -0.081137 0.461819 -0.003155
v 0.000411 0.484403 0.005095
v 0.032088 0.378343 0.003403
v 0.101229 0.447420 0.012289
v -0.189160 0.506962 0.005887
v -0.187318 0.511367 0.004543
v -0.189427 0.516924 0.005307
v -0.190645 0.457799 -0.007046
v -0.186581 0.451983 -0.009259
v -0.190884 0.446368 -0.008131
v -0.186230 0.439498 -0.009008
v -0.191654 0.451459 -0.002830
v -0.190909 0.462833 -0.001871
v -0.189850 0.474889 -0.008395
v -0.189861 0.469098 -0.004977
v -0.189668 0.481038 -0.002469
v -0.187377 0.491118 -0.009210
v -0.190068 0.483828 -0.008414
v -0.189110 0.493981 -0.003989
v -0.176847 0.450539 -0.011093
v -0.186937 0.464040 -0.009032
v -0.183574 0.478098 -0.008334
v -0.192731 0.457192 0.001093
v -0.169496 0.487327 -0.009489
v -0.144706 0.452107 -0.011205
v -0.181787 0.499185 -0.008671
v -0.187747 0.491942 0.005021
v -0.185925 0.501936 0.004818
v -0.190294 0.497114 0.005362
v -0.190876 0.503813 0.001739
v -0.188848 0.508083 -0.003281
v -0.193216 0.446739 0.000395
v -0.191303 0.489477 0.001307
v -0.191294 0.436752 -0.009167
v -0.188837 0.427592 -0.008867
v -0.192545 0.430417 -0.007053
v -0.189953 0.472225 -0.000891
v -0.190883 0.396141 -0.011333
v -0.194059 0.406260 -0.007128
v -0.187434 0.406193 -0.010110
v -0.191590 0.385549 -0.011734
v -0.194241 0.389376 -0.005124
v -0.191749 0.449613 0.004356
v -0.127387 0.452736 0.011938
v -0.151082 0.491161 0.010270
v -0.170552 0.461078 0.007627
v -0.189884 0.514966 0.001176
v -0.181482 0.388762 -0.011033
v -0.192161 0.467866 0.000989
v -0.191149 0.439226 -0.003226
v -0.193586 0.426648 -0.001637
v -0.194126 0.437603 0.001802
v -0.193337 0.420555 -0.007645
v -0.190903 0.465958 0.004784
v -0.191680 0.478017 0.001646
v -0.191397 0.483409 0.000211
v -0.189828 0.482856 0.005357
v -0.189717 0.436488 0.003718
v -0.193861 0.427014 0.003963
v -0.185048 0.469560 0.004591
v -0.184202 0.517226 0.005966
v -0.181901 0.420658 -0.011207
v -0.163267 0.412010 -0.012925
v -0.185962 0.452144 0.004096
v -0.156091 0.360099 -0.013610
v -0.175391 0.498798 0.007395
v -0.158556 0.515995 0.008932
v -0.121465 0.394858 -0.010988
v -0.115842 0.521891 0.012188
v -0.081137 0.461819 -0.003155
v -0.138471 0.514342 -0.006236
v -0.064823 0.467049 0.017771
v -0.182119 0.427594 0.005107
v -0.160643 0.408308 0.008585
v -0.183477 0.484980 0.005112
v -0.195488 0.397980 -0.000309
v -0.092156 0.325559 0.015472
v -0.046785 0.268045 0.021082
v -0.013491 0.337171 0.022706
v -0.093666 0.215713 0.017488
v -0.155186 0.221182 0.010843
v -0.136595 0.191756 0.008913
v -0.114890 0.179076 0.009812
v -0.102496 0.159011 0.009036
v -0.064373 0.172136 0.018419
v -0.126268 0.161181 0.001930
v -0.128182 0.148756 -0.001577
v -0.126568 0.147249 0.001487
v -0.111930 0.154984 -0.006267
v -0.115501 0.153205 0.003935
v -0.119570 0.267195 0.014802
v -0.160448 0.183348 0.005576
v -0.148316 0.176860 0.003692
v -0.115829 0.143724 -0.003359
v -0.117158 0.169036 -0.008627
v -0.139484 0.148031 0.000057
v -0.143882 0.140895 -0.001214
v -0.132606 0.141018 -0.004152
v -0.179728 0.185066 0.003433
v -0.136393 0.179145 0.004017
v 0.122548 0.736775 0.033529
v 0.134505 0.757987 0.033926
v 0.091349 0.763352 0.031539
v 0.161582 0.697928 0.037896
v 0.166244 0.697971 0.037854
v 0.171223 0.703279 0.039593
v 0.156665 0.693123 0.036778
v 0.160968 0.691924 0.039503
v 0.068525 0.800543 0.030681
v 0.104299 0.801968 0.034779
v 0.090615 0.827734 0.036382
v 0.159209 0.780356 0.037343
v 0.126597 0.785822 0.034571
v 0.148967 0.728350 0.036613
v 0.140235 0.733141 0.035347
v 0.143949 0.719977 0.035696
v 0.135540 0.822123 0.040790
v 0.157932 0.710386 0.037531
v 0.149470 0.706143 0.036022
v 0.151448 0.699985 0.036540
v 0.160773 0.685141 0.037896
v 0.150407 0.675867 0.036395
v 0.174652 0.670929 0.038529
v 0.176966 0.692703 0.038428
v 0.177395 0.683748 0.037615
v 0.184890 0.689050 0.038906
v 0.183211 0.675504 0.037565
v 0.173959 0.679181 0.037001
v 0.172893 0.642320 0.036109
v 0.179534 0.678676 0.035188
v 0.186434 0.723018 0.040398
v 0.199397 0.720691 0.040244
v 0.188420 0.747221 0.040902
v 0.052749 0.821356 0.030507
v 0.152593 0.720586 0.035788
v 0.157628 0.737603 0.036900
v 0.149430 0.691505 0.036212
v 0.165280 0.693209 0.038650
v 0.168440 0.723291 0.038021
v 0.111231 0.846710 0.039935
v 0.072574 0.849174 0.035896
v 0.179208 0.721941 0.038650
v 0.170792 0.688925 0.039151
v 0.150289 0.685126 0.036710
v 0.144709 0.703116 0.035276
v 0.140091 0.697671 0.034836
v 0.131900 0.721620 0.035620
v 0.148649 0.713012 0.036577
v 0.180598 0.713060 0.038678
v 0.187924 0.712787 0.039930
v 0.181252 0.701535 0.039202
v 0.142893 0.713041 0.035707
v 0.144323 0.708276 0.033967
v 0.041387 0.803846 0.027445
v 0.042325 0.780873 0.025695
v 0.160133 0.722754 0.035008
v 0.240247 0.117848 -0.076675
v 0.230045 0.120835 -0.060701
v 0.243673 0.120926 -0.063526
v 0.251658 0.118627 -0.075060
v 0.235434 0.127572 -0.020327
v 0.220132 0.122952 -0.037966
v 0.222874 0.125164 -0.019528
v 0.233101 0.123856 -0.041631
v 0.243785 0.124536 -0.037072
v 0.239664 0.123011 -0.050839
v 0.219287 0.118638 -0.056530
v 0.217346 0.119871 -0.013194
v 0.265874 0.590634 0.036755
v 0.266180 0.598292 0.033190
v 0.267036 0.609369 0.036293
v 0.259010 0.610145 0.029625
v 0.262258 0.618475 0.031928
v 0.264317 0.607025 0.031919
v 0.265214 0.586332 0.032458
v 0.263609 0.594256 0.030768
v 0.172434 0.556468 0.025012
v 0.226036 0.523406 0.027450
v 0.196826 0.499055 0.024364
v 0.268892 0.670819 0.028905
v 0.267088 0.661597 0.029870
v 0.262169 0.670508 0.030872
v 0.262010 0.523858 0.030723
v 0.260671 0.509702 0.029853
v 0.252372 0.524278 0.027890
v 0.263443 0.563845 0.030026
v 0.260891 0.555132 0.030761
v 0.260482 0.567549 0.030243
v 0.263574 0.555856 0.031467
v 0.261784 0.581826 0.030311
v 0.265128 0.574569 0.029619
v 0.261659 0.534630 0.029589
v 0.252728 0.578022 0.029069
v 0.261812 0.511290 0.037742
v 0.263164 0.530296 0.041655
v 0.258738 0.516325 0.042727
v 0.260916 0.495839 0.033534
v 0.259099 0.498761 0.042190
v 0.250583 0.511920 0.042522
v 0.259506 0.484179 0.038317
v 0.237267 0.492764 0.042835
v 0.251936 0.491389 0.042310
v 0.256924 0.484749 0.042108
v 0.165904 0.519409 0.035166
v 0.204270 0.578530 0.039212
v 0.138131 0.583543 0.034243
v 0.206832 0.510465 0.039056
v 0.238643 0.543337 0.043480
v 0.237308 0.581122 0.043015
v 0.248541 0.572066 0.043843
v 0.252501 0.556878 0.043869
v 0.245831 0.547666 0.028179
v 0.257109 0.542627 0.029277
v 0.262173 0.545756 0.030049
v 0.256754 0.617027 0.029856
v 0.193021 0.504339 0.037634
v 0.271126 0.706019 0.030530
v 0.271566 0.698011 0.031152
v 0.264174 0.701673 0.029999
v 0.223734 0.573321 0.028657
v 0.255984 0.556430 0.028407
v 0.264914 0.546322 0.032131
v 0.266177 0.557636 0.035469
v 0.264785 0.537287 0.035446
v 0.267012 0.576289 0.034369
v 0.264321 0.566362 0.032526
v 0.248168 0.673619 0.028192
v 0.264561 0.682481 0.029648
v 0.165364 0.466437 0.035541
v 0.192656 0.492309 0.037470
v 0.212463 0.457705 0.040544
v 0.199994 0.501867 0.037410
v 0.179177 0.414743 0.036746
v 0.266379 0.618644 0.033262
v 0.258405 0.597982 0.029381
v 0.259980 0.587524 0.030449
v 0.266494 0.580637 0.037607
v 0.266370 0.572309 0.038943
v 0.244166 0.608453 0.029565
v 0.260239 0.661162 0.030452
v 0.268302 0.651164 0.030707
v 0.264641 0.654976 0.031598
v 0.252962 0.633947 0.044976
v 0.225835 0.632690 0.042145
v 0.240005 0.608051 0.043956
v 0.113392 0.482446 0.031834
v 0.124528 0.425844 0.032546
v 0.242701 0.457868 0.042698
v 0.267946 0.669416 0.044312
v 0.270931 0.668485 0.037882
v 0.272275 0.690540 0.042178
v 0.267428 0.655683 0.033705
v 0.268282 0.663614 0.033531
v 0.267972 0.655788 0.035940
v 0.271376 0.702945 0.033461
v 0.267850 0.622272 0.042575
v 0.269424 0.647263 0.040669
v 0.263869 0.636332 0.044626
v 0.271001 0.700259 0.036028
v 0.264815 0.630014 0.031166
v 0.270949 0.714132 0.038906
v 0.271534 0.708515 0.034714
v 0.266814 0.635855 0.032613
v 0.267323 0.646512 0.033819
v 0.267594 0.629346 0.035831
v 0.263645 0.691709 0.030843
v 0.256942 0.692780 0.029372
v 0.255238 0.629199 0.030486
v 0.234892 0.636853 0.030321
v 0.267980 0.692335 0.029600
v 0.270296 0.690359 0.034231
v 0.261924 0.641492 0.031286
v 0.265404 0.648015 0.031851
v 0.267781 0.641372 0.029185
v 0.261296 0.651179 0.030371
v 0.261242 0.624977 0.044177
v 0.262021 0.611741 0.044430
v 0.249633 0.652170 0.029231
v 0.269894 0.680835 0.035094
v 0.268940 0.673284 0.033591
v 0.256157 0.463007 0.027530
v 0.258353 0.468029 0.030970
v 0.257576 0.453820 0.029982
v 0.260193 0.470919 0.037001
v 0.260208 0.453455 0.036185
v 0.265925 0.598326 0.043475
v 0.172893 0.642320 0.036109
v 0.193958 0.448183 0.022391
v 0.152977 0.488012 0.019384
v 0.257162 0.449585 0.041437
v 0.252671 0.457269 0.041807
v 0.251484 0.443721 0.041716
v 0.251406 0.686764 0.028571
v 0.255344 0.454746 0.025721
v 0.258174 0.462336 0.041281
v 0.265702 0.562141 0.041938
v 0.262265 0.653272 0.045182
v 0.269037 0.655622 0.032302
v 0.262188 0.521476 0.034961
v 0.260119 0.482395 0.031777
v 0.251418 0.494703 0.027806
v 0.256914 0.479394 0.027752
v 0.252488 0.473530 0.026028
v 0.232860 0.471542 0.025996
v 0.250764 0.462996 0.025812
v 0.248913 0.450613 0.026504
v 0.240139 0.664235 0.028772
v 0.234320 0.655015 0.027731
v 0.258253 0.475312 0.041279
v 0.251731 0.474195 0.042245
v 0.255124 0.615732 0.043994
v 0.253971 0.594393 0.043587
v 0.255664 0.574320 0.043055
v 0.253948 0.533919 0.043068
v 0.254406 0.546352 0.042810
v 0.250372 0.545285 0.043635
v 0.262250 0.575326 0.044433
v 0.267053 0.573574 0.042719
v 0.260165 0.552339 0.043618
v 0.264494 0.537168 0.038944
v 0.265113 0.546113 0.040092
v 0.265949 0.581958 0.040715
v 0.258058 0.565219 0.043134
v 0.248199 0.121830 -0.049105
v 0.243785 0.124536 -0.037072
v 0.249706 0.122986 -0.031896
v 0.251279 0.122237 -0.038650
v 0.247396 0.126016 -0.024814
v 0.247713 0.123420 -0.040997
v 0.243673 0.120926 -0.063526
v 0.239664 0.123011 -0.050839
v 0.251658 0.118627 -0.075060
v 0.217346 0.119871 -0.013194
v -0.017089 0.722153 0.021856
v -0.013968 0.724147 0.024016
v -0.017235 0.728132 0.021645
v -0.037617 0.754684 0.020858
v -0.063213 0.775732 0.016916
v -0.071321 0.745476 0.017332
v -0.108875 0.715076 0.017778
v -0.104634 0.711113 0.016785
v -0.105435 0.717143 0.016619
v -0.103913 0.720846 0.016761
v -0.099305 0.714771 0.018347
v -0.098252 0.723252 0.018760
v -0.045592 0.735525 0.020254
v -0.029394 0.732663 0.021350
v -0.109585 0.708023 0.017360
v -0.121298 0.712231 0.015517
v -0.123302 0.720761 0.012832
v -0.129404 0.714063 0.016683
v -0.011181 0.719987 0.023924
v -0.067747 0.690487 0.016013
v -0.062453 0.691860 0.017816
v -0.069833 0.697915 0.018456
v -0.134083 0.707209 0.014890
v -0.127358 0.704544 0.016225
v -0.123608 0.727088 0.013926
v -0.131078 0.721522 0.010842
v -0.078630 0.730553 0.017345
v -0.092916 0.734919 0.016681
v -0.089408 0.725723 0.015208
v -0.097541 0.689153 0.017471
v -0.099410 0.698807 0.017198
v -0.108643 0.691926 0.017173
v -0.130989 0.733196 0.012896
v -0.111931 0.732863 0.014743
v -0.071337 0.723573 0.016746
v -0.064434 0.722235 0.019395
v -0.067056 0.729384 0.017808
v -0.033345 0.719334 0.021405
v -0.040739 0.716179 0.021777
v -0.031163 0.710887 0.022839
v -0.062099 0.712850 0.019492
v -0.067459 0.718800 0.018064
v -0.075072 0.714373 0.019353
v -0.010726 0.764998 0.021515
v -0.036136 0.792908 0.020282
v -0.023916 0.724365 0.021090
v -0.020868 0.718121 0.024738
v -0.027498 0.719023 0.021796
v -0.062211 0.697643 0.020366
v -0.024259 0.713221 0.022032
v -0.018819 0.708407 0.024839
v -0.038420 0.725596 0.019363
v -0.053673 0.724496 0.018727
v -0.069252 0.706585 0.020111
v -0.063434 0.703221 0.018803
v -0.001218 0.778963 0.021311
v -0.106769 0.727620 0.014835
v -0.108172 0.724260 0.014609
v -0.075535 0.704818 0.018254
v -0.099653 0.707330 0.014671
v -0.104523 0.704744 0.014233
v -0.092998 0.706775 0.017779
v -0.089437 0.698685 0.017443
v -0.083648 0.704674 0.019631
v -0.107924 0.700777 0.016944
v -0.084896 0.695388 0.019541
v -0.064720 0.686386 0.017666
v -0.057595 0.678179 0.018178
v -0.048201 0.710017 0.020783
v -0.039588 0.707686 0.022727
v -0.013704 0.714435 0.023268
v -0.079033 0.696760 0.018133
v -0.093755 0.698942 0.018665
v -0.023827 0.707325 0.022808
v -0.115199 0.720532 0.012972
v -0.114136 0.714097 0.016064
v -0.110363 0.720332 0.018525
v -0.133403 0.696140 0.015547
v -0.115302 0.703670 0.016300
v -0.026317 0.698229 0.021750
v 0.065037 0.872175 0.031668
v 0.037791 0.867131 0.025008
v 0.039111 0.854928 0.027764
v -0.122117 0.696499 0.014795
v -0.121495 0.703790 0.014711
v -0.074309 0.691570 0.016890
v -0.083295 0.689524 0.014952
v -0.036064 0.700104 0.022778
v -0.044188 0.701631 0.021038
v -0.073797 0.685601 0.016530
v -0.055344 0.698542 0.019830
v -0.092554 0.691963 0.018930
v -0.108688 0.748559 0.013373
v -0.088247 0.692054 0.017229
v -0.090431 0.687749 0.015764
v -0.124730 0.683480 0.014917
v -0.094835 0.677120 0.016542
v -0.093129 0.686493 0.017344
v -0.044567 0.694125 0.018211
v -0.037023 0.689859 0.019630
v -0.096047 0.773422 0.012876
v -0.009813 0.725699 0.023822
v 0.000840 0.728456 0.026766
v -0.013267 0.738873 0.023146
v -0.031570 0.833274 0.021557
v -0.011152 0.847955 0.020668
v -0.032973 0.860810 0.017165
v -0.134229 0.654724 0.011303
v 0.010017 0.858402 0.021738
v -0.007654 0.871017 0.015741
v -0.030532 0.724487 0.019492
v -0.094068 0.636297 0.014150
v -0.139477 0.766269 0.009399
v -0.100331 0.729465 0.015991
v -0.139199 0.618400 0.010364
v -0.129113 0.584246 0.011614
v -0.115829 0.726190 0.013248
v -0.078946 0.833545 0.017539
v -0.084693 0.803357 0.014162
v 0.037039 0.875058 0.013395
v 0.081856 0.882606 0.021943
v 0.070911 0.859121 0.019776
v 0.004401 0.744460 0.024613
v 0.069277 0.886256 0.026073
v 0.012066 0.806448 0.024349
v 0.041387 0.803846 0.027445
v 0.052749 0.821356 0.030507
v 0.007448 0.763322 0.021474
v -0.001384 0.780129 0.017836
v 0.008911 0.838667 0.024349
v -0.116112 0.828659 0.014341
v 0.035658 0.834840 0.028464
v 0.072574 0.849174 0.035896
v -0.093232 0.716843 0.018078
v -0.079563 0.722030 0.015262
v -0.091218 0.720106 0.016301
v -0.117649 0.800648 0.010715
v -0.134090 0.864558 0.017883
v -0.085961 0.716721 0.019530
v 0.042325 0.780873 0.025695
v -0.174048 0.130052 -0.120082
v -0.167110 0.122538 -0.119699
v -0.171337 0.119104 -0.125798
v -0.181549 0.126215 -0.125230
v -0.182191 0.129740 -0.119785
v -0.189210 0.131618 -0.120615
v -0.193646 0.138018 -0.106597
v -0.183266 0.135121 -0.110706
v -0.197241 0.129950 -0.113597
v -0.194478 0.120610 -0.116304
v -0.192755 0.124243 -0.126422
v -0.199581 0.133469 -0.099998
v -0.197674 0.124207 -0.099085
v -0.052636 0.263896 -0.013073
v -0.007876 0.219188 -0.013508
v -0.083943 0.222642 -0.019413
v 0.061142 0.232208 -0.004405
v 0.033018 0.282891 -0.002629
v -0.139899 0.145689 -0.004216
v -0.128182 0.148756 -0.001577
v -0.132606 0.141018 -0.004152
v -0.049856 0.163335 -0.014080
v -0.003535 0.174978 -0.013595
v -0.022029 0.151110 -0.006576
v -0.057547 0.148097 -0.007346
v 0.033352 0.129245 0.015978
v 0.021646 0.131191 0.011833
v 0.045070 0.134036 0.010863
v 0.124243 0.143397 0.011661
v 0.129635 0.131174 0.016857
v 0.090971 0.135255 0.014145
v -0.104878 0.143084 0.004900
v -0.079255 0.133846 0.002714
v -0.086721 0.142600 0.007536
v 0.016525 0.153368 -0.005048
v 0.007314 0.138755 0.003026
v 0.161447 0.130554 0.021031
v 0.163280 0.146300 0.015118
v 0.133477 0.156835 0.008663
v 0.047284 0.129705 0.018560
v 0.084051 0.146870 0.007945
v 0.093934 0.158753 0.004251
v -0.111930 0.154984 -0.006267
v -0.087197 0.163486 -0.013655
v -0.089813 0.143546 -0.006638
v 0.115835 0.127926 0.018270
v 0.032242 0.143475 0.002142
v -0.115829 0.143724 -0.003359
v 0.055048 0.197480 -0.007651
v 0.052298 0.167311 -0.005044
v 0.157774 0.163798 0.009903
v -0.066724 0.187275 -0.019374
v 0.106899 0.126295 0.022727
v 0.002582 0.131277 0.011933
v -0.029896 0.137182 0.003440
v 0.168549 0.186122 0.008356
v 0.113036 0.177411 0.002436
v 0.123009 0.220242 0.003282
v 0.058459 0.142636 0.006222
v -0.063501 0.138322 -0.001965
v 0.096127 0.263479 0.004184
v 0.072923 0.129501 0.019037
v 0.053143 0.152429 0.000318
v -0.093666 0.215713 0.017488
v 0.003296 0.209553 0.025662
v -0.046785 0.268045 0.021082
v -0.014918 0.136932 0.014379
v -0.008655 0.144076 0.015881
v -0.027175 0.142752 0.013464
v 0.135536 0.124448 0.021734
v 0.158572 0.126879 0.028516
v 0.103154 0.142700 0.026608
v 0.128628 0.134458 0.026113
v 0.140655 0.140556 0.029025
v -0.031416 0.152667 0.016856
v -0.046797 0.144094 0.012309
v -0.064373 0.172136 0.018419
v -0.010066 0.169264 0.022090
v -0.055435 0.134174 0.005433
v 0.010679 0.137884 0.017595
v 0.116366 0.131484 0.026020
v 0.111818 0.135233 0.024728
v 0.099713 0.133170 0.024284
v 0.086222 0.198397 0.031137
v 0.096752 0.250699 0.032167
v -0.060163 0.151389 0.013326
v 0.021906 0.276158 0.026056
v 0.050707 0.159057 0.024847
v 0.139350 0.164499 0.033263
v 0.133653 0.128602 0.026692
v 0.004580 0.151582 0.019601
v 0.034775 0.135289 0.019605
v 0.020734 0.132026 0.016957
v 0.056691 0.136195 0.021287
v 0.042784 0.143245 0.020039
v 0.078078 0.325901 0.029127
v -0.013491 0.337171 0.022706
v 0.039300 0.379101 0.026226
v 0.088682 0.130903 0.022591
v 0.080790 0.135525 0.022136
v 0.024556 0.144746 0.018774
v 0.137407 0.211058 0.035309
v 0.187002 0.200487 0.038928
v 0.167873 0.139559 0.031071
v -0.102496 0.159011 0.009036
v -0.082570 0.151147 0.010614
v 0.146048 0.131185 0.028327
v 0.157693 0.133220 0.028957
v 0.111941 0.318391 0.008530
v 0.032088 0.378343 0.003403
v 0.066866 0.142840 0.022265
v 0.145343 0.134485 0.027257
v -0.039280 0.137107 0.010494
v -0.029643 0.321223 -0.006958
v -0.126568 0.147249 0.001487
v -0.139484 0.148031 0.000057
v -0.096055 0.148041 0.007569
v -0.065577 0.140270 0.009748
v -0.115501 0.153205 0.003935
v 0.054719 0.144551 0.021361
v 0.008407 0.144336 0.017197
v 0.116104 0.380464 0.010933
v 0.101229 0.447420 0.012289
v 0.083796 0.692451 0.018033
v 0.078685 0.697605 0.017836
v 0.084466 0.699139 0.018282
v 0.089575 0.720341 0.018463
v 0.117885 0.745849 0.024988
v 0.116493 0.716259 0.021113
v 0.092737 0.692191 0.018201
v 0.092466 0.703371 0.018436
v 0.106246 0.691570 0.019525
v 0.087164 0.686257 0.017478
v 0.104624 0.707004 0.018990
v 0.046857 0.720196 0.017312
v 0.057701 0.726353 0.018369
v 0.057646 0.717964 0.015583
v 0.079842 0.706813 0.018256
v 0.069175 0.722480 0.017358
v 0.075757 0.715821 0.016498
v 0.065616 0.709677 0.016614
v 0.114644 0.703585 0.019976
v 0.076071 0.688417 0.017459
v 0.083220 0.677481 0.017753
v 0.070462 0.698780 0.016694
v 0.059499 0.699398 0.015759
v 0.118780 0.782859 0.025229
v 0.154314 0.786855 0.029487
v 0.151453 0.765065 0.029513
v 0.053095 0.682924 0.014605
v 0.064100 0.688707 0.016103
v 0.067426 0.675700 0.015927
v 0.055369 0.692369 0.015573
v 0.049327 0.733079 0.020829
v 0.037981 0.729936 0.018602
v 0.046558 0.731676 0.027105
v 0.051655 0.733651 0.024908
v 0.056679 0.727491 0.028359
v 0.058123 0.731388 0.026851
v 0.045496 0.736454 0.024151
v 0.063619 0.727225 0.028228
v 0.058308 0.736044 0.027152
v 0.069393 0.740921 0.020828
v 0.137327 0.803368 0.025699
v 0.078348 0.771036 0.022841
v 0.047388 0.761519 0.021716
v 0.073624 0.736865 0.029918
v 0.091349 0.763352 0.031539
v 0.042422 0.746001 0.025072
v 0.042325 0.780873 0.025695
v 0.040420 0.789905 0.020330
v 0.032993 0.753065 0.020142
v 0.043051 0.740549 0.020514
v 0.080366 0.803733 0.020951
v 0.112937 0.810460 0.022115
v 0.099067 0.678183 0.018338
v 0.085102 0.661995 0.017368
v 0.157693 0.133220 0.028957
v 0.158572 0.126879 0.028516
v 0.176595 0.130139 0.030238
v 0.154630 0.268107 0.009552
v 0.179853 0.314731 0.014653
v 0.204365 0.276353 0.016098
v 0.183667 0.125543 0.029110
v 0.202359 0.120879 0.029784
v 0.196006 0.125299 0.032277
v 0.208654 0.131629 0.032425
v 0.220102 0.125206 0.036747
v 0.218129 0.138397 0.033721
v 0.202287 0.122793 0.022514
v 0.190181 0.125533 0.023943
v 0.198212 0.130912 0.018700
v 0.167873 0.139559 0.031071
v 0.116104 0.380464 0.010933
v 0.101229 0.447420 0.012289
v 0.157818 0.410360 0.016383
v 0.245997 0.119581 0.014221
v 0.194218 0.130490 0.031897
v 0.191196 0.142931 0.033596
v 0.123009 0.220242 0.003282
v 0.096127 0.263479 0.004184
v 0.111941 0.318391 0.008530
v 0.192006 0.228401 0.011684
v 0.139350 0.164499 0.033263
v 0.161447 0.130554 0.021031
v 0.206155 0.123752 0.033083
v 0.210945 0.125249 0.037406
v 0.214228 0.129169 0.020663
v 0.209915 0.124261 0.017234
v 0.208081 0.135047 0.019988
v 0.212541 0.123731 0.065401
v 0.209539 0.117553 0.054668
v 0.208936 0.120915 0.077789
v 0.209380 0.118355 0.039364
v 0.165465 0.360423 0.015184
v 0.188959 0.127293 0.032094
v 0.184009 0.135354 0.019684
v 0.199447 0.163920 0.037762
v 0.228624 0.312672 0.021893
v 0.211739 0.347880 0.020217
v 0.253275 0.340015 0.029437
v 0.248639 0.325471 0.024050
v 0.250422 0.337141 0.025763
v 0.216922 0.127618 0.051891
v 0.229965 0.125496 0.039942
v 0.168549 0.186122 0.008356
v 0.219247 0.183807 0.019400
v 0.193324 0.150519 0.018677
v 0.244553 0.312917 0.023908
v 0.210534 0.122676 0.043274
v 0.214666 0.117835 0.004225
v 0.214919 0.126336 0.003334
v 0.211329 0.143357 0.020527
v 0.220122 0.128612 0.019864
v 0.217262 0.127174 0.015031
v 0.222995 0.136646 0.021389
v 0.229932 0.126898 0.053399
v 0.219883 0.154844 0.021529
v 0.234937 0.286074 0.022258
v 0.235773 0.216166 0.022456
v 0.233805 0.253921 0.022328
v 0.247984 0.124272 -0.010405
v 0.217410 0.125235 0.065901
v 0.229713 0.125547 0.070429
v 0.163280 0.146300 0.015118
v 0.157774 0.163798 0.009903
v 0.247396 0.126016 -0.024814
v 0.250914 0.347087 0.026082
v 0.217346 0.119871 -0.013194
v 0.240707 0.341701 0.024811
v 0.245044 0.128904 0.002726
v 0.243890 0.302976 0.024936
v 0.216957 0.124338 0.076642
v 0.187002 0.200487 0.038928
v -0.125933 0.898980 0.006888
v -0.110037 0.896340 0.008591
v -0.118437 0.900939 0.007194
v -0.158927 0.910605 0.010692
v -0.160776 0.907196 0.013696
v -0.152453 0.907150 0.009460
v -0.119092 0.893511 0.009951
v -0.119446 0.903159 0.004844
v -0.114692 0.901627 0.006224
v -0.128380 0.904666 0.005456
v -0.108881 0.899954 0.007160
v -0.137243 0.909248 0.004457
v -0.105413 0.885590 0.003656
v -0.098354 0.896324 0.003225
v -0.082718 0.880776 0.006463
v -0.174428 0.894535 0.013776
v -0.167058 0.902059 0.014068
v -0.174820 0.900679 0.010261
v -0.114481 0.896405 0.003549
v -0.137479 0.901440 0.000368
v -0.165229 0.889742 0.012853
v -0.161645 0.879961 0.013938
v -0.155726 0.884123 0.015459
v -0.168658 0.894348 0.011418
v -0.155483 0.902631 0.012605
v -0.170612 0.885296 0.011814
v -0.169013 0.875487 0.011456
v -0.109500 0.900116 0.005354
v -0.134090 0.864558 0.017883
v -0.167410 0.907572 0.007078
v -0.166145 0.909101 0.013227
v -0.129083 0.886196 -0.000999
v -0.139225 0.898604 0.011884
v -0.112528 0.882627 0.014666
v -0.157258 0.889163 -0.002227
v -0.089761 0.890299 0.011534
v -0.146476 0.907615 0.002851
v -0.161714 0.865955 0.013335
v -0.169702 0.855896 0.010977
v -0.157071 0.847519 0.013207
v -0.173061 0.891024 0.013034
v -0.174505 0.885143 0.013516
v -0.158808 0.903565 0.000386
v -0.173200 0.875950 0.011614
v -0.171072 0.866670 0.011147
v -0.069738 0.875615 0.014286
v -0.174463 0.867665 0.011498
v -0.176253 0.874292 0.012286
v -0.151797 0.892318 0.014115
v -0.076852 0.859699 0.017934
v -0.174893 0.899259 0.005487
v -0.175552 0.893727 0.007004
v -0.175735 0.893404 0.009987
v -0.177819 0.885782 0.011180
v -0.138014 0.904727 0.008442
v -0.138699 0.900934 0.005504
v -0.134492 0.903980 0.006480
v -0.152329 0.910124 0.006442
v -0.133368 0.897564 0.008226
v -0.143683 0.905532 0.008287
v -0.147812 0.903269 0.009032
v -0.177072 0.887410 0.007707
v -0.137082 0.905858 0.005554
v -0.150237 0.910647 0.010254
v -0.143653 0.908594 0.009206
v -0.177166 0.890794 0.002328
v -0.176251 0.880992 0.004653
v -0.175391 0.875946 0.008608
v -0.144551 0.911621 0.008087
v -0.175291 0.888761 0.005320
v -0.128902 0.901914 0.006494
v 0.086149 0.712222 0.029887
v 0.079706 0.714644 0.028452
v 0.076234 0.704459 0.030746
v 0.143649 0.688352 0.035002
v 0.150289 0.685126 0.036710
v 0.149430 0.691505 0.036212
v 0.102909 0.698621 0.030504
v 0.109439 0.703581 0.032781
v 0.101560 0.706531 0.030333
v 0.093036 0.710037 0.031293
v 0.088037 0.704182 0.029207
v 0.094504 0.703539 0.030839
v 0.119230 0.725836 0.032469
v 0.124756 0.718194 0.035302
v 0.126066 0.726119 0.031292
v 0.100543 0.725295 0.030351
v 0.094002 0.722668 0.032090
v 0.102986 0.716497 0.032196
v 0.097469 0.714410 0.030626
v 0.091832 0.716655 0.030113
v 0.107038 0.709415 0.032796
v 0.112280 0.714447 0.032789
v 0.140655 0.704085 0.033120
v 0.138637 0.709467 0.034357
v 0.136094 0.704444 0.034135
v 0.120067 0.710600 0.034880
v 0.120563 0.717230 0.034390
v 0.119634 0.714072 0.032341
v 0.126608 0.671647 0.033901
v 0.121515 0.688188 0.031587
v 0.108445 0.690578 0.031900
v 0.116959 0.702117 0.033397
v 0.144709 0.703116 0.035276
v 0.144323 0.708276 0.033967
v 0.150407 0.675867 0.036395
v 0.132493 0.689162 0.034645
v 0.133573 0.709331 0.036391
v 0.131571 0.700796 0.035166
v 0.091757 0.670748 0.030982
v 0.096900 0.695764 0.029141
v 0.097523 0.700212 0.029533
v 0.092253 0.698939 0.030368
v 0.086233 0.693144 0.029441
v 0.102297 0.729707 0.032096
v 0.093672 0.734134 0.031794
v 0.073624 0.736865 0.029918
v 0.077497 0.729364 0.028848
v 0.083996 0.728216 0.029462
v 0.125579 0.705399 0.034692
v 0.131900 0.721620 0.035620
v 0.138462 0.715063 0.037231
v 0.117023 0.708560 0.030645
v 0.116795 0.713564 0.030966
v 0.110160 0.633853 0.031484
v 0.138131 0.583543 0.034243
v 0.172893 0.642320 0.036109
v 0.086050 0.719799 0.029228
v 0.143949 0.719977 0.035696
v 0.106582 0.723545 0.032523
v 0.140091 0.697671 0.034836
v 0.091349 0.763352 0.031539
v 0.118741 0.696124 0.034203
v 0.077133 0.720770 0.030661
v 0.142893 0.713041 0.035707
v 0.065858 0.682520 0.028604
v 0.113211 0.723215 0.030766
v 0.117393 0.718076 0.032113
v 0.124739 0.695775 0.032485
v 0.072746 0.694011 0.028453
v 0.127063 0.697796 0.035349
v 0.122548 0.736775 0.033529
v 0.074631 0.712170 0.029926
v 0.107545 0.734225 0.032502
v -0.081137 0.461819 -0.003155
v -0.075637 0.536223 0.001117
v -0.057798 0.495544 0.000246
v 0.000411 0.484403 0.005095
v -0.012232 0.562404 0.008893
v 0.027031 0.540152 0.010560
v 0.035260 0.570600 0.012513
v -0.138471 0.514342 -0.006236
v -0.128828 0.565722 -0.002207
v -0.001218 0.778963 0.021311
v 0.007448 0.763322 0.021474
v 0.012066 0.806448 0.024349
v -0.104606 0.594671 0.002302
v 0.042325 0.780873 0.025695
v 0.022876 0.690399 0.012546
v 0.033104 0.684700 0.013081
v 0.017913 0.677962 0.012097
v 0.033115 0.718047 0.014005
v 0.029982 0.708307 0.014041
v 0.022575 0.715205 0.013196
v -0.053865 0.688069 0.005219
v -0.048315 0.678521 0.005289
v -0.064550 0.679627 0.004061
v -0.004244 0.652415 0.009146
v 0.008736 0.654950 0.010443
v -0.006714 0.640688 0.008906
v 0.017347 0.706029 0.012095
v 0.008217 0.710302 0.012119
v 0.015155 0.712954 0.011868
v 0.019766 0.767144 0.020761
v -0.038706 0.713378 0.007649
v -0.028825 0.719943 0.007448
v -0.030820 0.708441 0.006860
v -0.003992 0.690148 0.010213
v -0.005076 0.698605 0.010033
v 0.003421 0.697068 0.010169
v 0.016682 0.654279 0.011509
v 0.014969 0.648416 0.010411
v -0.006939 0.677458 0.009897
v 0.004686 0.683678 0.010866
v 0.011945 0.721534 0.011185
v 0.018829 0.741952 0.016491
v 0.025203 0.724840 0.013500
v 0.006912 0.676873 0.010499
v 0.008878 0.667638 0.010979
v -0.019912 0.708711 0.009224
v -0.004160 0.707748 0.009814
v -0.013024 0.699314 0.009830
v 0.059499 0.699398 0.015759
v 0.051248 0.707947 0.015136
v 0.065616 0.709677 0.016614
v 0.039752 0.700644 0.013357
v 0.040208 0.710728 0.014242
v 0.041675 0.664196 0.013620
v 0.044287 0.675660 0.014388
v 0.052634 0.670882 0.014721
v -0.041647 0.691102 0.006841
v -0.036623 0.659362 0.006212
v -0.045094 0.660310 0.005230
v -0.041208 0.666818 0.006216
v 0.055369 0.692369 0.015573
v 0.051121 0.698217 0.013706
v -0.004581 0.728335 0.010862
v -0.017944 0.724651 0.009323
v -0.029463 0.733427 0.008947
v -0.053917 0.650788 0.004706
v -0.018868 0.655598 0.007810
v 0.057646 0.717964 0.015583
v 0.046857 0.720196 0.017312
v 0.021879 0.639907 0.011232
v 0.012746 0.606601 0.011465
v 0.059948 0.600561 0.016320
v 0.033786 0.672956 0.013553
v 0.003414 0.689888 0.009323
v -0.048520 0.605104 0.007287
v 0.047208 0.691799 0.013834
v 0.026332 0.699073 0.012296
v 0.032430 0.693443 0.013298
v 0.053095 0.682924 0.014605
v 0.067426 0.675700 0.015927
v 0.023894 0.658819 0.011658
v 0.001310 0.717207 0.010454
v 0.085102 0.661995 0.017368
v 0.069609 0.636555 0.016762
v 0.059421 0.658800 0.015362
v 0.037981 0.729936 0.018602
v 0.042100 0.627511 0.013689
v -0.034732 0.678103 0.006485
v -0.028036 0.688453 0.007867
v -0.021660 0.676186 0.007599
v 0.039357 0.691594 0.013337
v 0.043138 0.684577 0.014843
v -0.029245 0.665820 0.007267
v -0.035039 0.663424 0.005861
v 0.011485 0.688635 0.011056
v -0.040725 0.704783 0.005950
v -0.052416 0.698729 0.005241
v -0.049311 0.712385 0.006585
v -0.016307 0.689794 0.009030
v 0.015394 0.697316 0.010732
v 0.010076 0.702625 0.010208
v 0.038330 0.679835 0.013907
v 0.044214 0.646371 0.013517
v 0.032993 0.753065 0.020142
v 0.043051 0.740549 0.020514
v -0.053243 0.666590 0.004714
v 0.003856 0.703975 0.011109
v -0.023525 0.699136 0.007739
v -0.033594 0.698783 0.006653
v -0.015537 0.667288 0.009201
v -0.003114 0.661843 0.009755
v -0.018290 0.683156 0.008679
v -0.014054 0.717183 0.008626
v -0.006631 0.718834 0.010691
v -0.082413 0.659643 0.001651
v -0.066355 0.664763 0.003634
v -0.010038 0.722473 0.008799
v -0.009796 0.745204 0.014232
v 0.047388 0.761519 0.021716
v -0.041137 0.719476 0.006838
v -0.039675 0.725415 0.008222
v -0.101104 0.637781 0.002754
v -0.061814 0.691909 0.005321
v -0.049286 0.722101 0.005743
v 0.211118 0.117577 0.117724
v 0.207111 0.120439 0.096297
v 0.211291 0.119564 0.109131
v 0.208936 0.120915 0.077789
v 0.218633 0.121485 0.092720
v 0.216957 0.124338 0.076642
v 0.222739 0.118231 0.113823
v 0.233323 0.120898 0.099936
v 0.225593 0.122823 0.086582
v 0.229713 0.125547 0.070429
v 0.217410 0.125235 0.065901
v 0.241559 0.120509 0.070051
v 0.243371 0.121271 0.056216
v 0.238823 0.120853 0.085834
v 0.233865 0.117687 0.113597
v 0.232225 0.123202 0.086402
v 0.219392 0.649534 0.028001
v 0.203456 0.654551 0.027057
v 0.215262 0.660458 0.027925
v 0.224034 0.662885 0.025900
v 0.234320 0.655015 0.027731
v 0.198512 0.667326 0.026680
v 0.203480 0.674474 0.025138
v 0.207964 0.666471 0.025188
v 0.176406 0.664165 0.024467
v 0.166034 0.671646 0.023695
v 0.176163 0.672640 0.023492
v 0.227240 0.670016 0.028044
v 0.221977 0.671737 0.026126
v 0.224444 0.678312 0.026916
v 0.198327 0.621753 0.029536
v 0.172434 0.556468 0.025012
v 0.151872 0.606652 0.025085
v 0.221990 0.685949 0.028280
v 0.231848 0.685389 0.026821
v 0.234074 0.672608 0.027669
v 0.165271 0.657420 0.025301
v 0.183264 0.653188 0.026300
v 0.146295 0.643156 0.024299
v 0.248168 0.673619 0.028192
v 0.164029 0.664148 0.026704
v 0.153587 0.661271 0.023209
v 0.157522 0.668728 0.022191
v 0.232083 0.664975 0.026453
v 0.209675 0.674590 0.025896
v 0.204028 0.683552 0.025100
v 0.214572 0.681931 0.025758
v 0.101229 0.447420 0.012289
v 0.086665 0.544678 0.015528
v 0.152977 0.488012 0.019384
v 0.240139 0.664235 0.028772
v 0.059948 0.600561 0.016320
v 0.106639 0.609706 0.022082
v 0.035260 0.570600 0.012513
v 0.027031 0.540152 0.010560
v 0.188744 0.663428 0.025939
v 0.216071 0.669465 0.026403
v 0.000411 0.484403 0.005095
v 0.130510 0.580595 0.021827
v 0.195568 0.678274 0.024949
v 0.185977 0.673087 0.025198
v 0.234892 0.636853 0.030321
v 0.193935 0.659866 0.028441
v 0.116202 0.663563 0.019035
v 0.137291 0.664847 0.021125
v 0.105261 0.643233 0.021391
v 0.146879 0.671622 0.022092
v 0.069609 0.636555 0.016762
v 0.085102 0.661995 0.017368
v 0.223734 0.573321 0.028657
v 0.244166 0.608453 0.029565
v 0.265699 0.728969 0.031822
v 0.267702 0.722978 0.033424
v 0.258985 0.720336 0.030498
v 0.143070 0.682692 0.022629
v 0.136500 0.677315 0.021356
v 0.136207 0.687672 0.022426
v 0.271126 0.706019 0.030530
v 0.264174 0.701673 0.029999
v 0.267149 0.713044 0.031712
v 0.142584 0.703529 0.022376
v 0.132848 0.696320 0.021474
v 0.128694 0.704530 0.021274
v 0.237189 0.698036 0.028063
v 0.241915 0.689476 0.027746
v 0.234668 0.691210 0.028538
v 0.264841 0.761982 0.033219
v 0.248782 0.741991 0.035509
v 0.240979 0.769998 0.036317
v 0.263645 0.691709 0.030843
v 0.256942 0.692780 0.029372
v 0.215185 0.737778 0.034790
v 0.190814 0.775396 0.033860
v 0.116493 0.716259 0.021113
v 0.142356 0.718647 0.023202
v 0.194211 0.688579 0.025551
v 0.204028 0.683552 0.025100
v 0.195568 0.678274 0.024949
v 0.128226 0.684818 0.020851
v 0.122512 0.693689 0.021163
v 0.265089 0.738415 0.033257
v 0.271654 0.750715 0.031559
v 0.270349 0.741619 0.031629
v 0.224333 0.700081 0.027522
v 0.230507 0.693135 0.027240
v 0.224224 0.691983 0.027356
v 0.117797 0.683361 0.020227
v 0.155421 0.702783 0.022873
v 0.167370 0.710159 0.024601
v 0.165606 0.696599 0.023766
v 0.196199 0.710120 0.027221
v 0.194159 0.721537 0.029497
v 0.209868 0.706562 0.027864
v 0.270773 0.712686 0.033042
v 0.127251 0.698803 0.021936
v 0.163219 0.679966 0.022873
v 0.158655 0.682170 0.023661
v 0.159310 0.689055 0.023622
v 0.231848 0.685389 0.026821
v 0.272244 0.743649 0.033798
v 0.248833 0.702509 0.029064
v 0.234621 0.715232 0.030616
v 0.215913 0.699447 0.026782
v 0.217424 0.693009 0.026525
v 0.264718 0.749540 0.033855
v 0.268120 0.755786 0.031934
v 0.248781 0.693219 0.027406
v 0.243556 0.695473 0.029776
v 0.201651 0.694545 0.026207
v 0.209521 0.692708 0.027249
v 0.221990 0.685949 0.028280
v 0.271083 0.759342 0.031152
v 0.154807 0.680584 0.022685
v 0.149971 0.694539 0.022387
v 0.212646 0.698816 0.026122
v 0.192374 0.700016 0.025358
v 0.176163 0.672640 0.023492
v 0.177416 0.679449 0.024480
v 0.185977 0.673087 0.025198
v 0.166034 0.671646 0.023695
v 0.263314 0.773891 0.033189
v 0.270504 0.773886 0.031389
v 0.175947 0.706229 0.024877
v 0.182771 0.711003 0.025877
v 0.177989 0.696773 0.024633
v 0.171388 0.735832 0.030031
v 0.170265 0.677486 0.023188
v 0.138072 0.693536 0.022865
v 0.106246 0.691570 0.019525
v 0.114644 0.703585 0.019976
v 0.151453 0.765065 0.029513
v 0.169659 0.686231 0.023403
v 0.187415 0.691821 0.023930
v 0.146879 0.671622 0.022092
v 0.141245 0.691167 0.021505
v 0.146737 0.689877 0.022760
v 0.110455 0.681686 0.019541
v 0.114232 0.675146 0.018760
v 0.099067 0.678183 0.018338
v 0.116202 0.663563 0.019035
v 0.124879 0.673428 0.021308
v 0.157522 0.668728 0.022191
v 0.141988 0.696220 0.022920
v 0.185115 0.685168 0.024233
v 0.248168 0.673619 0.028192
v 0.117885 0.745849 0.024988
v 0.085102 0.661995 0.017368
v 0.137291 0.664847 0.021125
v 0.177347 0.686631 0.023891
v 0.214572 0.681931 0.025758
v 0.272657 0.765757 0.033994
v 0.271625 0.776439 0.036271
v 0.271382 0.757086 0.034986
v 0.273826 0.758502 0.034472
v 0.271661 0.750316 0.034656
v 0.271355 0.767044 0.039274
v 0.270587 0.747763 0.037423
v 0.251406 0.686764 0.028571
v 0.270200 0.738473 0.035268
v 0.271740 0.733025 0.031862
v 0.270435 0.725650 0.034283
v 0.270669 0.731896 0.038246
v 0.270908 0.726204 0.035713
v 0.270244 0.732378 0.035316
v 0.271064 0.718075 0.034951
v 0.271534 0.708515 0.034714
v 0.270949 0.714132 0.038906
v 0.269191 0.716515 0.034630
v 0.154314 0.786855 0.029487
v 0.248771 0.215474 0.028767
v 0.248174 0.200108 0.026322
v 0.235773 0.216166 0.022456
v 0.246718 0.223786 0.024702
v 0.233805 0.253921 0.022328
v 0.246258 0.262993 0.025000
v 0.245560 0.249177 0.024231
v 0.250877 0.311954 0.028761
v 0.244553 0.312917 0.023908
v 0.248639 0.325471 0.024050
v 0.241188 0.191138 0.022475
v 0.246890 0.213011 0.036189
v 0.247625 0.200321 0.034295
v 0.243890 0.302976 0.024936
v 0.250436 0.242158 0.027143
v 0.249171 0.230135 0.028683
v 0.243948 0.235894 0.024047
v 0.197804 0.357423 0.038615
v 0.231505 0.327152 0.039659
v 0.236350 0.377437 0.041772
v 0.247843 0.224532 0.035021
v 0.178519 0.254509 0.038687
v 0.187002 0.200487 0.038928
v 0.223795 0.232556 0.040504
v 0.239484 0.204995 0.038457
v 0.219247 0.183807 0.019400
v 0.248813 0.242755 0.035462
v 0.251039 0.256146 0.028302
v 0.253275 0.340015 0.029437
v 0.253216 0.327190 0.034265
v 0.241526 0.227800 0.038462
v 0.250996 0.272346 0.025395
v 0.252424 0.283471 0.028191
v 0.251183 0.269575 0.029613
v 0.234937 0.286074 0.022258
v 0.244365 0.275533 0.024483
v 0.245956 0.290048 0.038592
v 0.250989 0.300321 0.038409
v 0.243803 0.304541 0.039445
v 0.202830 0.304983 0.038868
v 0.229473 0.278489 0.040142
v 0.222355 0.185282 0.039888
v 0.247199 0.290190 0.024864
v 0.251667 0.299347 0.030242
v 0.251975 0.289137 0.035607
v 0.251356 0.311209 0.035167
v 0.246932 0.319792 0.039401
v 0.251027 0.265408 0.026789
v 0.247226 0.345517 0.039372
v 0.244105 0.218633 0.037520
v 0.248515 0.308795 0.037945
v 0.255692 0.345931 0.037129
v 0.241070 0.257639 0.038591
v 0.251424 0.277828 0.034978
v 0.249640 0.262446 0.035503
v 0.249286 0.282642 0.038166
v 0.244986 0.274281 0.038784
v 0.240136 0.271556 0.039203
v 0.239645 0.240203 0.039077
v 0.257067 0.438742 0.030715
v 0.257214 0.425272 0.031659
v 0.253942 0.429216 0.025952
v 0.250914 0.347087 0.026082
v 0.255044 0.355323 0.027081
v 0.253275 0.340015 0.029437
v 0.252949 0.359947 0.038912
v 0.255971 0.379907 0.037091
v 0.248968 0.368948 0.040233
v 0.256118 0.386775 0.031151
v 0.256862 0.399409 0.031461
v 0.236350 0.377437 0.041772
v 0.215286 0.407159 0.041127
v 0.197804 0.357423 0.038615
v 0.255355 0.361310 0.035054
v 0.255272 0.373697 0.029127
v 0.250573 0.365819 0.027163
v 0.251372 0.355529 0.028208
v 0.257997 0.432223 0.040005
v 0.251484 0.443721 0.041716
v 0.240854 0.424865 0.042644
v 0.250308 0.373955 0.026138
v 0.240840 0.371464 0.024966
v 0.240707 0.341701 0.024811
v 0.211739 0.347880 0.020217
v 0.255649 0.400147 0.039824
v 0.257021 0.414939 0.035181
v 0.153668 0.446728 0.017580
v 0.101229 0.447420 0.012289
v 0.152977 0.488012 0.019384
v 0.255171 0.354584 0.031468
v 0.248583 0.355960 0.025440
v 0.248650 0.401181 0.041032
v 0.255562 0.435247 0.027971
v 0.257576 0.453820 0.029982
v 0.256160 0.445329 0.026995
v 0.255344 0.454746 0.025721
v 0.165465 0.360423 0.015184
v 0.208166 0.394675 0.021039
v 0.232860 0.471542 0.025996
v 0.237724 0.430110 0.025484
v 0.193958 0.448183 0.022391
v 0.157818 0.410360 0.016383
v 0.253973 0.392355 0.027336
v 0.253417 0.414922 0.041053
v 0.212463 0.457705 0.040544
v 0.251929 0.437195 0.027314
v 0.248913 0.450613 0.026504
v 0.249790 0.386315 0.040871
v 0.255692 0.345931 0.037129
v 0.256714 0.438366 0.027022
v 0.253458 0.401975 0.026909
v 0.253455 0.414515 0.026503
v 0.243887 0.398293 0.025768
v 0.250095 0.382949 0.025818
v 0.247226 0.345517 0.039372
v 0.242701 0.457868 0.042698
v 0.248390 0.371273 0.026337
v 0.260208 0.453455 0.036185
v 0.257162 0.449585 0.041437
v 0.179177 0.414743 0.036746
v 0.247984 0.124272 -0.010405
v 0.235434 0.127572 -0.020327
v 0.242157 0.128728 -0.007153
v 0.222874 0.125164 -0.019528
v 0.223611 0.125883 -0.006335
v 0.241230 0.124520 0.056355
v 0.243371 0.121271 0.056216
v 0.241041 0.124589 0.052022
v 0.239024 0.129038 0.012899
v 0.245044 0.128904 0.002726
v 0.234626 0.128189 -0.000142
v 0.244769 0.162588 0.034874
v 0.246275 0.139028 0.026204
v 0.245442 0.151874 0.022969
v 0.226761 0.126878 0.017294
v 0.222995 0.136646 0.021389
v 0.235861 0.130726 0.023191
v 0.242110 0.161050 0.023305
v 0.246532 0.167361 0.025897
v 0.234935 0.150595 0.023321
v 0.245997 0.119581 0.014221
v 0.243338 0.127166 0.036349
v 0.242681 0.126415 0.045502
v 0.243481 0.123414 0.047021
v 0.224492 0.126821 0.007007
v 0.237719 0.126318 0.047356
v 0.237472 0.141321 0.022897
v 0.219883 0.154844 0.021529
v 0.243482 0.118311 0.047035
v 0.229932 0.126898 0.053399
v 0.229965 0.125496 0.039942
v 0.244187 0.169877 0.023303
v 0.243572 0.129099 0.022064
v 0.242292 0.142167 0.035350
v 0.238127 0.126590 0.058605
v 0.234231 0.165741 0.022774
v 0.241559 0.120509 0.070051
v 0.238629 0.178556 0.022785
v 0.247215 0.180263 0.024199
v 0.246796 0.182699 0.029828
v 0.219247 0.183807 0.019400
v 0.187002 0.200487 0.038928
v 0.199447 0.163920 0.037762
v 0.222355 0.185282 0.039888
v 0.231231 0.154933 0.037036
v 0.247625 0.200321 0.034295
v 0.248174 0.200108 0.026322
v 0.239244 0.178418 0.037056
v 0.237047 0.168585 0.037824
v 0.247722 0.189116 0.026021
v 0.241188 0.191138 0.022475
v 0.239484 0.204995 0.038457
v 0.234412 0.136687 0.035397
v 0.229713 0.125547 0.070429
v 0.220122 0.128612 0.019864
v 0.218129 0.138397 0.033721
v 0.217262 0.127174 0.015031
v 0.247396 0.126016 -0.024814
v 0.240769 0.168291 0.036978
v 0.244840 0.185689 0.036206
v 0.243785 0.124536 -0.037072
v 0.230994 0.127129 0.009632
v 0.217346 0.119871 -0.013194
v 0.214919 0.126336 0.003334
v -0.185937 0.557371 0.007425
v -0.187761 0.547680 0.007310
v -0.182167 0.549560 0.005447
v -0.188534 0.535109 -0.000896
v -0.189797 0.536470 0.005425
v -0.188855 0.549395 0.002723
v -0.180172 0.563109 0.006118
v -0.189834 0.524843 0.002596
v -0.189007 0.524846 -0.006125
v -0.189575 0.514200 -0.006634
v -0.188703 0.520592 -0.002261
v -0.189007 0.526507 0.006728
v -0.187411 0.522588 0.005119
v -0.186618 0.529408 0.005175
v -0.184202 0.517226 0.005966
v -0.185833 0.539357 0.005094
v -0.180834 0.532408 0.006368
v -0.180044 0.541232 0.006582
v -0.166125 0.544686 0.007383
v -0.181854 0.575044 0.006330
v -0.187565 0.569493 0.007351
v -0.184712 0.569047 0.006476
v -0.188638 0.558184 0.005959
v -0.186797 0.537091 -0.008452
v -0.174249 0.525374 -0.008642
v -0.185216 0.517400 -0.008524
v -0.188242 0.564689 0.000332
v -0.186848 0.603382 0.008139
v -0.181418 0.599084 0.007562
v -0.183595 0.608370 0.009038
v -0.187352 0.594377 0.001250
v -0.188042 0.601117 0.004184
v -0.186401 0.610130 -0.000229
v -0.181321 0.551820 -0.008357
v -0.176777 0.609905 0.007347
v -0.188848 0.508083 -0.003281
v -0.189884 0.514966 0.001176
v -0.169420 0.575028 0.007560
v -0.129113 0.584246 0.011614
v -0.178674 0.593446 0.007673
v -0.167241 0.599503 0.007976
v -0.165655 0.570498 -0.007803
v -0.138471 0.514342 -0.006236
v -0.128828 0.565722 -0.002207
v -0.189427 0.516924 0.005307
v -0.183829 0.590803 0.006286
v -0.184964 0.582044 0.006370
v -0.178216 0.585795 0.007044
v -0.175391 0.498798 0.007395
v -0.174642 0.522341 0.006312
v -0.137892 0.607707 -0.000537
v -0.104606 0.594671 0.002302
v -0.182457 0.566698 -0.008004
v -0.180839 0.577923 -0.007936
v -0.187487 0.572719 -0.005320
v -0.187163 0.585326 -0.004243
v -0.186274 0.575672 -0.001323
v -0.187939 0.580153 0.003061
v -0.178645 0.596096 -0.007494
v -0.186238 0.602295 -0.005328
v -0.187336 0.550777 -0.007102
v -0.181787 0.499185 -0.008671
v -0.187781 0.592064 0.007415
v -0.158556 0.515995 0.008932
v -0.187121 0.559031 -0.005820
v -0.188377 0.549830 -0.002912
v -0.187012 0.566118 -0.005165
v -0.187377 0.491118 -0.009210
v -0.189110 0.493981 -0.003989
v -0.188677 0.503382 -0.008842
v -0.169496 0.487327 -0.009489
v -0.139199 0.618400 0.010364
v 0.206138 0.695729 0.038910
v 0.206369 0.688988 0.039928
v 0.219876 0.696482 0.042023
v 0.264150 0.756889 0.046536
v 0.266613 0.740626 0.047178
v 0.269353 0.757902 0.046461
v 0.248018 0.658477 0.045437
v 0.222481 0.666105 0.043080
v 0.225835 0.632690 0.042145
v 0.271188 0.777328 0.045093
v 0.270645 0.765962 0.043977
v 0.271355 0.767044 0.039274
v 0.197982 0.683354 0.037147
v 0.202700 0.684452 0.038294
v 0.200542 0.687983 0.038188
v 0.192358 0.701260 0.040234
v 0.199895 0.707805 0.040366
v 0.199397 0.720691 0.040244
v 0.183211 0.675504 0.037565
v 0.197112 0.673037 0.039969
v 0.192692 0.680152 0.037661
v 0.260293 0.674660 0.045236
v 0.262265 0.653272 0.045182
v 0.207431 0.715520 0.037593
v 0.229608 0.738494 0.045890
v 0.214881 0.715847 0.042046
v 0.197345 0.695575 0.037975
v 0.197025 0.700754 0.040510
v 0.183774 0.680345 0.036670
v 0.179534 0.678676 0.035188
v 0.201313 0.699994 0.039519
v 0.258409 0.714423 0.046875
v 0.243667 0.715822 0.046801
v 0.249349 0.689845 0.045985
v 0.194030 0.688316 0.039682
v 0.184890 0.689050 0.038906
v 0.177395 0.683748 0.037615
v 0.174652 0.670929 0.038529
v 0.172893 0.642320 0.036109
v 0.254199 0.731418 0.048062
v 0.255158 0.746906 0.047917
v 0.187924 0.712787 0.039930
v 0.252962 0.633947 0.044976
v 0.267946 0.669416 0.044312
v 0.207780 0.705826 0.040164
v 0.269690 0.754763 0.042108
v 0.219878 0.780944 0.047960
v 0.239567 0.768838 0.048802
v 0.251000 0.792443 0.050628
v 0.272275 0.690540 0.042178
v 0.263055 0.700222 0.045338
v 0.265649 0.683821 0.045206
v 0.254373 0.763680 0.048557
v 0.263569 0.779821 0.047838
v 0.204349 0.682987 0.038568
v 0.212097 0.722981 0.042462
v 0.269027 0.784020 0.045999
v 0.266410 0.793201 0.047502
v 0.181252 0.701535 0.039202
v 0.268721 0.709115 0.043432
v 0.265361 0.720146 0.046050
v 0.266879 0.767783 0.046795
v 0.260750 0.687203 0.045110
v 0.271900 0.780425 0.040702
v 0.261893 0.728361 0.046443
v 0.188420 0.747221 0.040902
v 0.231623 0.818562 0.052954
v 0.269224 0.740860 0.041258
v 0.268229 0.725752 0.042280
v 0.270587 0.747763 0.037423
v 0.204513 0.817289 0.049994
v 0.270949 0.714132 0.038906
v 0.263869 0.636332 0.044626
v 0.270669 0.731896 0.038246
v 0.271625 0.776439 0.036271
v 0.208936 0.120915 0.077789
v 0.207111 0.120439 0.096297
v 0.224985 0.883096 0.042249
v 0.234881 0.885493 0.042027
v 0.222548 0.886165 0.040108
v 0.137327 0.803368 0.025699
v 0.112937 0.810460 0.022115
v 0.135936 0.829900 0.023133
v 0.153544 0.853632 0.024113
v 0.163239 0.835333 0.025772
v 0.151571 0.840340 0.024443
v 0.099263 0.887593 0.026079
v 0.090911 0.884067 0.031102
v 0.119113 0.883289 0.031900
v 0.237362 0.874771 0.031487
v 0.234667 0.886042 0.038102
v 0.251439 0.885087 0.039024
v 0.107317 0.879361 0.023616
v 0.070911 0.859121 0.019776
v 0.081856 0.882606 0.021943
v 0.113558 0.860568 0.021241
v 0.240554 0.883789 0.044967
v 0.235224 0.879448 0.048412
v 0.192117 0.878255 0.030819
v 0.211602 0.884588 0.035733
v 0.182815 0.843707 0.025846
v 0.191743 0.826115 0.027669
v 0.187485 0.856701 0.025875
v 0.129018 0.886177 0.026154
v 0.149275 0.876444 0.025254
v 0.218670 0.840428 0.053576
v 0.194302 0.845930 0.049543
v 0.204513 0.817289 0.049994
v 0.164184 0.842422 0.044972
v 0.170592 0.861670 0.043615
v 0.188471 0.886545 0.033405
v 0.169201 0.884978 0.030096
v 0.176854 0.885966 0.034230
v 0.207278 0.882438 0.043637
v 0.214567 0.873935 0.050196
v 0.178382 0.867640 0.026537
v 0.082984 0.887861 0.025417
v 0.069277 0.886256 0.026073
v 0.240914 0.889011 0.043062
v 0.105603 0.869942 0.038664
v 0.065037 0.872175 0.031668
v 0.072574 0.849174 0.035896
v 0.219878 0.780944 0.047960
v 0.191139 0.788318 0.044400
v 0.188420 0.747221 0.040902
v 0.200498 0.886801 0.039172
v 0.212015 0.885712 0.040798
v 0.078510 0.889312 0.022199
v 0.085804 0.888821 0.023090
v 0.211939 0.843122 0.025149
v 0.138377 0.884474 0.031773
v 0.135741 0.887375 0.026422
v 0.128730 0.886847 0.028843
v 0.116617 0.887842 0.024606
v 0.100255 0.885887 0.022677
v 0.175561 0.818348 0.045772
v 0.209332 0.863976 0.026932
v 0.135540 0.822123 0.040790
v 0.159209 0.780356 0.037343
v 0.088577 0.888007 0.026000
v 0.247269 0.890087 0.041086
v 0.257944 0.889053 0.042757
v 0.168241 0.883339 0.033111
v 0.251299 0.882763 0.047372
v 0.255136 0.879668 0.052322
v 0.204405 0.859390 0.050450
v 0.216231 0.859371 0.053618
v 0.198461 0.864063 0.047971
v 0.145945 0.873310 0.037278
v 0.140046 0.855442 0.041845
v 0.111231 0.846710 0.039935
v 0.118028 0.886614 0.026745
v 0.189260 0.883525 0.037334
v 0.178629 0.883109 0.034890
v 0.180816 0.875955 0.039834
v 0.122222 0.845757 0.021245
v 0.096991 0.834535 0.019720
v 0.156455 0.881582 0.033936
v 0.169375 0.807163 0.029736
v 0.126445 0.888529 0.025656
v 0.131205 0.891722 0.026958
v 0.148140 0.889426 0.030045
v 0.181216 0.885957 0.036086
v 0.248485 0.887072 0.044834
v 0.242590 0.869770 0.056434
v 0.154314 0.786855 0.029487
v 0.249667 0.884804 0.046559
v -0.180753 0.821228 0.009308
v -0.177363 0.817401 0.012512
v -0.177618 0.825680 0.012484
v -0.180009 0.844406 0.010032
v -0.180416 0.832908 0.009416
v -0.178298 0.837753 0.011396
v -0.166612 0.807620 0.011100
v -0.153021 0.814538 0.010342
v -0.168733 0.813044 0.011046
v -0.176075 0.841547 0.012060
v -0.170889 0.822042 0.010330
v -0.174608 0.833722 0.010823
v -0.170878 0.844080 0.010710
v -0.166170 0.832877 0.011540
v -0.174940 0.849880 0.012636
v -0.175002 0.813711 0.009924
v -0.141235 0.842258 0.014097
v -0.157071 0.847519 0.013207
v -0.169702 0.855896 0.010977
v -0.134090 0.864558 0.017883
v -0.177895 0.856294 0.010895
v -0.170792 0.781808 0.010413
v -0.160918 0.785421 0.010208
v -0.169358 0.795901 0.010912
v -0.167958 0.769536 0.010130
v -0.175766 0.775907 0.009288
v -0.176231 0.769132 0.009524
v -0.167067 0.748466 0.010157
v -0.175835 0.760138 0.009039
v -0.178125 0.747527 0.009348
v -0.181386 0.755859 0.011612
v -0.176424 0.785294 0.009751
v -0.180279 0.787537 0.012074
v -0.178256 0.777444 0.011596
v -0.180958 0.755461 0.008462
v -0.183649 0.748940 0.008051
v -0.174644 0.740972 0.009168
v -0.139477 0.766269 0.009399
v -0.178792 0.773135 0.009868
v -0.175758 0.843388 0.000290
v -0.177421 0.829451 -0.000274
v -0.177783 0.836659 0.004283
v -0.152578 0.721807 0.012395
v -0.130989 0.733196 0.012896
v -0.177202 0.804414 0.012020
v -0.178754 0.799748 0.011767
v -0.174734 0.804871 0.009802
v -0.183469 0.746169 0.011432
v -0.181871 0.734876 0.011298
v -0.179357 0.736964 0.009088
v -0.181232 0.741004 0.011825
v -0.184608 0.739008 0.010725
v -0.183735 0.742170 0.008203
v -0.177770 0.808508 0.012921
v -0.116112 0.828659 0.014341
v -0.117649 0.800648 0.010715
v -0.177067 0.793249 0.009645
v -0.179255 0.768278 0.011504
v -0.172793 0.820217 -0.002012
v -0.166440 0.839235 -0.001394
v -0.179167 0.839347 0.007146
v -0.178448 0.797510 0.001182
v -0.178409 0.805496 -0.002496
v -0.180162 0.797357 -0.001987
v -0.182644 0.796045 0.009159
v -0.169165 0.806628 -0.001834
v -0.179406 0.812647 0.000329
v -0.178926 0.820110 -0.000648
v -0.179673 0.804810 0.010278
v -0.179904 0.812302 0.010433
v -0.180360 0.807444 0.006947
v -0.179085 0.804845 0.002693
v -0.180267 0.798892 0.005099
v -0.178526 0.817655 0.004327
v -0.178912 0.827621 0.005133
v -0.181333 0.814649 0.007631
v -0.178080 0.810368 0.003704
v -0.177411 0.844656 0.004983
v -0.178186 0.852656 0.006735
v -0.177280 0.852381 0.001651
v -0.176123 0.795672 -0.002105
v -0.178168 0.788103 0.011024
v -0.172451 0.854015 -0.001494
v -0.183563 0.741125 0.004180
v -0.184685 0.737142 0.007191
v -0.181263 0.788299 0.003933
v -0.177309 0.778642 -0.002528
v -0.181702 0.789856 -0.001499
v -0.181226 0.780048 -0.001032
v -0.181624 0.768634 -0.001041
v -0.179941 0.777393 0.001905
v -0.179929 0.776503 0.009662
v -0.177674 0.756160 -0.003349
v -0.182128 0.751354 0.000142
v -0.182610 0.784665 0.008598
v -0.180333 0.776531 0.006093
v -0.181426 0.784655 0.000678
v -0.180680 0.764151 0.008161
v -0.169092 0.768577 -0.002601
v -0.168590 0.789535 -0.002660
v -0.181191 0.765090 0.003516
v -0.180828 0.753997 0.005535
v -0.199581 0.133469 -0.099998
v -0.197674 0.124207 -0.099085
v -0.201563 0.134188 -0.079945
v -0.202652 0.136706 -0.050781
v -0.201516 0.140769 -0.066160
v -0.201093 0.143877 -0.053022
v -0.200384 0.124004 -0.081528
v -0.196822 0.117703 -0.074885
v -0.201679 0.126580 -0.063042
v -0.165694 0.126272 -0.112646
v -0.167110 0.122538 -0.119699
v -0.174048 0.130052 -0.120082
v -0.172543 0.135701 -0.101375
v -0.183266 0.135121 -0.110706
v -0.166423 0.125612 -0.102944
v -0.171424 0.120193 -0.092701
v -0.165707 0.130489 -0.093652
v 0.271611 0.842351 0.047615
v 0.274984 0.851618 0.048756
v 0.270900 0.848482 0.048009
v 0.273062 0.799920 0.034582
v 0.271546 0.809272 0.034117
v 0.275378 0.803360 0.035735
v 0.268258 0.858223 0.051158
v 0.259086 0.856787 0.054681
v 0.266516 0.846485 0.049914
v 0.275891 0.815176 0.046005
v 0.270982 0.819202 0.046893
v 0.270739 0.816294 0.047179
v 0.270769 0.855049 0.048062
v 0.274223 0.881038 0.049404
v 0.262951 0.883908 0.049386
v 0.267242 0.878717 0.051169
v 0.268145 0.831820 0.048882
v 0.267327 0.820430 0.048718
v 0.268398 0.826274 0.048665
v 0.270013 0.810405 0.047239
v 0.274181 0.801118 0.045841
v 0.271481 0.874985 0.041929
v 0.275806 0.876004 0.043695
v 0.277192 0.869889 0.040964
v 0.266610 0.882104 0.043759
v 0.263101 0.878527 0.038569
v 0.262798 0.884660 0.041710
v 0.277159 0.807539 0.039463
v 0.275745 0.811660 0.035019
v 0.276826 0.812734 0.036952
v 0.273903 0.826423 0.034888
v 0.273566 0.817193 0.035017
v 0.270696 0.820642 0.032989
v 0.263512 0.807208 0.049360
v 0.276404 0.797930 0.038972
v 0.262711 0.872242 0.054168
v 0.268413 0.865519 0.050072
v 0.277315 0.870658 0.046843
v 0.267469 0.797973 0.032794
v 0.255136 0.879668 0.052322
v 0.275436 0.833799 0.047299
v 0.277065 0.844213 0.045481
v 0.271324 0.824792 0.047000
v 0.242590 0.869770 0.056434
v 0.259188 0.886477 0.045992
v 0.257944 0.889053 0.042757
v 0.248485 0.887072 0.044834
v 0.268469 0.802263 0.047024
v 0.270995 0.872344 0.048854
v 0.273993 0.862303 0.049218
v 0.271643 0.871117 0.037817
v 0.255393 0.885420 0.047472
v 0.249667 0.884804 0.046559
v 0.251299 0.882763 0.047372
v 0.238632 0.847712 0.055619
v 0.255904 0.829027 0.051907
v 0.271902 0.784741 0.037861
v 0.271625 0.776439 0.036271
v 0.273927 0.783583 0.035006
v 0.270504 0.773886 0.031389
v 0.271900 0.780425 0.040702
v 0.216231 0.859371 0.053618
v 0.267736 0.886772 0.045270
v 0.277349 0.857600 0.042897
v 0.274150 0.791749 0.036173
v 0.270417 0.787051 0.034837
v 0.275604 0.797695 0.035800
v 0.251000 0.792443 0.050628
v 0.266410 0.793201 0.047502
v 0.277323 0.863488 0.035972
v 0.271901 0.782700 0.043092
v 0.272881 0.788298 0.043001
v 0.271188 0.777328 0.045093
v 0.277176 0.846363 0.039251
v 0.277175 0.853699 0.037332
v 0.275717 0.854607 0.033502
v 0.275121 0.846453 0.033079
v 0.279798 0.846389 0.034284
v 0.275598 0.837507 0.033220
v 0.260354 0.841956 0.028107
v 0.269655 0.831058 0.031556
v 0.261009 0.818528 0.030017
v 0.251439 0.885087 0.039024
v 0.237362 0.874771 0.031487
v 0.270869 0.880206 0.043359
v 0.269027 0.784020 0.045999
v 0.279248 0.837718 0.035106
v 0.218670 0.840428 0.053576
v 0.277641 0.830204 0.033427
v 0.250828 0.796882 0.031648
v 0.262596 0.784711 0.033747
v 0.263326 0.869867 0.033933
v 0.276726 0.820212 0.035832
v 0.270206 0.861276 0.048329
v 0.270625 0.842321 0.031409
v 0.231623 0.818562 0.052954
v 0.263314 0.773891 0.033189
v 0.269865 0.780537 0.032822
v 0.245293 0.813988 0.028955
v 0.269901 0.851708 0.030634
v 0.237461 0.854293 0.026290
v 0.241319 0.831748 0.026530
v 0.270803 0.861450 0.033245
v 0.201217 0.802906 0.031363
v 0.191743 0.826115 0.027669
v 0.223561 0.816803 0.028157
v 0.154314 0.786855 0.029487
v 0.169375 0.807163 0.029736
v 0.190814 0.775396 0.033860
v 0.257441 0.859797 0.029223
v 0.270945 0.866524 0.036382
v 0.277568 0.842344 0.035954
v 0.211939 0.843122 0.025149
v 0.276531 0.838240 0.042003
v 0.209332 0.863976 0.026932
v 0.276304 0.837824 0.037982
v 0.277528 0.830029 0.037378
v 0.276200 0.830921 0.041474
v 0.276682 0.822569 0.040447
v 0.276170 0.825065 0.045243
v 0.276662 0.815533 0.039657
v 0.237878 0.804969 0.030833
v 0.226892 0.793927 0.033397
v 0.240979 0.769998 0.036317
v 0.204513 0.817289 0.049994
v -0.184152 0.651756 -0.004977
v -0.185136 0.639109 -0.004834
v -0.186413 0.647358 -0.002075
v -0.186059 0.639230 0.000003
v -0.187645 0.645634 0.004181
v -0.184591 0.663021 0.009959
v -0.186383 0.670093 0.005466
v -0.187514 0.658881 0.005208
v -0.183807 0.673000 0.009515
v -0.185913 0.678783 0.007737
v -0.164403 0.627571 0.010111
v -0.181327 0.619929 0.007462
v -0.176777 0.609905 0.007347
v -0.169202 0.657044 -0.005202
v -0.177749 0.672404 -0.006059
v -0.172261 0.685431 -0.005205
v -0.186005 0.626176 0.000246
v -0.185800 0.624118 -0.005246
v -0.186401 0.610130 -0.000229
v -0.185426 0.657438 -0.000703
v -0.180634 0.660156 -0.005228
v -0.131078 0.721522 0.010842
v -0.130989 0.733196 0.012896
v -0.139748 0.721175 0.010861
v -0.165925 0.618996 -0.004692
v -0.165655 0.570498 -0.007803
v -0.178645 0.596096 -0.007494
v -0.186173 0.663908 0.002693
v -0.184200 0.671251 -0.000971
v -0.179090 0.647393 -0.005375
v -0.181131 0.634365 -0.005801
v -0.175807 0.635489 -0.005602
v -0.179467 0.630544 -0.006935
v -0.137892 0.607707 -0.000537
v -0.172471 0.681116 0.010167
v -0.150679 0.686799 0.012276
v -0.168408 0.701674 0.011123
v -0.180839 0.681148 0.008185
v -0.183885 0.681397 0.009499
v -0.144380 0.714157 0.012204
v -0.143346 0.705943 0.013641
v -0.137666 0.713602 0.012993
v -0.170522 0.653951 0.010109
v -0.177711 0.633996 0.007925
v -0.186688 0.622244 0.006391
v -0.187213 0.613070 0.008597
v -0.180807 0.731270 0.009354
v -0.182391 0.729054 0.010665
v -0.178637 0.723998 0.008579
v -0.113690 0.711674 0.001001
v -0.116945 0.678148 0.003827
v -0.136568 0.711464 0.002399
v -0.185789 0.694719 0.005899
v -0.184622 0.699255 0.000847
v -0.185174 0.683905 0.003426
v -0.114940 0.752632 0.006971
v -0.096754 0.723180 0.001660
v -0.185301 0.717870 0.005786
v -0.185692 0.724612 0.008827
v -0.183798 0.727548 0.002769
v -0.176584 0.718724 -0.004187
v -0.173562 0.736871 -0.003195
v -0.164358 0.712640 -0.002080
v -0.151850 0.681722 -0.000045
v -0.186848 0.603382 0.008139
v -0.183595 0.608370 0.009038
v -0.167241 0.599503 0.007976
v -0.184897 0.632159 0.009405
v -0.186099 0.633730 0.004064
v -0.188042 0.601117 0.004184
v -0.186384 0.611554 0.004653
v -0.185691 0.712026 0.005902
v -0.184369 0.712917 0.008998
v -0.142727 0.647192 -0.000208
v -0.185719 0.705267 0.005885
v -0.183930 0.698786 0.009803
v -0.184608 0.739008 0.010725
v -0.184685 0.737142 0.007191
v -0.184651 0.732523 0.009317
v -0.181871 0.734876 0.011298
v -0.181558 0.687393 -0.003680
v -0.176583 0.697481 -0.004880
v -0.177082 0.688854 -0.004646
v -0.186197 0.638245 0.006525
v -0.180731 0.641403 0.007691
v -0.134229 0.654724 0.011303
v -0.101104 0.637781 0.002754
v -0.181272 0.647697 0.007380
v -0.182276 0.642616 0.009245
v -0.180479 0.708358 0.008872
v -0.139199 0.618400 0.010364
v -0.183563 0.741125 0.004180
v -0.184254 0.732211 0.006279
v -0.185779 0.687656 0.008481
v -0.185202 0.642203 0.009062
v -0.179848 0.667923 0.008196
v -0.182624 0.667737 0.009711
v -0.182364 0.689075 0.010554
v -0.175756 0.709296 0.008875
v -0.178213 0.695420 0.007795
v -0.134083 0.707209 0.014890
v -0.133403 0.696140 0.015547
v -0.104606 0.594671 0.002302
v -0.185690 0.651677 0.009269
v -0.180735 0.656741 0.007772
v -0.170290 0.717698 0.010850
v -0.152578 0.721807 0.012395
v -0.170823 0.731646 0.010582
v -0.144539 0.716664 0.011104
v -0.184155 0.714224 0.002077
v -0.185437 0.614291 -0.004731
v -0.186238 0.602295 -0.005328
v -0.124730 0.683480 0.014917
v -0.129404 0.714063 0.016683
v -0.156136 0.752771 0.000871
v -0.144883 0.732851 0.002154
v -0.180200 0.741576 -0.003432
v -0.183686 0.737638 -0.000566
v -0.182128 0.751354 0.000142
v -0.182230 0.725532 -0.003123
v -0.103900 0.695742 0.002692
v -0.102055 0.709277 0.001295
v -0.179357 0.736964 0.009088
v -0.180278 0.620139 -0.005826
v -0.177674 0.756160 -0.003349
v -0.167067 0.748466 0.010157
v -0.174644 0.740972 0.009168
v -0.176238 0.734118 0.009144
v -0.182814 0.711331 -0.003694
v -0.177706 0.707395 -0.004133
v -0.182135 0.699753 -0.004902
v -0.200437 0.146484 0.013295
v -0.203355 0.146063 0.035113
v -0.190844 0.144569 0.037897
v -0.180337 0.125386 0.042931
v -0.178459 0.126860 0.019037
v -0.176316 0.135735 0.024333
v -0.190800 0.163933 0.000183
v -0.189506 0.149834 0.000680
v -0.174369 0.160870 0.001472
v -0.203872 0.174886 -0.008107
v -0.205969 0.174869 -0.002371
v -0.206415 0.182418 -0.004385
v -0.202992 0.239298 -0.003362
v -0.203903 0.227897 -0.003714
v -0.200300 0.232080 -0.000959
v -0.192009 0.144023 0.006337
v -0.182229 0.143579 0.003921
v -0.202334 0.221680 -0.009598
v -0.201905 0.209630 -0.007084
v -0.203789 0.217656 -0.003758
v -0.192625 0.192413 -0.013739
v -0.193963 0.176462 -0.013072
v -0.202490 0.184812 -0.012131
v -0.184220 0.138292 0.067148
v -0.191187 0.141159 0.058693
v -0.195153 0.137639 0.078498
v -0.198444 0.183029 -0.000862
v -0.203112 0.195144 -0.000683
v -0.197780 0.202480 -0.000771
v -0.203615 0.207354 -0.001287
v -0.183786 0.141385 0.051847
v -0.155186 0.221182 0.010843
v -0.182349 0.247905 0.004490
v -0.187440 0.213018 0.003308
v -0.186344 0.119295 0.036565
v -0.180852 0.122595 0.067844
v -0.178794 0.135132 0.050473
v -0.185473 0.133585 0.089370
v -0.182146 0.124344 0.090716
v -0.181374 0.131399 0.076002
v -0.204866 0.127291 0.006454
v -0.188681 0.117254 -0.015400
v -0.195897 0.119565 0.012681
v -0.183787 0.144795 0.017534
v -0.202299 0.126805 -0.033576
v -0.191532 0.118923 -0.042448
v -0.195695 0.240084 0.000213
v -0.179139 0.121890 -0.045468
v -0.172931 0.123356 -0.021691
v -0.186046 0.120902 0.013391
v -0.199705 0.214825 -0.014479
v -0.201189 0.200629 -0.013369
v -0.214875 0.120436 0.084556
v -0.217948 0.131424 0.090229
v -0.216380 0.132748 0.076316
v -0.212466 0.123483 0.069531
v -0.207313 0.121557 0.055415
v -0.181949 0.145622 -0.027436
v -0.193332 0.146172 -0.022122
v -0.185216 0.152282 -0.015281
v -0.186024 0.212597 -0.015627
v -0.213226 0.140490 0.048537
v -0.209637 0.143628 0.043368
v -0.212081 0.138370 0.041824
v -0.199713 0.149978 -0.016251
v -0.203735 0.147669 -0.015210
v -0.202730 0.156629 -0.013256
v -0.171965 0.184811 -0.012669
v -0.199766 0.163507 -0.001237
v -0.194450 0.117117 0.032868
v -0.202735 0.121634 0.032016
v -0.195956 0.226113 -0.013507
v -0.186344 0.119295 0.036565
v -0.178459 0.126860 0.019037
v -0.181506 0.141881 0.043314
v -0.179071 0.143265 0.033251
v -0.208464 0.130463 0.034915
v -0.201572 0.146618 -0.024114
v -0.196557 0.144158 0.002849
v -0.208936 0.139658 0.024982
v -0.215431 0.138707 0.067199
v -0.212538 0.138506 0.078084
v -0.211265 0.141598 0.057335
v -0.206651 0.134559 -0.011393
v -0.205698 0.139961 -0.025387
v -0.216262 0.136775 0.085276
v -0.208040 0.134732 0.089470
v -0.213167 0.134142 0.056560
v -0.180328 0.164883 -0.012581
v -0.207104 0.138664 0.005089
v -0.205704 0.144154 -0.005990
v -0.205012 0.165208 -0.002510
v -0.202581 0.177425 -0.014557
v -0.201993 0.167617 -0.015070
v -0.201983 0.234957 -0.010827
v -0.210360 0.139699 0.067463
v -0.194564 0.159550 -0.014138
v -0.198930 0.151976 -0.002644
v -0.199166 0.146666 -0.030780
v -0.202751 0.200659 -0.005325
v -0.198594 0.219358 -0.000776
v -0.206158 0.138559 0.075396
v -0.202397 0.142691 0.057160
v -0.205151 0.153450 -0.007861
v -0.203786 0.163006 -0.008740
v -0.179728 0.185066 0.003433
v -0.192945 0.146051 -0.043286
v -0.202936 0.145153 -0.038242
v -0.172777 0.147315 0.002415
v -0.180071 0.149855 0.001599
v -0.202652 0.136706 -0.050781
v -0.203873 0.190787 -0.005252
v -0.172563 0.134319 0.009305
v -0.172395 0.128041 -0.002310
v -0.185775 0.135471 0.079453
v -0.175219 0.141203 0.008335
v -0.201093 0.143877 -0.053022
v -0.172563 0.134319 0.009305
v -0.194448 0.131680 0.096405
v -0.214292 0.132390 0.101281
v -0.215658 0.123740 0.098135
v -0.217122 0.125881 0.106100
v -0.212933 0.118200 0.108007
v -0.210084 0.127470 0.108657
v -0.214875 0.120436 0.084556
v -0.217948 0.131424 0.090229
v -0.208040 0.134732 0.089470
v -0.203644 0.128711 0.103312
v -0.202750 0.122095 0.111824
v -0.188313 0.126710 0.110277
v -0.204969 0.126157 0.107950
v -0.200711 0.126193 0.108253
v -0.194448 0.131680 0.096405
v -0.185700 0.131901 0.099398
v -0.185473 0.133585 0.089370
v -0.182146 0.124344 0.090716
v -0.185098 0.117067 0.094389
v -0.187260 0.117069 0.100687
v -0.184119 0.117067 0.084248
v -0.194123 0.117069 0.108629
v -0.188744 0.117069 0.106663
v -0.197190 0.117065 0.109242
v -0.204169 0.117065 0.109099
v -0.211493 0.117061 0.107721
v -0.212626 0.117061 0.106312
v -0.213258 0.117066 0.097029
v -0.213530 0.117063 0.088223
v -0.215147 0.117063 0.083392
v -0.186048 0.117062 0.050211
v -0.184979 0.117068 0.057014
v -0.203354 0.117064 0.052791
v -0.204446 0.117064 0.060625
v -0.183319 0.117065 0.074597
v -0.184119 0.117067 0.084248
v -0.189048 0.117062 0.042629
v -0.194447 0.117060 0.033154
v -0.212954 0.117066 0.075747
v -0.213461 0.117063 0.078561
v -0.201500 0.117064 0.043436
v -0.215147 0.117063 0.083392
v -0.209498 0.117066 0.069536
v -0.208218 0.117064 0.065299
v -0.184753 0.117065 0.061428
v -0.196455 0.117060 -0.075873
v -0.189888 0.117060 -0.062456
v -0.188530 0.117060 -0.061135
v -0.182382 0.117061 -0.069076
v -0.193437 0.117063 -0.065559
v -0.194917 0.117060 -0.071344
v -0.195930 0.117060 -0.075201
v -0.197837 0.117067 -0.092355
v -0.198362 0.117067 -0.088982
v -0.176838 0.117063 -0.083269
v -0.173614 0.117063 -0.093424
v -0.171738 0.117063 -0.102549
v -0.170587 0.117068 -0.109575
v -0.170488 0.117069 -0.112068
v -0.170304 0.117065 -0.114630
v -0.197115 0.117060 -0.079311
v -0.193501 0.117067 -0.108057
v -0.194923 0.117067 -0.100754
v 0.207126 0.117063 0.088090
v 0.206990 0.117063 0.096486
v 0.208260 0.117063 0.075894
v -0.176838 0.117063 -0.083269
v -0.177632 0.117069 -0.080346
v 0.243756 0.117061 0.041807
v 0.243952 0.117070 0.036582
v 0.242607 0.117064 0.057056
v 0.243165 0.117061 0.048641
v 0.244679 0.117062 0.029211
v -0.179150 0.117061 -0.076525
v 0.221792 0.117061 0.118511
v 0.212424 0.117060 0.119594
v 0.228193 0.117061 0.122662
v 0.226710 0.117061 0.115726
v 0.234635 0.117060 0.114780
v 0.234376 0.117060 0.113399
v 0.234761 0.117063 0.100086
v 0.235515 0.117063 0.105336
v 0.238568 0.117063 0.090295
v 0.239102 0.117063 0.084195
v 0.240842 0.117063 0.074163
v 0.241449 0.117063 0.066531
v 0.242607 0.117064 0.057056
v 0.210091 0.117060 0.115868
v 0.210740 0.117060 0.117635
v 0.208318 0.117062 0.108474
v 0.206246 0.117063 0.103289
v 0.206990 0.117063 0.096486
v 0.210530 0.117060 0.120175
v 0.217935 0.117062 -0.012230
v 0.215211 0.117060 0.002434
v 0.214885 0.117060 0.004299
v 0.209998 0.117067 0.019595
v 0.211193 0.117060 0.015735
v 0.247853 0.117067 -0.025974
v 0.247769 0.117069 -0.028434
v 0.246684 0.117062 0.003769
v 0.245516 0.117062 0.012113
v 0.247545 0.117067 -0.007846
v 0.209681 0.117060 0.053792
v 0.209745 0.117061 0.039162
v 0.205307 0.117063 0.032150
v 0.244679 0.117062 0.029211
v 0.245136 0.117062 0.017445
v 0.209366 0.117060 0.055986
v 0.208260 0.117063 0.075894
v -0.193009 0.117063 -0.113759
v -0.193501 0.117067 -0.108057
v -0.193723 0.117063 -0.119833
v -0.176615 0.117062 -0.126532
v -0.171448 0.117062 -0.125772
v -0.184556 0.117067 -0.127096
v -0.192645 0.117067 -0.125763
v -0.182010 0.117069 -0.126905
v -0.171622 0.117062 -0.120121
v -0.170304 0.117065 -0.114630
v 0.217935 0.117062 -0.012230
v 0.218327 0.117062 -0.017262
v 0.252973 0.117061 -0.067468
v 0.251707 0.117061 -0.074969
v 0.251488 0.117064 -0.061922
v 0.248562 0.117065 -0.031056
v 0.250671 0.117065 -0.045313
v 0.250030 0.117064 -0.047415
v 0.252811 0.117064 -0.058839
v 0.248187 0.117066 -0.029555
v 0.247769 0.117069 -0.028434
v 0.220727 0.117066 -0.035438
v 0.218327 0.117062 -0.017262
v 0.239541 0.117060 -0.078865
v 0.234557 0.117060 -0.078666
v 0.228786 0.117063 -0.077124
v 0.223902 0.117063 -0.065700
v 0.251707 0.117061 -0.074969
v 0.248167 0.117061 -0.085929
v 0.219911 0.117066 -0.044386
v 0.219342 0.117061 -0.055944
v 0.219416 0.117061 -0.061281
vt 0.410890 0.137903
vt 0.413569 0.135965
vt 0.417278 0.138438
vt 0.414117 0.144180
vt 0.425856 0.140023
vt 0.411413 0.133626
vt 0.412898 0.134605
vt 0.410467 0.134336
vt 0.421304 0.137019
vt 0.402779 0.135439
vt 0.407137 0.135865
vt 0.402309 0.139821
vt 0.405021 0.134582
vt 0.401985 0.133895
vt 0.395611 0.148682
vt 0.404666 0.132559
vt 0.405740 0.132908
vt 0.423030 0.135945
vt 0.426288 0.136850
vt 0.417259 0.135761
vt 0.420670 0.135325
vt 0.406910 0.134326
vt 0.404847 0.131945
vt 0.408209 0.132410
vt 0.414749 0.134838
vt 0.402242 0.132063
vt 0.424613 0.135219
vt 0.427955 0.135278
vt 0.406300 0.109096
vt 0.406028 0.120724
vt 0.392271 0.122829
vt 0.416488 0.121724
vt 0.435683 0.098834
vt 0.424761 0.111072
vt 0.428912 0.083926
vt 0.401964 0.124021
vt 0.407877 0.124983
vt 0.430539 0.121906
vt 0.424987 0.121720
vt 0.425991 0.127030
vt 0.419535 0.129353
vt 0.415035 0.133813
vt 0.422917 0.132872
vt 0.425506 0.133023
vt 0.424479 0.134110
vt 0.422480 0.134591
vt 0.432968 0.112708
vt 0.419387 0.133973
vt 0.417474 0.132636
vt 0.419826 0.132259
vt 0.438215 0.107657
vt 0.436089 0.117278
vt 0.436142 0.123967
vt 0.428053 0.133055
vt 0.411792 0.131434
vt 0.415178 0.131900
vt 0.414376 0.130231
vt 0.425329 0.131315
vt 0.430158 0.131283
vt 0.428519 0.129863
vt 0.435042 0.130567
vt 0.440547 0.126786
vt 0.439361 0.119897
vt 0.432151 0.146356
vt 0.415472 0.155956
vt 0.452466 0.115282
vt 0.450021 0.119475
vt 0.449346 0.116878
vt 0.448160 0.119826
vt 0.446753 0.118069
vt 0.453726 0.121268
vt 0.456280 0.116199
vt 0.447910 0.115151
vt 0.449195 0.115643
vt 0.447999 0.113443
vt 0.452515 0.112198
vt 0.443674 0.113487
vt 0.445288 0.111050
vt 0.445505 0.115413
vt 0.402708 0.163355
vt 0.421885 0.131792
vt 0.399796 0.130576
vt 0.403053 0.130767
vt 0.407045 0.130685
vt 0.400989 0.129068
vt 0.403839 0.129225
vt 0.442881 0.118359
vt 0.407071 0.128324
vt 0.412639 0.127683
vt 0.410399 0.130131
vt 0.448241 0.123404
vt 0.445045 0.126776
vt 0.445266 0.122186
vt 0.400701 0.127223
vt 0.441504 0.111403
vt 0.417182 0.131109
vt 0.447548 0.120572
vt 0.443910 0.094774
vt 0.448153 0.102123
vt 0.448216 0.109147
vt 0.407450 0.081721
vt 0.376682 0.118275
vt 0.365414 0.094929
vt 0.210027 0.749957
vt 0.211801 0.748778
vt 0.213041 0.751161
vt 0.201000 0.746966
vt 0.203339 0.753798
vt 0.194033 0.752513
vt 0.125239 0.741628
vt 0.124885 0.737594
vt 0.127733 0.737738
vt 0.122379 0.738441
vt 0.164326 0.749592
vt 0.181031 0.762713
vt 0.163793 0.769096
vt 0.125435 0.734080
vt 0.127873 0.734686
vt 0.121786 0.742840
vt 0.123241 0.746018
vt 0.120041 0.733434
vt 0.123280 0.735201
vt 0.125937 0.747919
vt 0.127515 0.731197
vt 0.131465 0.735337
vt 0.149390 0.748972
vt 0.140950 0.744387
vt 0.145969 0.726292
vt 0.116167 0.723503
vt 0.114341 0.720436
vt 0.119992 0.720484
vt 0.124897 0.726236
vt 0.119055 0.726941
vt 0.113522 0.726407
vt 0.170287 0.776438
vt 0.154295 0.786999
vt 0.133445 0.727875
vt 0.130237 0.755962
vt 0.146533 0.765808
vt 0.127912 0.774546
vt 0.109561 0.722025
vt 0.188512 0.768993
vt 0.197909 0.763190
vt 0.133704 0.741933
vt 0.130440 0.739428
vt 0.181816 0.775153
vt 0.171369 0.787179
vt 0.128745 0.743423
vt 0.115944 0.735165
vt 0.119046 0.739946
vt 0.120434 0.746539
vt 0.117785 0.751753
vt 0.158137 0.796617
vt 0.123123 0.729869
vt 0.150124 0.813298
vt 0.137590 0.735098
vt 0.115465 0.715918
vt 0.125518 0.721259
vt 0.127611 0.705654
vt 0.141783 0.754210
vt 0.137465 0.787265
vt 0.187283 0.776695
vt 0.184298 0.785965
vt 0.140576 0.802599
vt 0.119932 0.791660
vt 0.107611 0.802836
vt 0.127527 0.804992
vt 0.105711 0.717040
vt 0.114656 0.761531
vt 0.119350 0.772057
vt 0.116197 0.730718
vt 0.135392 0.822358
vt 0.120757 0.821391
vt 0.110308 0.818894
vt 0.203040 0.744246
vt 0.203623 0.746689
vt 0.113345 0.713196
vt 0.207545 0.750856
vt 0.206361 0.748671
vt 0.207977 0.753295
vt 0.204148 0.748570
vt 0.202950 0.740932
vt 0.205745 0.743926
vt 0.118528 0.779171
vt 0.126830 0.774381
vt 0.208743 0.747404
vt 0.123011 0.732524
vt 0.124445 0.731542
vt 0.184048 0.745860
vt 0.109013 0.790052
vt 0.129949 0.724735
vt 0.105942 0.707863
vt 0.206099 0.741497
vt 0.204152 0.739054
vt 0.206787 0.740330
vt 0.203624 0.739607
vt 0.187728 0.790483
vt 0.157200 0.821143
vt 0.164831 0.801934
vt 0.164709 0.715966
vt 0.169426 0.719946
vt 0.156940 0.716862
vt 0.204564 0.738144
vt 0.206257 0.738537
vt 0.167610 0.715032
vt 0.162984 0.712323
vt 0.205149 0.737411
vt 0.206897 0.737621
vt 0.205878 0.736148
vt 0.204379 0.736230
vt 0.201316 0.736698
vt 0.169806 0.725141
vt 0.194236 0.743793
vt 0.174535 0.739292
vt 0.175310 0.730807
vt 0.182160 0.735715
vt 0.204852 0.803850
vt 0.182405 0.806902
vt 0.191090 0.735698
vt 0.185493 0.731202
vt 0.180553 0.728647
vt 0.165126 0.732135
vt 0.199781 0.737792
vt 0.201856 0.738386
vt 0.197926 0.738608
vt 0.199869 0.740782
vt 0.195819 0.739546
vt 0.200528 0.738954
vt 0.199086 0.742715
vt 0.177648 0.721543
vt 0.719998 0.970116
vt 0.718235 0.967552
vt 0.720801 0.969775
vt 0.721497 0.973242
vt 0.718159 0.986123
vt 0.719157 0.983405
vt 0.718917 0.985257
vt 0.720539 0.981084
vt 0.720962 0.986055
vt 0.724250 0.980885
vt 0.722318 0.976491
vt 0.721007 0.976585
vt 0.719693 0.971447
vt 0.718302 0.968892
vt 0.726503 0.975622
vt 0.723572 0.972908
vt 0.723526 0.969819
vt 0.726631 0.972003
vt 0.729585 0.971383
vt 0.729048 0.973142
vt 0.726544 0.968559
vt 0.730549 0.967318
vt 0.729304 0.970015
vt 0.720812 0.967846
vt 0.872871 0.077114
vt 0.825870 0.109064
vt 0.830189 0.105114
vt 0.832360 0.106959
vt 0.868003 0.073456
vt 0.866837 0.080030
vt 0.873776 0.081770
vt 0.873053 0.072294
vt 0.878281 0.072667
vt 0.864764 0.066598
vt 0.832754 0.103138
vt 0.835293 0.102163
vt 0.836011 0.103988
vt 0.836196 0.105456
vt 0.849245 0.102322
vt 0.856439 0.102759
vt 0.850577 0.105218
vt 0.845298 0.105438
vt 0.853321 0.098179
vt 0.880350 0.094977
vt 0.871511 0.091716
vt 0.877650 0.091278
vt 0.884529 0.102937
vt 0.887863 0.097687
vt 0.893495 0.102501
vt 0.880235 0.098264
vt 0.883187 0.088286
vt 0.884262 0.093235
vt 0.871927 0.087414
vt 0.873649 0.095283
vt 0.843851 0.098719
vt 0.847234 0.099587
vt 0.841019 0.100076
vt 0.852025 0.095735
vt 0.849169 0.096580
vt 0.855407 0.092666
vt 0.841631 0.102114
vt 0.836939 0.101463
vt 0.864614 0.089323
vt 0.865158 0.085395
vt 0.862901 0.092441
vt 0.857725 0.093516
vt 0.865429 0.096683
vt 0.839433 0.105808
vt 0.859962 0.090903
vt 0.837439 0.104228
vt 0.858099 0.095395
vt 0.890961 0.109174
vt 0.886124 0.106736
vt 0.892207 0.106421
vt 0.875454 0.068599
vt 0.873668 0.061458
vt 0.873769 0.099408
vt 0.880887 0.106000
vt 0.881945 0.109064
vt 0.875015 0.105824
vt 0.863423 0.103814
vt 0.868665 0.105767
vt 0.874545 0.103399
vt 0.851381 0.718499
vt 0.850506 0.719435
vt 0.850108 0.718386
vt 0.838571 0.618878
vt 0.838722 0.615730
vt 0.839926 0.616368
vt 0.851943 0.717097
vt 0.850695 0.715842
vt 0.851590 0.715621
vt 0.837009 0.617653
vt 0.837705 0.615697
vt 0.848217 0.714089
vt 0.852483 0.711822
vt 0.849738 0.714737
vt 0.850208 0.716233
vt 0.851337 0.717261
vt 0.850502 0.717262
vt 0.852024 0.717947
vt 0.851243 0.714559
vt 0.852755 0.716928
vt 0.851549 0.718692
vt 0.826962 0.615724
vt 0.827677 0.615519
vt 0.826560 0.616609
vt 0.848443 0.717062
vt 0.849683 0.716962
vt 0.828825 0.618914
vt 0.828110 0.617362
vt 0.829351 0.617341
vt 0.824835 0.620324
vt 0.818529 0.624117
vt 0.820140 0.610640
vt 0.827808 0.621295
vt 0.826499 0.619196
vt 0.831475 0.613938
vt 0.830654 0.616538
vt 0.830050 0.614800
vt 0.830069 0.618776
vt 0.830020 0.620868
vt 0.825977 0.615555
vt 0.826861 0.614951
vt 0.836074 0.616491
vt 0.836143 0.618597
vt 0.836816 0.620436
vt 0.834868 0.614371
vt 0.836371 0.614044
vt 0.835373 0.615708
vt 0.831775 0.615358
vt 0.832719 0.612171
vt 0.832671 0.615420
vt 0.839554 0.614269
vt 0.834675 0.624898
vt 0.833618 0.623713
vt 0.835025 0.623545
vt 0.827595 0.618334
vt 0.827634 0.619493
vt 0.831425 0.618235
vt 0.842378 0.729784
vt 0.840312 0.720047
vt 0.845027 0.722424
vt 0.849132 0.718573
vt 0.848372 0.718629
vt 0.847766 0.720126
vt 0.845894 0.717718
vt 0.835235 0.620048
vt 0.848054 0.722732
vt 0.849242 0.724335
vt 0.847862 0.726108
vt 0.838397 0.614521
vt 0.837445 0.612689
vt 0.848800 0.720333
vt 0.846253 0.725309
vt 0.849705 0.719991
vt 0.852199 0.715365
vt 0.848886 0.723137
vt 0.850360 0.720760
vt 0.851210 0.723436
vt 0.849972 0.722660
vt 0.849145 0.726725
vt 0.849062 0.715827
vt 0.828543 0.615046
vt 0.833841 0.616609
vt 0.834777 0.617099
vt 0.831914 0.666500
vt 0.842909 0.653967
vt 0.846575 0.677534
vt 0.833570 0.615670
vt 0.846432 0.708073
vt 0.832256 0.620304
vt 0.839620 0.620560
vt 0.837585 0.620973
vt 0.851377 0.720673
vt 0.853028 0.722574
vt 0.852780 0.720111
vt 0.852542 0.725602
vt 0.852764 0.729784
vt 0.851671 0.727325
vt 0.836291 0.623178
vt 0.854264 0.725889
vt 0.857936 0.729019
vt 0.839363 0.612850
vt 0.850354 0.725716
vt 0.855357 0.721896
vt 0.834125 0.620753
vt 0.833610 0.622503
vt 0.832291 0.622263
vt 0.853042 0.719907
vt 0.853681 0.719308
vt 0.853172 0.718157
vt 0.854885 0.719578
vt 0.833562 0.619317
vt 0.830805 0.612694
vt 0.832301 0.611591
vt 0.833773 0.611341
vt 0.828093 0.613144
vt 0.829700 0.612227
vt 0.825549 0.618791
vt 0.833380 0.714748
vt 0.814289 0.729784
vt 0.826598 0.703372
vt 0.835087 0.618536
vt 0.832778 0.616931
vt 0.829847 0.626074
vt 0.837698 0.622724
vt 0.834808 0.621984
vt 0.835611 0.622514
vt 0.776849 0.601503
vt 0.801704 0.601503
vt 0.807775 0.632899
vt 0.827062 0.614319
vt 0.834809 0.608620
vt 0.840375 0.610995
vt 0.853531 0.605889
vt 0.832539 0.618265
vt 0.791576 0.721942
vt 0.811816 0.692224
vt 0.738218 0.640975
vt 0.762891 0.621390
vt 0.765112 0.662304
vt 0.759888 0.682668
vt 0.837041 0.624616
vt 0.828435 0.611197
vt 0.828280 0.610205
vt 0.841388 0.617751
vt 0.841132 0.619156
vt 0.842351 0.613102
vt 0.846280 0.638539
vt 0.857806 0.645011
vt 0.841618 0.622580
vt 0.841261 0.623713
vt 0.840112 0.624382
vt 0.839243 0.624075
vt 0.838227 0.625714
vt 0.838656 0.623341
vt 0.840091 0.622604
vt 0.830287 0.637647
vt 0.821976 0.654512
vt 0.841282 0.702307
vt 0.841394 0.630242
vt 0.857936 0.625475
vt 0.841101 0.620587
vt 0.841508 0.625154
vt 0.843791 0.626634
vt 0.835859 0.628542
vt 0.831625 0.729784
vt 0.829962 0.610213
vt 0.857936 0.684687
vt 0.833066 0.683625
vt 0.841941 0.622896
vt 0.857936 0.662788
vt 0.804233 0.653371
vt 0.817125 0.672768
vt 0.787400 0.649414
vt 0.789591 0.632748
vt 0.797004 0.673596
vt 0.769922 0.729784
vt 0.738829 0.729784
vt 0.748215 0.716771
vt 0.794750 0.693424
vt 0.779010 0.658233
vt 0.783064 0.680171
vt 0.771181 0.637602
vt 0.746472 0.692989
vt 0.786461 0.714272
vt 0.737612 0.709117
vt 0.738517 0.671644
vt 0.838192 0.601503
vt 0.854068 0.684486
vt 0.857936 0.679208
vt 0.854510 0.721307
vt 0.833997 0.610507
vt 0.833578 0.609207
vt 0.116425 0.371866
vt 0.094564 0.388998
vt 0.088864 0.370897
vt 0.103370 0.362024
vt 0.106870 0.403951
vt 0.119374 0.393606
vt 0.119374 0.431730
vt 0.089603 0.409098
vt 0.088864 0.436902
vt 0.562158 0.086482
vt 0.563708 0.087272
vt 0.564745 0.088814
vt 0.549652 0.073976
vt 0.547054 0.073376
vt 0.547687 0.070793
vt 0.545009 0.069655
vt 0.550119 0.071720
vt 0.552163 0.074911
vt 0.552189 0.079280
vt 0.552198 0.077017
vt 0.554984 0.080344
vt 0.554196 0.084529
vt 0.553661 0.081929
vt 0.556452 0.084573
vt 0.543080 0.076218
vt 0.549443 0.076792
vt 0.550269 0.081969
vt 0.552300 0.072918
vt 0.549195 0.091445
vt 0.532232 0.084842
vt 0.553344 0.087657
vt 0.560203 0.081926
vt 0.562357 0.084625
vt 0.560209 0.083751
vt 0.560298 0.085807
vt 0.560572 0.087180
vt 0.550477 0.069840
vt 0.557542 0.082227
vt 0.546227 0.067683
vt 0.543854 0.065224
vt 0.545946 0.065875
vt 0.553993 0.077389
vt 0.537318 0.056005
vt 0.539863 0.056987
vt 0.539029 0.058925
vt 0.534965 0.053726
vt 0.535957 0.052734
vt 0.552211 0.070291
vt 0.574442 0.059600
vt 0.570495 0.078771
vt 0.560969 0.069908
vt 0.563161 0.088365
vt 0.533572 0.055877
vt 0.554083 0.075869
vt 0.548276 0.068191
vt 0.547216 0.064420
vt 0.549855 0.067225
vt 0.545264 0.063547
vt 0.555038 0.074958
vt 0.555822 0.078764
vt 0.556296 0.080472
vt 0.557889 0.079737
vt 0.551307 0.066395
vt 0.549044 0.064114
vt 0.557449 0.075219
vt 0.565912 0.088305
vt 0.540523 0.064656
vt 0.532184 0.067181
vt 0.554639 0.070349
vt 0.522092 0.051514
vt 0.564397 0.082771
vt 0.569017 0.094134
vt 0.514123 0.065318
vt 0.582557 0.088372
vt 0.501763 0.086725
vt 0.549611 0.114350
vt 0.595704 0.065600
vt 0.550196 0.060499
vt 0.552021 0.048607
vt 0.560291 0.079645
vt 0.537997 0.053369
vt 0.670616 0.035866
vt 0.689493 0.068636
vt 0.670616 0.068751
vt 0.704477 0.059932
vt 0.706040 0.037920
vt 0.713196 0.047553
vt 0.716838 0.053929
vt 0.719954 0.060639
vt 0.712708 0.068722
vt 0.724068 0.057557
vt 0.725269 0.059452
vt 0.725112 0.060277
vt 0.726644 0.059260
vt 0.723287 0.059418
vt 0.691766 0.043018
vt 0.717694 0.040810
vt 0.717997 0.044895
vt 0.727834 0.060513
vt 0.728031 0.057726
vt 0.727977 0.060572
vt 0.729742 0.061468
vt 0.727436 0.061464
vt 0.717029 0.035112
vt 0.717459 0.048583
vt 0.156145 0.335283
vt 0.170468 0.342739
vt 0.149835 0.354437
vt 0.164503 0.308839
vt 0.166227 0.307360
vt 0.170064 0.307973
vt 0.160900 0.307912
vt 0.162027 0.306413
vt 0.158358 0.382336
vt 0.170850 0.370581
vt 0.175167 0.387150
vt 0.190846 0.346669
vt 0.175262 0.357351
vt 0.166577 0.325583
vt 0.165330 0.330722
vt 0.162399 0.323489
vt 0.190718 0.372992
vt 0.164896 0.315596
vt 0.161184 0.315805
vt 0.160807 0.312213
vt 0.161045 0.302790
vt 0.153560 0.301450
vt 0.162717 0.291481
vt 0.169190 0.302091
vt 0.167075 0.298041
vt 0.170824 0.298516
vt 0.165661 0.292385
vt 0.164240 0.297063
vt 0.154501 0.280967
vt 0.165450 0.295585
vt 0.183442 0.312175
vt 0.188507 0.307652
vt 0.191229 0.321902
vt 0.155577 0.400537
vt 0.166790 0.321333
vt 0.174557 0.327426
vt 0.157956 0.308864
vt 0.163802 0.306021
vt 0.174794 0.317594
vt 0.191229 0.393922
vt 0.174795 0.400537
vt 0.179025 0.313817
vt 0.165789 0.302137
vt 0.157265 0.305018
vt 0.158907 0.314917
vt 0.156737 0.311935
vt 0.159080 0.327974
vt 0.162665 0.319329
vt 0.177179 0.309143
vt 0.180817 0.307025
vt 0.175256 0.302986
vt 0.160294 0.320795
vt 0.159378 0.318189
vt 0.145174 0.399540
vt 0.145174 0.383310
vt 0.170637 0.319931
vt 0.968228 0.184272
vt 0.974274 0.187952
vt 0.967999 0.188819
vt 0.964427 0.183572
vt 0.979991 0.199987
vt 0.982120 0.192406
vt 0.985119 0.197654
vt 0.976335 0.193904
vt 0.973004 0.197078
vt 0.971996 0.192193
vt 0.979285 0.187101
vt 0.989800 0.197377
vt 0.747018 0.285098
vt 0.744014 0.286456
vt 0.739601 0.285575
vt 0.739498 0.290037
vt 0.736005 0.288091
vt 0.740845 0.287859
vt 0.748639 0.287885
vt 0.745481 0.288596
vt 0.749876 0.331166
vt 0.771275 0.307333
vt 0.784988 0.317196
vt 0.715123 0.287664
vt 0.718906 0.287985
vt 0.715328 0.289576
vt 0.773085 0.291037
vt 0.778731 0.291581
vt 0.772298 0.295794
vt 0.757327 0.290496
vt 0.760759 0.291448
vt 0.755862 0.291764
vt 0.760550 0.290009
vt 0.750306 0.290090
vt 0.753175 0.289500
vt 0.768771 0.291959
vt 0.750622 0.295585
vt 0.778190 0.288298
vt 0.770652 0.286624
vt 0.776407 0.285669
vt 0.784222 0.290090
vt 0.783360 0.286559
vt 0.778558 0.282150
vt 0.788972 0.288455
vt 0.787100 0.277513
vt 0.786522 0.283722
vt 0.788852 0.286492
vt 0.778991 0.244774
vt 0.751646 0.258346
vt 0.751535 0.230315
vt 0.781317 0.262497
vt 0.767263 0.274415
vt 0.751082 0.272114
vt 0.754889 0.276783
vt 0.761056 0.278953
vt 0.761532 0.299829
vt 0.765459 0.294070
vt 0.764344 0.292085
vt 0.736606 0.290201
vt 0.784050 0.256553
vt 0.701276 0.287138
vt 0.704286 0.287560
vt 0.702961 0.289123
vt 0.741154 0.312255
vt 0.760234 0.293763
vt 0.764191 0.290918
vt 0.760118 0.287901
vt 0.767611 0.289224
vt 0.752568 0.287257
vt 0.756459 0.289294
vt 0.713555 0.293803
vt 0.710758 0.288721
vt 0.802110 0.251015
vt 0.789781 0.258720
vt 0.805080 0.273338
vt 0.784653 0.258712
vt 0.819826 0.262385
vt 0.735975 0.286829
vt 0.744011 0.290704
vt 0.748058 0.291016
vt 0.750936 0.285251
vt 0.754194 0.285472
vt 0.737543 0.298059
vt 0.719196 0.290083
vt 0.722971 0.287300
vt 0.721425 0.288674
vt 0.728277 0.277523
vt 0.724153 0.267443
vt 0.739264 0.272569
vt 0.794422 0.230679
vt 0.819826 0.230315
vt 0.802631 0.283490
vt 0.716197 0.283736
vt 0.716414 0.285392
vt 0.707300 0.284542
vt 0.721446 0.286681
vt 0.718260 0.286536
vt 0.721336 0.285769
vt 0.702504 0.286887
vt 0.734665 0.283316
vt 0.724974 0.284245
vt 0.729334 0.281824
vt 0.703789 0.286437
vt 0.731428 0.287884
vt 0.698209 0.286346
vt 0.700460 0.286783
vt 0.729132 0.286798
vt 0.725007 0.286412
vt 0.731754 0.285748
vt 0.706890 0.289093
vt 0.706524 0.291030
vt 0.731609 0.292542
vt 0.728124 0.306086
vt 0.706802 0.288037
vt 0.707612 0.286572
vt 0.727134 0.289459
vt 0.724235 0.288280
vt 0.726774 0.287646
vt 0.723035 0.289326
vt 0.734004 0.281096
vt 0.739084 0.281283
vt 0.723609 0.293060
vt 0.711540 0.286093
vt 0.714367 0.286571
vt 0.797243 0.294642
vt 0.795149 0.292572
vt 0.800565 0.293783
vt 0.794050 0.289937
vt 0.800806 0.291412
vt 0.744105 0.282940
vt 0.712630 0.238990
vt 0.819826 0.311376
vt 0.803490 0.331210
vt 0.802474 0.289349
vt 0.799654 0.287050
vt 0.804959 0.287558
vt 0.708951 0.292783
vt 0.800285 0.295451
vt 0.797522 0.288782
vt 0.758304 0.284587
vt 0.722726 0.282071
vt 0.721254 0.286970
vt 0.774104 0.289348
vt 0.789501 0.290837
vt 0.784423 0.295719
vt 0.790766 0.292923
vt 0.792926 0.295082
vt 0.795614 0.302315
vt 0.797559 0.296818
vt 0.801751 0.298069
vt 0.717860 0.295290
vt 0.721440 0.298116
vt 0.792475 0.287931
vt 0.793432 0.284940
vt 0.737898 0.279109
vt 0.745856 0.278271
vt 0.754024 0.279498
vt 0.769825 0.282181
vt 0.764999 0.280478
vt 0.765876 0.279084
vt 0.753316 0.281904
vt 0.753865 0.283970
vt 0.762359 0.282696
vt 0.767931 0.287862
vt 0.764540 0.285943
vt 0.750647 0.283962
vt 0.757504 0.280320
vt 0.065882 0.201820
vt 0.063269 0.205843
vt 0.061362 0.203731
vt 0.063180 0.202823
vt 0.059935 0.205481
vt 0.063984 0.203780
vt 0.070741 0.203004
vt 0.066259 0.205217
vt 0.075479 0.198957
vt 0.047694 0.191549
vt 0.537049 0.372237
vt 0.538548 0.371805
vt 0.539557 0.374084
vt 0.544148 0.388502
vt 0.545364 0.403575
vt 0.532212 0.397872
vt 0.510497 0.403450
vt 0.510350 0.400990
vt 0.512195 0.402693
vt 0.513843 0.403201
vt 0.513267 0.399746
vt 0.516329 0.401468
vt 0.535160 0.386222
vt 0.538182 0.379608
vt 0.508082 0.402193
vt 0.506558 0.407629
vt 0.509600 0.410687
vt 0.505966 0.411796
vt 0.537418 0.369955
vt 0.512961 0.382462
vt 0.514806 0.380927
vt 0.515443 0.384927
vt 0.501288 0.410921
vt 0.502264 0.407985
vt 0.512006 0.412445
vt 0.507458 0.414350
vt 0.524881 0.396612
vt 0.522398 0.402548
vt 0.519983 0.398868
vt 0.504712 0.393112
vt 0.507386 0.396039
vt 0.502670 0.397953
vt 0.509753 0.417817
vt 0.516881 0.408681
vt 0.524038 0.392199
vt 0.525471 0.389435
vt 0.527320 0.392157
vt 0.532119 0.377331
vt 0.529256 0.379428
vt 0.529437 0.374367
vt 0.522764 0.385824
vt 0.523409 0.389727
vt 0.519720 0.390862
vt 0.553899 0.381486
vt 0.558771 0.398312
vt 0.536473 0.375615
vt 0.534834 0.372601
vt 0.533588 0.375280
vt 0.517412 0.382710
vt 0.531897 0.372857
vt 0.531907 0.370259
vt 0.533315 0.381292
vt 0.529008 0.386187
vt 0.518766 0.387140
vt 0.518874 0.384266
vt 0.562041 0.381575
vt 0.515987 0.406004
vt 0.514342 0.405550
vt 0.516323 0.388859
vt 0.510072 0.398285
vt 0.507984 0.399571
vt 0.512032 0.395744
vt 0.510264 0.392223
vt 0.514116 0.391580
vt 0.505698 0.399754
vt 0.510480 0.389717
vt 0.512260 0.380304
vt 0.510361 0.370787
vt 0.525045 0.380329
vt 0.526332 0.376723
vt 0.534890 0.369394
vt 0.512557 0.387997
vt 0.509163 0.394140
vt 0.529805 0.371051
vt 0.511374 0.408135
vt 0.508737 0.405133
vt 0.511863 0.404852
vt 0.497691 0.408153
vt 0.504993 0.403354
vt 0.525816 0.369560
vt 0.616807 0.378616
vt 0.607231 0.388569
vt 0.603158 0.384860
vt 0.500709 0.404005
vt 0.503382 0.405727
vt 0.511918 0.385079
vt 0.508479 0.387638
vt 0.524406 0.373500
vt 0.522964 0.376825
vt 0.509747 0.383413
vt 0.519145 0.380044
vt 0.507115 0.391955
vt 0.522724 0.412000
vt 0.508250 0.390270
vt 0.506141 0.389858
vt 0.492734 0.404214
vt 0.499979 0.387995
vt 0.504990 0.390862
vt 0.519951 0.375068
vt 0.520344 0.371161
vt 0.535226 0.414922
vt 0.539422 0.370231
vt 0.542062 0.367990
vt 0.544351 0.375150
vt 0.577009 0.404737
vt 0.587355 0.399990
vt 0.585894 0.411699
vt 0.477171 0.402720
vt 0.596777 0.395846
vt 0.597855 0.406891
vt 0.534765 0.377937
vt 0.484710 0.373007
vt 0.513867 0.431722
vt 0.518315 0.403723
vt 0.461807 0.396907
vt 0.459791 0.375188
vt 0.513202 0.409331
vt 0.570399 0.424357
vt 0.551386 0.419275
vt 0.610127 0.395059
vt 0.626420 0.382277
vt 0.625348 0.393717
vt 0.549552 0.368014
vt 0.620450 0.382843
vt 0.576231 0.383153
vt 0.589530 0.373074
vt 0.597112 0.375431
vt 0.556431 0.374655
vt 0.562353 0.380437
vt 0.588127 0.391474
vt 0.548948 0.440540
vt 0.594999 0.382760
vt 0.615162 0.367709
vt 0.515627 0.398065
vt 0.521436 0.394899
vt 0.517487 0.398429
vt 0.535064 0.433824
vt 0.586241 0.444008
vt 0.517420 0.395252
vt 0.583090 0.369283
vt 0.553860 0.546632
vt 0.551603 0.545579
vt 0.550971 0.544324
vt 0.553943 0.544889
vt 0.555117 0.545992
vt 0.556729 0.545860
vt 0.560750 0.548137
vt 0.557332 0.548188
vt 0.559109 0.545389
vt 0.557830 0.543141
vt 0.555474 0.544006
vt 0.562318 0.546313
vt 0.563039 0.544272
vt 0.192225 0.914485
vt 0.172373 0.902979
vt 0.192594 0.899534
vt 0.154303 0.904276
vt 0.165713 0.919754
vt 0.192594 0.882111
vt 0.190282 0.882139
vt 0.191111 0.881434
vt 0.176879 0.887453
vt 0.168110 0.891544
vt 0.170263 0.884670
vt 0.177265 0.883660
vt 0.158143 0.878230
vt 0.160572 0.878926
vt 0.155951 0.879932
vt 0.139564 0.884163
vt 0.138813 0.881442
vt 0.146995 0.881211
vt 0.185375 0.878985
vt 0.180632 0.879342
vt 0.182130 0.877333
vt 0.162599 0.885667
vt 0.163839 0.881533
vt 0.130726 0.880370
vt 0.129592 0.884320
vt 0.136706 0.887210
vt 0.155405 0.878044
vt 0.148281 0.884091
vt 0.146116 0.887222
vt 0.187472 0.883765
vt 0.185579 0.887284
vt 0.183061 0.882061
vt 0.141993 0.880219
vt 0.158961 0.882881
vt 0.187902 0.881071
vt 0.155114 0.895919
vt 0.155372 0.888848
vt 0.129728 0.888659
vt 0.184487 0.892511
vt 0.143780 0.879264
vt 0.164367 0.878717
vt 0.171216 0.880392
vt 0.129483 0.894091
vt 0.141523 0.891816
vt 0.136164 0.902149
vt 0.153533 0.882662
vt 0.177872 0.880968
vt 0.143992 0.909882
vt 0.150390 0.878434
vt 0.154857 0.885143
vt 0.192594 0.862219
vt 0.168170 0.858175
vt 0.190942 0.843940
vt 0.167972 0.877735
vt 0.166810 0.876061
vt 0.170461 0.876538
vt 0.137955 0.879757
vt 0.133447 0.878113
vt 0.144544 0.875285
vt 0.139657 0.877015
vt 0.137033 0.875314
vt 0.172034 0.873795
vt 0.174248 0.876696
vt 0.181957 0.869893
vt 0.168980 0.869173
vt 0.176028 0.879086
vt 0.162847 0.876945
vt 0.141973 0.878164
vt 0.142862 0.877635
vt 0.145220 0.877598
vt 0.146813 0.862885
vt 0.133060 0.851880
vt 0.177832 0.874792
vt 0.161976 0.843939
vt 0.155396 0.870969
vt 0.136307 0.870810
vt 0.138556 0.878126
vt 0.164675 0.873678
vt 0.157928 0.876884
vt 0.160773 0.877939
vt 0.153735 0.876592
vt 0.156511 0.875073
vt 0.133518 0.835426
vt 0.182413 0.829816
vt 0.146313 0.825332
vt 0.147564 0.877347
vt 0.149128 0.876598
vt 0.160244 0.875163
vt 0.138283 0.859826
vt 0.129483 0.860970
vt 0.131894 0.874841
vt 0.186981 0.874854
vt 0.182260 0.875321
vt 0.136072 0.877204
vt 0.133751 0.876570
vt 0.135135 0.917407
vt 0.159455 0.942895
vt 0.151908 0.874990
vt 0.136296 0.876271
vt 0.172746 0.878199
vt 0.192594 0.942895
vt 0.189906 0.880082
vt 0.192583 0.882486
vt 0.184049 0.877011
vt 0.178119 0.877346
vt 0.187955 0.877981
vt 0.154208 0.874690
vt 0.163401 0.875665
vt 0.129483 0.928480
vt 0.129483 0.942895
vt 0.104755 0.351342
vt 0.101425 0.352495
vt 0.101802 0.350472
vt 0.093703 0.344413
vt 0.090356 0.325181
vt 0.099839 0.332007
vt 0.105918 0.348035
vt 0.100896 0.347025
vt 0.108619 0.342533
vt 0.108064 0.350868
vt 0.101530 0.342085
vt 0.086193 0.360820
vt 0.085162 0.356411
vt 0.089207 0.357617
vt 0.097626 0.351107
vt 0.088719 0.353189
vt 0.092854 0.351776
vt 0.093885 0.356712
vt 0.104590 0.338516
vt 0.106027 0.353569
vt 0.111572 0.352842
vt 0.099543 0.354419
vt 0.099112 0.357388
vt 0.071793 0.318335
vt 0.084605 0.303752
vt 0.092398 0.309708
vt 0.107053 0.359471
vt 0.104409 0.356205
vt 0.113643 0.358994
vt 0.102547 0.358524
vt 0.081491 0.358087
vt 0.081828 0.362146
vt 0.079758 0.361311
vt 0.077958 0.362580
vt 0.078705 0.364851
vt 0.078324 0.365097
vt 0.079009 0.360255
vt 0.080894 0.371862
vt 0.077518 0.365586
vt 0.082029 0.346404
vt 0.069212 0.307877
vt 0.069260 0.336681
vt 0.072032 0.352002
vt 0.079018 0.378713
vt 0.068577 0.384403
vt 0.073699 0.361848
vt 0.061589 0.358322
vt 0.060963 0.355987
vt 0.072030 0.357276
vt 0.078048 0.358535
vt 0.053746 0.329045
vt 0.054883 0.311716
vt 0.113411 0.347381
vt 0.118677 0.353361
vt 0.243680 0.385366
vt 0.244736 0.386272
vt 0.240053 0.388156
vt 0.301531 0.384192
vt 0.326161 0.387747
vt 0.303552 0.400307
vt 0.242022 0.391984
vt 0.237744 0.395671
vt 0.238296 0.393212
vt 0.233236 0.387197
vt 0.229540 0.385003
vt 0.231291 0.384288
vt 0.240936 0.397779
vt 0.243343 0.394213
vt 0.245766 0.396479
vt 0.244009 0.379278
vt 0.356650 0.371457
vt 0.375693 0.366954
vt 0.375693 0.409993
vt 0.213874 0.414301
vt 0.236625 0.388290
vt 0.236915 0.380898
vt 0.280977 0.367090
vt 0.304320 0.367052
vt 0.333979 0.367164
vt 0.283944 0.396889
vt 0.248839 0.366954
vt 0.247474 0.386286
vt 0.236535 0.393319
vt 0.231992 0.388965
vt 0.244675 0.400954
vt 0.241032 0.400063
vt 0.247167 0.399083
vt 0.223802 0.381976
vt 0.224876 0.387069
vt 0.221204 0.379789
vt 0.233772 0.394007
vt 0.349206 0.394505
vt 0.239253 0.391879
vt 0.249522 0.392101
vt 0.227739 0.379036
vt 0.320960 0.401664
vt 0.336612 0.401232
vt 0.330839 0.407992
vt 0.324881 0.408040
vt 0.330017 0.407369
vt 0.226452 0.383989
vt 0.229305 0.381352
vt 0.268490 0.383554
vt 0.263565 0.406675
vt 0.254267 0.394562
vt 0.320856 0.407711
vt 0.230944 0.389635
vt 0.236148 0.404662
vt 0.238944 0.405162
vt 0.250079 0.400430
vt 0.244560 0.401849
vt 0.242694 0.401648
vt 0.246956 0.402897
vt 0.226905 0.378364
vt 0.252728 0.405558
vt 0.309908 0.410149
vt 0.274521 0.416785
vt 0.294455 0.416982
vt 0.212847 0.421830
vt 0.224212 0.380763
vt 0.223649 0.373273
vt 0.255163 0.379519
vt 0.263116 0.374607
vt 0.209367 0.427111
vt 0.334373 0.407867
vt 0.234376 0.410182
vt 0.331132 0.405823
vt 0.210593 0.419715
vt 0.317295 0.408715
vt 0.221268 0.377588
vt 0.219463 0.366954
vt 0.028062 0.574420
vt 0.032352 0.580497
vt 0.028735 0.578070
vt 0.016425 0.564492
vt 0.017351 0.562506
vt 0.019183 0.566175
vt 0.032071 0.575488
vt 0.027238 0.578933
vt 0.029288 0.579681
vt 0.024893 0.575881
vt 0.031230 0.581788
vt 0.020694 0.573698
vt 0.029965 0.588143
vt 0.034328 0.584926
vt 0.042529 0.590581
vt 0.017820 0.554398
vt 0.016977 0.558493
vt 0.014607 0.556404
vt 0.027329 0.582644
vt 0.019156 0.577275
vt 0.022723 0.555827
vt 0.026606 0.553995
vt 0.027065 0.557481
vt 0.020326 0.555926
vt 0.020427 0.563236
vt 0.022272 0.552671
vt 0.025702 0.549940
vt 0.030517 0.582064
vt 0.043788 0.559089
vt 0.013117 0.561513
vt 0.015190 0.561234
vt 0.017737 0.586225
vt 0.025939 0.568205
vt 0.039365 0.573464
vt 0.009815 0.572504
vt 0.041953 0.584715
vt 0.016989 0.571417
vt 0.031603 0.549581
vt 0.032105 0.543213
vt 0.039577 0.544969
vt 0.019715 0.553546
vt 0.020929 0.551471
vt 0.010697 0.566427
vt 0.024230 0.548714
vt 0.028190 0.546383
vt 0.052223 0.587056
vt 0.026736 0.545398
vt 0.023826 0.547107
vt 0.025466 0.561473
vt 0.060279 0.580827
vt 0.012595 0.556210
vt 0.014851 0.553247
vt 0.016429 0.553330
vt 0.019055 0.550666
vt 0.022334 0.571926
vt 0.023959 0.570841
vt 0.023743 0.573270
vt 0.016264 0.567977
vt 0.026766 0.571297
vt 0.021075 0.569646
vt 0.021384 0.567265
vt 0.016996 0.550505
vt 0.022057 0.572966
vt 0.018057 0.567712
vt 0.019945 0.570066
vt 0.011896 0.551036
vt 0.018040 0.547489
vt 0.021783 0.546501
vt 0.018750 0.570369
vt 0.015287 0.550833
vt 0.025908 0.574791
vt 0.067859 0.041806
vt 0.070416 0.042652
vt 0.069045 0.046166
vt 0.044448 0.034946
vt 0.041577 0.034267
vt 0.043580 0.032683
vt 0.059497 0.041233
vt 0.058789 0.038044
vt 0.061926 0.039472
vt 0.065343 0.040676
vt 0.065314 0.043466
vt 0.063226 0.041951
vt 0.061094 0.029148
vt 0.057321 0.029828
vt 0.059193 0.026970
vt 0.066980 0.034145
vt 0.068255 0.036705
vt 0.064051 0.035975
vt 0.065115 0.038222
vt 0.067317 0.038952
vt 0.061048 0.037008
vt 0.060846 0.034407
vt 0.048783 0.030366
vt 0.050717 0.029331
vt 0.050139 0.031355
vt 0.056640 0.032870
vt 0.058381 0.031150
vt 0.058242 0.032414
vt 0.045666 0.046538
vt 0.051229 0.040347
vt 0.055331 0.043502
vt 0.056151 0.036674
vt 0.047568 0.029527
vt 0.049097 0.028021
vt 0.038101 0.036225
vt 0.047821 0.037437
vt 0.052186 0.030611
vt 0.050622 0.033431
vt 0.058796 0.058067
vt 0.060574 0.043552
vt 0.061485 0.042129
vt 0.062755 0.043867
vt 0.062801 0.047280
vt 0.067374 0.032028
vt 0.070872 0.033057
vt 0.077487 0.036635
vt 0.074795 0.038745
vt 0.072593 0.037682
vt 0.053841 0.033626
vt 0.056071 0.026746
vt 0.052437 0.027607
vt 0.057914 0.034758
vt 0.059129 0.033344
vt 0.048685 0.072859
vt 0.023551 0.073152
vt 0.023551 0.040795
vt 0.069833 0.039609
vt 0.052451 0.024480
vt 0.064683 0.032884
vt 0.047251 0.032588
vt 0.078009 0.024315
vt 0.054076 0.037880
vt 0.072798 0.041308
vt 0.050761 0.026867
vt 0.066867 0.054725
vt 0.062327 0.031242
vt 0.059839 0.031865
vt 0.051939 0.036651
vt 0.067614 0.049855
vt 0.051481 0.035021
vt 0.062489 0.024726
vt 0.071417 0.044298
vt 0.066719 0.029431
vt 0.487625 0.288400
vt 0.511053 0.283364
vt 0.496745 0.294882
vt 0.488758 0.321012
vt 0.521967 0.303970
vt 0.517028 0.320572
vt 0.529619 0.319573
vt 0.487625 0.263025
vt 0.510564 0.263025
vt 0.600202 0.288032
vt 0.594421 0.283896
vt 0.607284 0.286460
vt 0.525903 0.263131
vt 0.604452 0.272444
vt 0.571100 0.297929
vt 0.570376 0.301510
vt 0.566620 0.297509
vt 0.580657 0.298438
vt 0.577526 0.298441
vt 0.579060 0.295397
vt 0.563049 0.273004
vt 0.560431 0.275522
vt 0.559150 0.270915
vt 0.556269 0.292936
vt 0.558281 0.296480
vt 0.551499 0.293514
vt 0.575622 0.294636
vt 0.576143 0.291572
vt 0.577656 0.293312
vt 0.594909 0.289161
vt 0.572188 0.275618
vt 0.575337 0.278272
vt 0.571461 0.278817
vt 0.568532 0.289249
vt 0.571136 0.288299
vt 0.571475 0.290995
vt 0.559021 0.299514
vt 0.557028 0.299455
vt 0.564187 0.289699
vt 0.567221 0.292736
vt 0.579961 0.291312
vt 0.587555 0.290780
vt 0.582394 0.295293
vt 0.565243 0.294083
vt 0.562472 0.295561
vt 0.572897 0.282542
vt 0.574146 0.287568
vt 0.570782 0.285815
vt 0.577580 0.308843
vt 0.579400 0.305502
vt 0.581252 0.309749
vt 0.575835 0.302413
vt 0.578985 0.301874
vt 0.564843 0.306577
vt 0.568507 0.306076
vt 0.567905 0.309335
vt 0.564522 0.277722
vt 0.556428 0.281357
vt 0.554998 0.278352
vt 0.557788 0.279019
vt 0.574952 0.308269
vt 0.576351 0.306112
vt 0.581535 0.284483
vt 0.577971 0.281821
vt 0.579599 0.276831
vt 0.550489 0.276883
vt 0.555659 0.287552
vt 0.583028 0.306525
vt 0.582931 0.302849
vt 0.554094 0.302866
vt 0.540529 0.304691
vt 0.543855 0.320628
vt 0.566745 0.303111
vt 0.569134 0.291730
vt 0.534897 0.284000
vt 0.573987 0.305532
vt 0.574260 0.298171
vt 0.573028 0.300594
vt 0.572275 0.308531
vt 0.570588 0.313851
vt 0.561013 0.301449
vt 0.577503 0.288688
vt 0.567552 0.321012
vt 0.557168 0.320662
vt 0.563863 0.313228
vt 0.584791 0.299420
vt 0.551555 0.311340
vt 0.561600 0.280533
vt 0.565574 0.281870
vt 0.562596 0.285304
vt 0.573146 0.302991
vt 0.570846 0.305025
vt 0.558615 0.283547
vt 0.557554 0.281958
vt 0.569488 0.294226
vt 0.569146 0.275699
vt 0.566348 0.272433
vt 0.570973 0.272236
vt 0.567431 0.285602
vt 0.572596 0.294922
vt 0.573817 0.292699
vt 0.569351 0.303902
vt 0.558315 0.309676
vt 0.592425 0.295612
vt 0.588664 0.299805
vt 0.556112 0.275342
vt 0.573743 0.290652
vt 0.569379 0.282259
vt 0.568131 0.278908
vt 0.560050 0.287934
vt 0.559396 0.291951
vt 0.565127 0.285582
vt 0.575936 0.283408
vt 0.577500 0.285893
vt 0.552560 0.264941
vt 0.554125 0.272102
vt 0.577766 0.284355
vt 0.588354 0.277452
vt 0.597574 0.295152
vt 0.573930 0.274172
vt 0.576032 0.274207
vt 0.542200 0.263025
vt 0.563473 0.270144
vt 0.574038 0.271354
vt 0.369199 0.253786
vt 0.371665 0.249067
vt 0.369382 0.252047
vt 0.375318 0.244209
vt 0.367907 0.248865
vt 0.370384 0.245211
vt 0.364063 0.253944
vt 0.361114 0.251972
vt 0.366679 0.247405
vt 0.367867 0.242430
vt 0.373084 0.243909
vt 0.360526 0.246084
vt 0.364407 0.243759
vt 0.360451 0.249676
vt 0.357744 0.254907
vt 0.364160 0.247926
vt 0.544220 0.940008
vt 0.540489 0.935540
vt 0.545377 0.934949
vt 0.548193 0.935965
vt 0.551079 0.942934
vt 0.541662 0.930241
vt 0.544162 0.929383
vt 0.544419 0.931905
vt 0.534450 0.927627
vt 0.532975 0.924082
vt 0.535971 0.925222
vt 0.550617 0.934537
vt 0.549338 0.932313
vt 0.551432 0.931506
vt 0.536835 0.953116
vt 0.518615 0.976724
vt 0.520237 0.948381
vt 0.551566 0.928710
vt 0.554855 0.930169
vt 0.553022 0.935017
vt 0.530190 0.928150
vt 0.534948 0.933381
vt 0.523114 0.931650
vt 0.557148 0.937717
vt 0.531026 0.926102
vt 0.527554 0.925296
vt 0.529843 0.923741
vt 0.551053 0.936941
vt 0.546373 0.929556
vt 0.545179 0.927274
vt 0.549193 0.928292
vt 0.458969 0.978176
vt 0.490125 0.950005
vt 0.488249 0.978176
vt 0.553138 0.939423
vt 0.490882 0.925072
vt 0.506898 0.934947
vt 0.479917 0.926606
vt 0.473118 0.932160
vt 0.538158 0.929264
vt 0.547241 0.931938
vt 0.458969 0.938253
vt 0.509743 0.952668
vt 0.542046 0.927238
vt 0.538380 0.927153
vt 0.549124 0.947970
vt 0.539115 0.931247
vt 0.518667 0.917256
vt 0.524021 0.921204
vt 0.511360 0.923175
vt 0.527812 0.920644
vt 0.498084 0.915347
vt 0.509162 0.913868
vt 0.547278 0.978176
vt 0.557148 0.962672
vt 0.305211 0.146142
vt 0.304570 0.143352
vt 0.309130 0.143350
vt 0.364864 0.132203
vt 0.368477 0.130175
vt 0.367940 0.134664
vt 0.304210 0.135439
vt 0.307321 0.134177
vt 0.305443 0.139087
vt 0.364028 0.141471
vt 0.368917 0.138449
vt 0.370280 0.142614
vt 0.320295 0.133787
vt 0.318678 0.129900
vt 0.321801 0.130845
vt 0.303536 0.161869
vt 0.312582 0.154787
vt 0.311956 0.171780
vt 0.308207 0.129956
vt 0.311401 0.130380
vt 0.328554 0.156218
vt 0.331692 0.185205
vt 0.375326 0.148434
vt 0.363479 0.150030
vt 0.340938 0.132177
vt 0.336806 0.129266
vt 0.341130 0.127519
vt 0.371759 0.133622
vt 0.373924 0.138043
vt 0.304874 0.151323
vt 0.300704 0.156321
vt 0.302056 0.152111
vt 0.326123 0.135618
vt 0.323659 0.132052
vt 0.326658 0.131758
vt 0.376554 0.133582
vt 0.358258 0.140535
vt 0.352209 0.144183
vt 0.353607 0.137387
vt 0.338692 0.141509
vt 0.339064 0.148357
vt 0.332560 0.139717
vt 0.303579 0.138646
vt 0.371292 0.139708
vt 0.356110 0.130259
vt 0.357872 0.131110
vt 0.357026 0.134245
vt 0.323421 0.128251
vt 0.300544 0.152749
vt 0.314447 0.135263
vt 0.320798 0.142707
vt 0.330046 0.135474
vt 0.329725 0.132586
vt 0.304197 0.156088
vt 0.301721 0.158840
vt 0.315363 0.130957
vt 0.317377 0.132437
vt 0.337092 0.134094
vt 0.333546 0.133150
vt 0.328263 0.128717
vt 0.300115 0.160275
vt 0.359785 0.130700
vt 0.361183 0.137122
vt 0.331587 0.135343
vt 0.341160 0.137340
vt 0.350791 0.125188
vt 0.349440 0.129097
vt 0.345924 0.125787
vt 0.355092 0.126213
vt 0.303018 0.167367
vt 0.299557 0.166767
vt 0.348254 0.141741
vt 0.344953 0.143783
vt 0.347929 0.136603
vt 0.348812 0.157540
vt 0.352848 0.128559
vt 0.366711 0.137028
vt 0.381238 0.137774
vt 0.376707 0.142543
vt 0.355346 0.173338
vt 0.352577 0.132657
vt 0.343960 0.133841
vt 0.363794 0.127187
vt 0.365419 0.135820
vt 0.362951 0.135050
vt 0.379941 0.133175
vt 0.378693 0.130082
vt 0.388158 0.135190
vt 0.379525 0.124087
vt 0.373768 0.128794
vt 0.359144 0.125088
vt 0.364736 0.137908
vt 0.345483 0.131000
vt 0.315696 0.123058
vt 0.378777 0.169523
vt 0.392421 0.125603
vt 0.368746 0.124819
vt 0.349006 0.132141
vt 0.331856 0.128044
vt 0.298296 0.163161
vt 0.297084 0.167445
vt 0.297998 0.158868
vt 0.298364 0.159527
vt 0.299444 0.155698
vt 0.296502 0.163041
vt 0.296923 0.154189
vt 0.314240 0.128084
vt 0.299642 0.150361
vt 0.302173 0.148209
vt 0.303071 0.144133
vt 0.299544 0.146230
vt 0.302344 0.144299
vt 0.300740 0.147183
vt 0.302891 0.141064
vt 0.302500 0.136718
vt 0.300957 0.139253
vt 0.303793 0.140413
vt 0.352856 0.182349
vt 0.048396 0.215851
vt 0.047016 0.210539
vt 0.054274 0.215848
vt 0.049116 0.218120
vt 0.056571 0.226986
vt 0.051969 0.230632
vt 0.051692 0.226035
vt 0.051130 0.246211
vt 0.053846 0.246566
vt 0.054354 0.250527
vt 0.050771 0.207465
vt 0.046612 0.216504
vt 0.046160 0.212604
vt 0.053360 0.243360
vt 0.049561 0.224105
vt 0.048559 0.220945
vt 0.051227 0.221667
vt 0.023555 0.264683
vt 0.040294 0.251273
vt 0.045524 0.264683
vt 0.046576 0.219607
vt 0.023555 0.230301
vt 0.023555 0.206877
vt 0.037434 0.221670
vt 0.043237 0.212154
vt 0.058051 0.204234
vt 0.046924 0.225085
vt 0.050014 0.229138
vt 0.053766 0.254958
vt 0.050400 0.251047
vt 0.043825 0.220351
vt 0.051393 0.233941
vt 0.050337 0.237124
vt 0.049502 0.233207
vt 0.055631 0.237303
vt 0.053054 0.234426
vt 0.046266 0.239384
vt 0.048060 0.242313
vt 0.045423 0.243986
vt 0.025100 0.246949
vt 0.039929 0.237151
vt 0.037532 0.204234
vt 0.052034 0.239165
vt 0.050171 0.241695
vt 0.048463 0.239152
vt 0.048983 0.246115
vt 0.046578 0.248750
vt 0.050026 0.231887
vt 0.048805 0.256763
vt 0.044805 0.217622
vt 0.047921 0.244594
vt 0.052416 0.256789
vt 0.044190 0.229835
vt 0.048265 0.235580
vt 0.047575 0.231076
vt 0.047751 0.237177
vt 0.045919 0.234813
vt 0.044607 0.233964
vt 0.043981 0.224430
vt 0.160283 0.954357
vt 0.162395 0.958668
vt 0.159592 0.958162
vt 0.169524 0.989182
vt 0.170385 0.984426
vt 0.172331 0.990066
vt 0.174619 0.978865
vt 0.171107 0.973622
vt 0.175345 0.975843
vt 0.168098 0.972597
vt 0.166222 0.967648
vt 0.179700 0.973523
vt 0.183654 0.959782
vt 0.193612 0.985627
vt 0.173295 0.980089
vt 0.169000 0.977329
vt 0.167721 0.980936
vt 0.168822 0.984397
vt 0.164578 0.955420
vt 0.165796 0.951109
vt 0.171936 0.956778
vt 0.166547 0.978025
vt 0.163374 0.980497
vt 0.167485 0.993750
vt 0.156660 0.993750
vt 0.169060 0.966325
vt 0.165501 0.961606
vt 0.122067 0.968534
vt 0.109023 0.993750
vt 0.109023 0.944597
vt 0.172148 0.983339
vt 0.167580 0.984590
vt 0.171768 0.965251
vt 0.158411 0.955873
vt 0.157881 0.949288
vt 0.157888 0.952613
vt 0.156401 0.949546
vt 0.139993 0.993750
vt 0.149514 0.976407
vt 0.145155 0.944597
vt 0.153527 0.960147
vt 0.134603 0.955857
vt 0.131750 0.982971
vt 0.165562 0.971118
vt 0.168321 0.961039
vt 0.177356 0.944597
vt 0.157169 0.955908
vt 0.154188 0.951716
vt 0.172725 0.969943
vt 0.174988 0.984631
vt 0.158695 0.954772
vt 0.163458 0.967839
vt 0.161894 0.963297
vt 0.160899 0.970267
vt 0.164939 0.975011
vt 0.177002 0.982522
vt 0.166732 0.944597
vt 0.165915 0.979470
vt 0.161132 0.948639
vt 0.164566 0.949361
vt 0.193612 0.946155
vt 0.929245 0.035980
vt 0.928035 0.031355
vt 0.932469 0.035695
vt 0.928468 0.028982
vt 0.935302 0.031878
vt 0.947370 0.058765
vt 0.946597 0.059488
vt 0.947528 0.057342
vt 0.940505 0.040361
vt 0.935276 0.039020
vt 0.936610 0.035294
vt 0.960647 0.041111
vt 0.950174 0.043652
vt 0.955106 0.040039
vt 0.943538 0.036708
vt 0.947409 0.035549
vt 0.945812 0.040329
vt 0.958801 0.037537
vt 0.961821 0.037696
vt 0.953637 0.037179
vt 0.935677 0.044900
vt 0.948121 0.049652
vt 0.947673 0.054350
vt 0.947268 0.054946
vt 0.940059 0.034070
vt 0.948525 0.056596
vt 0.950199 0.039850
vt 0.951512 0.030424
vt 0.945579 0.055160
vt 0.952168 0.060014
vt 0.951134 0.055211
vt 0.962239 0.036050
vt 0.945383 0.043033
vt 0.953557 0.046818
vt 0.948264 0.061761
vt 0.959033 0.034334
vt 0.945707 0.066441
vt 0.964714 0.032690
vt 0.967302 0.035486
vt 0.968869 0.036801
vt 0.959548 0.026130
vt 0.976736 0.065342
vt 0.965408 0.061315
vt 0.974732 0.046485
vt 0.960147 0.048601
vt 0.976787 0.035940
vt 0.975952 0.032164
vt 0.967875 0.041318
vt 0.964344 0.043709
vt 0.970857 0.034094
vt 0.970232 0.030241
vt 0.983049 0.038773
vt 0.953758 0.051222
vt 0.950611 0.067500
vt 0.945612 0.034376
vt 0.955221 0.059841
vt 0.943196 0.033306
vt 0.923742 0.031632
vt 0.963176 0.041632
vt 0.970568 0.038718
vt 0.921019 0.026423
vt 0.940321 0.036789
vt 0.932336 0.028552
vt 0.939670 0.030270
vt 0.032447 0.325235
vt 0.029106 0.325152
vt 0.029507 0.322849
vt 0.024777 0.327783
vt 0.025104 0.325696
vt 0.029351 0.326654
vt 0.033932 0.322419
vt 0.021635 0.326907
vt 0.021511 0.329010
vt 0.018042 0.329393
vt 0.020313 0.328203
vt 0.022006 0.325438
vt 0.020384 0.325554
vt 0.022728 0.324673
vt 0.018310 0.324832
vt 0.026249 0.324805
vt 0.023491 0.322003
vt 0.026618 0.323252
vt 0.026527 0.310100
vt 0.039528 0.324034
vt 0.036486 0.325673
vt 0.036589 0.324752
vt 0.032475 0.326162
vt 0.025209 0.330680
vt 0.021477 0.336337
vt 0.019460 0.331570
vt 0.034809 0.328259
vt 0.048375 0.325226
vt 0.047220 0.323549
vt 0.050430 0.324308
vt 0.045695 0.327605
vt 0.048125 0.325766
vt 0.051489 0.327403
vt 0.029901 0.332376
vt 0.050711 0.322622
vt 0.016902 0.328962
vt 0.018829 0.327596
vt 0.038154 0.318993
vt 0.043556 0.306029
vt 0.045496 0.322781
vt 0.049587 0.319005
vt 0.036253 0.337569
vt 0.011743 0.355883
vt 0.035026 0.354807
vt 0.018750 0.326563
vt 0.044612 0.324270
vt 0.041140 0.324716
vt 0.042438 0.322707
vt 0.012446 0.318959
vt 0.020128 0.318437
vt 0.054936 0.341998
vt 0.055050 0.357588
vt 0.035141 0.331926
vt 0.039499 0.332962
vt 0.037638 0.330635
vt 0.042294 0.330192
vt 0.038948 0.328216
vt 0.040855 0.326025
vt 0.045168 0.335800
vt 0.049031 0.330296
vt 0.029508 0.330065
vt 0.013672 0.333190
vt 0.044973 0.325400
vt 0.016242 0.309969
vt 0.032460 0.330083
vt 0.029109 0.328180
vt 0.035205 0.330104
vt 0.011411 0.331615
vt 0.013416 0.330285
vt 0.015652 0.331042
vt 0.010085 0.336939
vt 0.055149 0.305241
vt 0.797118 0.202907
vt 0.794131 0.202131
vt 0.799293 0.194917
vt 0.837969 0.175859
vt 0.828086 0.170800
vt 0.839337 0.172286
vt 0.778919 0.172763
vt 0.783094 0.188711
vt 0.757501 0.184169
vt 0.848878 0.169172
vt 0.842550 0.168538
vt 0.842985 0.165184
vt 0.790092 0.205713
vt 0.791426 0.203702
vt 0.792711 0.205043
vt 0.797937 0.210874
vt 0.802045 0.207861
vt 0.808564 0.211341
vt 0.783636 0.211871
vt 0.784569 0.203924
vt 0.787469 0.207292
vt 0.789359 0.168435
vt 0.779106 0.161138
vt 0.807061 0.205441
vt 0.823246 0.193927
vt 0.808931 0.200531
vt 0.795679 0.207300
vt 0.798249 0.209177
vt 0.786145 0.211760
vt 0.784265 0.213082
vt 0.798427 0.206638
vt 0.812104 0.173119
vt 0.812040 0.182299
vt 0.797840 0.176799
vt 0.792054 0.208316
vt 0.790393 0.212278
vt 0.786719 0.215736
vt 0.778678 0.216078
vt 0.765902 0.211380
vt 0.821747 0.177430
vt 0.830903 0.179366
vt 0.803261 0.214654
vt 0.763172 0.168394
vt 0.789413 0.163264
vt 0.802251 0.203433
vt 0.836161 0.167987
vt 0.844962 0.204918
vt 0.842262 0.191746
vt 0.859976 0.184690
vt 0.800673 0.163075
vt 0.804339 0.169369
vt 0.795727 0.166801
vt 0.840922 0.182331
vt 0.850617 0.176352
vt 0.790983 0.203028
vt 0.812183 0.203583
vt 0.851532 0.171130
vt 0.859650 0.177069
vt 0.795721 0.215082
vt 0.809800 0.166057
vt 0.815224 0.168990
vt 0.844446 0.173524
vt 0.796323 0.170291
vt 0.850395 0.166950
vt 0.820055 0.172074
vt 0.820255 0.223508
vt 0.869514 0.198221
vt 0.828070 0.166637
vt 0.819013 0.166022
vt 0.832381 0.164816
vt 0.861885 0.211497
vt 0.813174 0.163250
vt 0.769395 0.161312
vt 0.823354 0.160478
vt 0.847872 0.164671
vt 0.967922 0.523942
vt 0.962693 0.519554
vt 0.886139 0.301597
vt 0.890049 0.304237
vt 0.884376 0.303758
vt 0.849052 0.339144
vt 0.834872 0.344552
vt 0.848688 0.328877
vt 0.855862 0.318823
vt 0.859865 0.326628
vt 0.855292 0.323182
vt 0.832728 0.306510
vt 0.827604 0.302873
vt 0.839048 0.301366
vt 0.887488 0.312183
vt 0.888051 0.306050
vt 0.892300 0.309077
vt 0.837236 0.311759
vt 0.814227 0.322337
vt 0.823987 0.310934
vt 0.839734 0.318588
vt 0.893408 0.302554
vt 0.891819 0.298196
vt 0.870114 0.306495
vt 0.878881 0.304348
vt 0.867458 0.322835
vt 0.876589 0.331955
vt 0.868178 0.316814
vt 0.845292 0.307097
vt 0.853660 0.309283
vt 0.888810 0.272411
vt 0.872261 0.278023
vt 0.883588 0.261680
vt 0.855318 0.278257
vt 0.860590 0.287406
vt 0.868817 0.302374
vt 0.861329 0.303603
vt 0.864604 0.301398
vt 0.878272 0.297998
vt 0.882567 0.292165
vt 0.864564 0.311514
vt 0.825559 0.306008
vt 0.818807 0.307201
vt 0.893148 0.306155
vt 0.831560 0.294471
vt 0.813834 0.300170
vt 0.813834 0.285412
vt 0.891707 0.239448
vt 0.864840 0.253303
vt 0.856697 0.237950
vt 0.874449 0.300804
vt 0.879597 0.301312
vt 0.825093 0.307413
vt 0.827462 0.306833
vt 0.884383 0.322564
vt 0.848171 0.300667
vt 0.847659 0.302894
vt 0.844223 0.302860
vt 0.840054 0.306718
vt 0.834998 0.309687
vt 0.859532 0.267306
vt 0.877041 0.314166
vt 0.831439 0.268030
vt 0.830739 0.246318
vt 0.827382 0.305863
vt 0.893693 0.307308
vt 0.895594 0.308937
vt 0.861094 0.301568
vt 0.898932 0.302212
vt 0.902205 0.297855
vt 0.875590 0.284624
vt 0.886300 0.282586
vt 0.873325 0.287664
vt 0.850441 0.294874
vt 0.845799 0.285810
vt 0.828758 0.282209
vt 0.838835 0.304806
vt 0.869864 0.299708
vt 0.865098 0.298958
vt 0.865552 0.295179
vt 0.841776 0.324545
vt 0.825616 0.333921
vt 0.855813 0.300150
vt 0.866231 0.340286
vt 0.844155 0.304381
vt 0.846172 0.304797
vt 0.852670 0.303638
vt 0.866654 0.300464
vt 0.896930 0.304624
vt 0.896167 0.290406
vt 0.855490 0.344552
vt 0.898410 0.303694
vt 0.968383 0.494809
vt 0.965722 0.491140
vt 0.970089 0.491633
vt 0.981721 0.493843
vt 0.975182 0.494113
vt 0.978257 0.492082
vt 0.961606 0.484541
vt 0.965671 0.478467
vt 0.963933 0.487393
vt 0.979993 0.489817
vt 0.969147 0.487590
vt 0.975241 0.490054
vt 0.981928 0.487207
vt 0.975886 0.484913
vt 0.984418 0.490460
vt 0.963891 0.490142
vt 0.982127 0.472352
vt 0.989236 0.480483
vt 0.987519 0.489010
vt 0.991812 0.461059
vt 0.988253 0.494467
vt 0.947469 0.485630
vt 0.949477 0.479216
vt 0.954569 0.485535
vt 0.941280 0.482026
vt 0.943720 0.487457
vt 0.940107 0.488107
vt 0.930638 0.481740
vt 0.936194 0.485941
vt 0.928919 0.486483
vt 0.933221 0.488263
vt 0.948136 0.489210
vt 0.949539 0.492472
vt 0.944762 0.489689
vt 0.932259 0.490204
vt 0.928847 0.489718
vt 0.925081 0.485852
vt 0.939768 0.462576
vt 0.942195 0.489011
vt 0.981542 0.502516
vt 0.972959 0.501170
vt 0.978345 0.499567
vt 0.916860 0.476814
vt 0.916860 0.461059
vt 0.958771 0.491809
vt 0.956280 0.492560
vt 0.959047 0.489282
vt 0.927445 0.488500
vt 0.922842 0.487017
vt 0.923830 0.486686
vt 0.925200 0.487643
vt 0.924160 0.488002
vt 0.925067 0.489450
vt 0.960932 0.491928
vt 0.975059 0.461194
vt 0.961471 0.461059
vt 0.952597 0.491634
vt 0.939135 0.489328
vt 0.967220 0.505280
vt 0.975912 0.506658
vt 0.978907 0.495679
vt 0.954465 0.500035
vt 0.958447 0.502449
vt 0.954210 0.501939
vt 0.953165 0.495281
vt 0.958672 0.506629
vt 0.962862 0.501370
vt 0.967141 0.502994
vt 0.959098 0.493592
vt 0.963201 0.493340
vt 0.960664 0.496324
vt 0.959154 0.499205
vt 0.955701 0.497977
vt 0.966640 0.499041
vt 0.972779 0.497859
vt 0.965071 0.496536
vt 0.962221 0.499778
vt 0.982809 0.498526
vt 0.988099 0.498889
vt 0.986708 0.504272
vt 0.952965 0.504142
vt 0.949660 0.492110
vt 0.986634 0.507480
vt 0.923961 0.490973
vt 0.922329 0.489081
vt 0.948749 0.497185
vt 0.943150 0.504319
vt 0.949781 0.501829
vt 0.944075 0.501309
vt 0.937522 0.501667
vt 0.942626 0.499192
vt 0.943965 0.490539
vt 0.931703 0.502416
vt 0.927699 0.496153
vt 0.947792 0.492723
vt 0.942912 0.493253
vt 0.946927 0.500358
vt 0.936754 0.491364
vt 0.938784 0.508754
vt 0.949911 0.508376
vt 0.936755 0.495337
vt 0.931387 0.491426
vt 0.922979 0.380986
vt 0.924546 0.381904
vt 0.917358 0.384204
vt 0.919947 0.390746
vt 0.915898 0.389188
vt 0.916974 0.391182
vt 0.923360 0.384836
vt 0.925809 0.386358
vt 0.923440 0.388265
vt 0.929503 0.389378
vt 0.932566 0.389511
vt 0.930552 0.391623
vt 0.920752 0.390389
vt 0.924429 0.393476
vt 0.927404 0.388047
vt 0.930625 0.385934
vt 0.926095 0.386696
vt 0.125429 0.307117
vt 0.130867 0.304031
vt 0.129226 0.307516
vt 0.100957 0.298559
vt 0.105760 0.296425
vt 0.103950 0.299035
vt 0.135618 0.307461
vt 0.136878 0.311537
vt 0.128643 0.309597
vt 0.111727 0.304319
vt 0.114372 0.306371
vt 0.113188 0.306780
vt 0.133269 0.305689
vt 0.144938 0.292202
vt 0.148814 0.289732
vt 0.146072 0.294621
vt 0.120464 0.308511
vt 0.115214 0.308876
vt 0.117514 0.307142
vt 0.109498 0.306993
vt 0.104238 0.304042
vt 0.141822 0.289968
vt 0.142011 0.292195
vt 0.138247 0.293482
vt 0.145226 0.286641
vt 0.141607 0.283962
vt 0.146309 0.284445
vt 0.106751 0.301028
vt 0.108140 0.298951
vt 0.108985 0.299872
vt 0.114314 0.297302
vt 0.109852 0.297794
vt 0.111063 0.294808
vt 0.106371 0.311524
vt 0.101609 0.301066
vt 0.145533 0.301614
vt 0.139244 0.302981
vt 0.139551 0.296051
vt 0.098930 0.295498
vt 0.151208 0.295488
vt 0.121174 0.304936
vt 0.126508 0.303375
vt 0.116777 0.305741
vt 0.152402 0.310670
vt 0.149701 0.284093
vt 0.149130 0.280246
vt 0.152402 0.283807
vt 0.105107 0.307354
vt 0.141823 0.297887
vt 0.136477 0.301838
vt 0.139359 0.289109
vt 0.150720 0.285779
vt 0.152055 0.286461
vt 0.151578 0.289248
vt 0.137270 0.323302
vt 0.119405 0.315995
vt 0.094587 0.303252
vt 0.090692 0.303378
vt 0.093203 0.301617
vt 0.087969 0.301414
vt 0.093109 0.304602
vt 0.152402 0.326844
vt 0.147380 0.286755
vt 0.132688 0.298695
vt 0.097776 0.300678
vt 0.094212 0.300174
vt 0.101395 0.299709
vt 0.093031 0.320557
vt 0.098692 0.309246
vt 0.134419 0.292829
vt 0.095170 0.305259
vt 0.097758 0.304926
vt 0.092471 0.306223
vt 0.126223 0.300279
vt 0.129527 0.297037
vt 0.129804 0.294187
vt 0.125061 0.294686
vt 0.125409 0.297237
vt 0.120261 0.296928
vt 0.120944 0.285820
vt 0.116086 0.292916
vt 0.108448 0.289240
vt 0.144929 0.278358
vt 0.140462 0.266178
vt 0.144933 0.288915
vt 0.094716 0.307121
vt 0.121317 0.299137
vt 0.141001 0.339741
vt 0.117229 0.298667
vt 0.095483 0.286277
vt 0.091735 0.294816
vt 0.136858 0.283572
vt 0.112269 0.299076
vt 0.136290 0.304353
vt 0.122420 0.291984
vt 0.112709 0.330477
vt 0.084344 0.298542
vt 0.092026 0.299362
vt 0.103805 0.281234
vt 0.127656 0.289658
vt 0.126158 0.270819
vt 0.112745 0.277171
vt 0.133673 0.288934
vt 0.095422 0.259519
vt 0.112600 0.241258
vt 0.104012 0.269099
vt 0.078859 0.241258
vt 0.095313 0.241258
vt 0.078859 0.257874
vt 0.130952 0.281120
vt 0.137258 0.288737
vt 0.123839 0.299654
vt 0.120546 0.254100
vt 0.122610 0.302927
vt 0.134818 0.244234
vt 0.121866 0.301023
vt 0.117538 0.300705
vt 0.118695 0.302564
vt 0.114057 0.301233
vt 0.116469 0.303429
vt 0.110705 0.301086
vt 0.098289 0.278439
vt 0.090743 0.274851
vt 0.078860 0.287620
vt 0.111142 0.341755
vt 0.943827 0.804145
vt 0.938222 0.804984
vt 0.941145 0.802509
vt 0.937305 0.802348
vt 0.939931 0.798942
vt 0.947192 0.793927
vt 0.951358 0.796389
vt 0.945726 0.796399
vt 0.952322 0.793812
vt 0.955492 0.794861
vt 0.928270 0.786679
vt 0.928633 0.796698
vt 0.923743 0.797059
vt 0.948528 0.809938
vt 0.953780 0.804212
vt 0.960673 0.805934
vt 0.932360 0.802732
vt 0.932071 0.805672
vt 0.925688 0.804574
vt 0.945673 0.800604
vt 0.948044 0.804336
vt 0.971789 0.764913
vt 0.975901 0.763144
vt 0.972738 0.768589
vt 0.933326 0.815692
vt 0.916986 0.820317
vt 0.920667 0.811467
vt 0.948541 0.797802
vt 0.952499 0.800093
vt 0.943020 0.806757
vt 0.937427 0.807738
vt 0.938761 0.809860
vt 0.936188 0.809088
vt 0.928778 0.828694
vt 0.955146 0.786772
vt 0.956093 0.775201
vt 0.965065 0.783143
vt 0.955704 0.791152
vt 0.955898 0.792985
vt 0.969514 0.770017
vt 0.965130 0.770240
vt 0.968364 0.767415
vt 0.942398 0.786773
vt 0.933622 0.792314
vt 0.930084 0.799386
vt 0.926158 0.799994
vt 0.979402 0.788184
vt 0.978763 0.789191
vt 0.976064 0.787547
vt 0.975840 0.827583
vt 0.962344 0.832350
vt 0.973388 0.819064
vt 0.963099 0.794513
vt 0.965909 0.797244
vt 0.958179 0.796845
vt 0.991687 0.826619
vt 0.986711 0.840007
vt 0.974422 0.792605
vt 0.976795 0.791074
vt 0.978827 0.793822
vt 0.975574 0.800497
vt 0.984724 0.800084
vt 0.973212 0.807143
vt 0.960219 0.815751
vt 0.922977 0.801002
vt 0.923818 0.799246
vt 0.916986 0.795975
vt 0.933903 0.796281
vt 0.934811 0.799267
vt 0.921924 0.801698
vt 0.925994 0.802271
vt 0.971696 0.792947
vt 0.971511 0.791289
vt 0.946920 0.822562
vt 0.968188 0.793796
vt 0.964164 0.791363
vt 0.982368 0.788920
vt 0.981549 0.790983
vt 0.979947 0.790283
vt 0.981291 0.788400
vt 0.961046 0.801244
vt 0.966227 0.803077
vt 0.962524 0.803383
vt 0.936309 0.796549
vt 0.937541 0.792787
vt 0.934844 0.765725
vt 0.946369 0.840276
vt 0.940301 0.792779
vt 0.938250 0.793711
vt 0.968863 0.789635
vt 0.916986 0.771246
vt 0.985501 0.791527
vt 0.979786 0.791634
vt 0.959361 0.793885
vt 0.938380 0.795219
vt 0.949705 0.792173
vt 0.949461 0.792814
vt 0.959386 0.791654
vt 0.968955 0.787200
vt 0.962320 0.788791
vt 0.965050 0.764998
vt 0.958885 0.765327
vt 0.916986 0.840276
vt 0.942146 0.794624
vt 0.944277 0.792419
vt 0.972931 0.783537
vt 0.975776 0.773966
vt 0.979758 0.782977
vt 0.971100 0.770444
vt 0.972894 0.795136
vt 0.928160 0.808358
vt 0.923345 0.808338
vt 0.951797 0.762692
vt 0.968572 0.763582
vt 0.991687 0.806804
vt 0.983019 0.814494
vt 0.985371 0.796501
vt 0.984141 0.794349
vt 0.990304 0.793415
vt 0.978637 0.796868
vt 0.968982 0.837380
vt 0.976141 0.833721
vt 0.981905 0.787030
vt 0.931460 0.810035
vt 0.991687 0.796184
vt 0.987175 0.779815
vt 0.984935 0.784693
vt 0.980789 0.785468
vt 0.972579 0.798667
vt 0.970472 0.802023
vt 0.966853 0.800629
vt 0.940281 0.251449
vt 0.949151 0.253660
vt 0.949732 0.258434
vt 0.947369 0.267841
vt 0.936421 0.268238
vt 0.942582 0.263785
vt 0.930098 0.257462
vt 0.934055 0.256131
vt 0.933585 0.261755
vt 0.924122 0.254555
vt 0.925210 0.256001
vt 0.922525 0.256976
vt 0.906898 0.268335
vt 0.909637 0.265628
vt 0.909435 0.267017
vt 0.938308 0.255327
vt 0.937568 0.257723
vt 0.910448 0.263533
vt 0.913894 0.261992
vt 0.912548 0.264245
vt 0.911222 0.254169
vt 0.917783 0.252480
vt 0.919179 0.255976
vt 0.959685 0.263471
vt 0.957817 0.260099
vt 0.966776 0.262003
vt 0.924123 0.259722
vt 0.919322 0.261170
vt 0.918351 0.263509
vt 0.915801 0.263123
vt 0.954090 0.262276
vt 0.921138 0.278138
vt 0.904169 0.275137
vt 0.917418 0.267724
vt 0.943444 0.271303
vt 0.959462 0.268489
vt 0.952084 0.265296
vt 0.967943 0.266324
vt 0.970410 0.270263
vt 0.962653 0.266251
vt 0.940187 0.242013
vt 0.937425 0.230025
vt 0.943795 0.238179
vt 0.942253 0.258244
vt 0.930213 0.234389
vt 0.927274 0.230799
vt 0.907034 0.269844
vt 0.925184 0.226186
vt 0.936647 0.224165
vt 0.945280 0.234559
vt 0.909435 0.260754
vt 0.913710 0.258175
vt 0.972239 0.247180
vt 0.971927 0.251813
vt 0.967644 0.250693
vt 0.963752 0.247589
vt 0.957948 0.245064
vt 0.918071 0.243625
vt 0.923239 0.243657
vt 0.921025 0.245840
vt 0.900330 0.257035
vt 0.955892 0.250607
vt 0.952750 0.252392
vt 0.952453 0.249958
vt 0.926903 0.246292
vt 0.928728 0.246221
vt 0.928357 0.249699
vt 0.905504 0.243416
vt 0.929198 0.254727
vt 0.951227 0.239093
vt 0.949954 0.242363
vt 0.907755 0.263801
vt 0.953397 0.236373
vt 0.947757 0.232653
vt 0.950378 0.263325
vt 0.946457 0.262108
vt 0.950026 0.246531
vt 0.926495 0.242092
vt 0.936134 0.254706
vt 0.945720 0.249099
vt 0.964385 0.251927
vt 0.969278 0.253616
vt 0.960166 0.253279
vt 0.933433 0.241918
vt 0.928027 0.239785
vt 0.970870 0.252954
vt 0.976109 0.258353
vt 0.958767 0.249554
vt 0.917248 0.246752
vt 0.938066 0.246399
vt 0.932748 0.247072
vt 0.927819 0.253838
vt 0.922170 0.253848
vt 0.923870 0.251519
vt 0.905320 0.266774
vt 0.964608 0.254728
vt 0.923784 0.248724
vt 0.933188 0.252159
vt 0.923548 0.241197
vt 0.917016 0.261400
vt 0.913303 0.265895
vt 0.967818 0.258519
vt 0.958815 0.256056
vt 0.930506 0.250695
vt 0.927010 0.251715
vt 0.928068 0.265150
vt 0.917440 0.235803
vt 0.923692 0.236630
vt 0.936226 0.259761
vt 0.935191 0.258326
vt 0.924321 0.228684
vt 0.920216 0.259212
vt 0.947111 0.228084
vt 0.944641 0.225212
vt 0.964311 0.265005
vt 0.938759 0.260155
vt 0.919886 0.229526
vt 0.938623 0.262359
vt 0.974918 0.264848
vt 0.566323 0.831847
vt 0.562243 0.830835
vt 0.563021 0.829788
vt 0.560917 0.828500
vt 0.563495 0.828740
vt 0.559973 0.832152
vt 0.564564 0.836838
vt 0.573122 0.834033
vt 0.567990 0.828685
vt 0.562247 0.827291
vt 0.564005 0.825617
vt 0.563411 0.828018
vt 0.564187 0.827522
vt 0.571854 0.825834
vt 0.566102 0.824225
vt 0.567365 0.822277
vt 0.563416 0.822305
vt 0.560840 0.823513
vt 0.560766 0.824637
vt 0.560557 0.822164
vt 0.560656 0.826134
vt 0.560949 0.825397
vt 0.560613 0.826510
vt 0.560610 0.827380
vt 0.560559 0.828299
vt 0.560503 0.828516
vt 0.560153 0.829755
vt 0.559317 0.831006
vt 0.559203 0.831595
vt 0.950052 0.270671
vt 0.953479 0.269859
vt 0.957686 0.242730
vt 0.959918 0.243871
vt 0.962612 0.271007
vt 0.967222 0.271998
vt 0.955471 0.237188
vt 0.951337 0.239089
vt 0.966053 0.246064
vt 0.967776 0.246137
vt 0.954494 0.241636
vt 0.971075 0.246303
vt 0.963309 0.245635
vt 0.961607 0.245053
vt 0.955675 0.269853
vt 0.926001 0.386105
vt 0.873734 0.076502
vt 0.873288 0.077181
vt 0.875087 0.081225
vt 0.875219 0.074626
vt 0.877055 0.073824
vt 0.878587 0.073200
vt 0.926055 0.383011
vt 0.925817 0.383575
vt 0.929063 0.385955
vt 0.931012 0.385151
vt 0.932074 0.386676
vt 0.931887 0.387551
vt 0.932484 0.387867
vt 0.933137 0.388129
vt 0.925976 0.385499
vt 0.925233 0.380014
vt 0.926314 0.381480
vt 0.964208 0.522200
vt 0.961148 0.521069
vt 0.967584 0.525153
vt 0.878780 0.084951
vt 0.877448 0.084466
vt 0.944551 0.053466
vt 0.944036 0.051548
vt 0.945884 0.059906
vt 0.945439 0.055925
vt 0.940934 0.049508
vt 0.876474 0.083410
vt 0.363792 0.254910
vt 0.368258 0.254321
vt 0.360113 0.256128
vt 0.361495 0.254728
vt 0.357117 0.255240
vt 0.357195 0.254985
vt 0.358101 0.252617
vt 0.357507 0.253591
vt 0.357664 0.251018
vt 0.358414 0.249567
vt 0.358581 0.247268
vt 0.360414 0.244661
vt 0.362914 0.242949
vt 0.370106 0.253140
vt 0.369594 0.253680
vt 0.371831 0.251156
vt 0.373076 0.249850
vt 0.373349 0.247622
vt 0.369154 0.254349
vt 0.233507 0.410145
vt 0.235613 0.405328
vt 0.235848 0.404722
vt 0.236865 0.399855
vt 0.236564 0.401077
vt 0.215228 0.425983
vt 0.214834 0.426834
vt 0.215434 0.416723
vt 0.215106 0.414305
vt 0.215927 0.419894
vt 0.225191 0.387564
vt 0.233420 0.394335
vt 0.235729 0.395956
vt 0.214731 0.410785
vt 0.214945 0.412894
vt 0.224433 0.386841
vt 0.220286 0.381366
vt 0.558132 0.542279
vt 0.559721 0.542354
vt 0.555906 0.542614
vt 0.550977 0.543521
vt 0.550193 0.544159
vt 0.552013 0.542987
vt 0.554037 0.542755
vt 0.551544 0.543101
vt 0.549869 0.545138
vt 0.549441 0.546059
vt 0.048102 0.191878
vt 0.048728 0.190152
vt 0.072524 0.198600
vt 0.075423 0.198386
vt 0.070304 0.199463
vt 0.060417 0.201844
vt 0.064412 0.200013
vt 0.064963 0.199848
vt 0.069270 0.199045
vt 0.059993 0.201990
vt 0.059705 0.202108
vt 0.984699 0.191294
vt 0.989606 0.195598
vt 0.968198 0.183332
vt 0.969736 0.183083
vt 0.971874 0.182935
vt 0.975997 0.185054
vt 0.964353 0.182785
vt 0.966260 0.180968
vt 0.982310 0.189394
vt 0.979831 0.186810
vt 0.978500 0.185576
vn -0.267121 -0.014326 0.961055
vn -0.261536 -0.015458 0.951561
vn -0.255096 -0.004627 0.964727
vn -0.176528 -0.001710 0.981643
vn -0.264211 -0.013400 0.964096
vn -0.969381 0.072445 -0.095167
vn -0.699610 0.029950 0.187947
vn -0.426219 0.000260 0.625993
vn -0.195206 -0.019701 0.974752
vn -0.264801 -0.008533 0.961416
vn -0.220620 0.011406 0.966568
vn -0.225013 0.005225 0.971440
vn -0.196344 0.016856 0.970493
vn -0.529684 0.000399 0.283631
vn -0.105939 0.012100 0.993546
vn -0.896751 0.047674 -0.356940
vn -0.688640 0.012211 0.014258
vn -0.320262 -0.025230 0.814880
vn -0.248570 -0.069413 0.953752
vn -0.453148 0.021744 0.589339
vn -0.586449 0.023121 0.384278
vn -0.468181 -0.005388 0.526275
vn -0.977589 0.032750 -0.189527
vn -0.969599 0.035797 -0.150930
vn -0.674563 -0.001303 0.362169
vn -0.971049 0.016522 -0.193999
vn -0.594451 -0.014242 0.421461
vn -0.789924 0.066427 0.102081
vn 0.073531 0.076583 -0.993975
vn 0.041840 0.067558 -0.996776
vn 0.024283 0.067825 -0.996127
vn -0.024063 0.080804 -0.992171
vn 0.075613 0.037412 -0.994930
vn 0.065090 0.076771 -0.994090
vn 0.093245 0.077702 -0.992574
vn -0.024188 0.078249 -0.994391
vn -0.081329 0.056642 -0.990561
vn -0.073248 -0.049325 -0.988302
vn -0.029296 0.063825 -0.994434
vn -0.205633 0.030922 -0.971442
vn -0.230162 0.056111 -0.965243
vn -0.979296 0.018543 -0.093692
vn -0.697429 0.031510 -0.469974
vn -0.754450 0.098795 -0.441359
vn -0.954710 0.088529 -0.161627
vn -0.947858 0.035405 -0.051336
vn 0.037941 -0.020835 -0.994796
vn -0.977877 0.065945 -0.136313
vn -0.766891 0.002894 -0.330797
vn -0.452940 0.021248 -0.717841
vn 0.006132 -0.129586 -0.983036
vn -0.042904 -0.223504 -0.969868
vn -0.127668 -0.204808 -0.968033
vn -0.557140 0.081764 -0.727157
vn -0.662260 0.043999 -0.448341
vn -0.521599 0.021787 -0.570420
vn -0.257660 0.032003 -0.961814
vn -0.388156 0.049632 -0.917620
vn -0.377409 -0.019260 -0.922672
vn -0.320526 -0.024077 -0.940319
vn -0.201203 -0.125733 -0.969461
vn 0.002024 -0.221549 -0.959594
vn -0.052743 -0.350752 -0.931034
vn -0.160762 -0.003333 0.984941
vn -0.099976 0.008459 0.994601
vn -0.030972 -0.162915 0.981132
vn 0.058825 -0.224994 0.972288
vn 0.047435 -0.242836 0.968330
vn 0.235089 -0.410208 0.684417
vn 0.199438 -0.410087 0.047461
vn -0.048548 -0.149305 0.982494
vn -0.119202 -0.106397 0.987153
vn -0.219685 -0.370233 0.719409
vn -0.071802 -0.338087 0.924765
vn -0.430430 -0.371200 0.189070
vn -0.315422 -0.281481 0.892752
vn -0.135690 -0.502670 -0.840174
vn -0.230107 -0.374852 -0.885999
vn -0.160113 -0.615562 -0.571491
vn -0.068448 0.020691 0.997440
vn -0.262849 -0.021268 -0.952173
vn -0.518374 0.047142 -0.578319
vn -0.433933 0.043950 -0.638110
vn -0.438494 0.045105 -0.696045
vn -0.122878 0.034079 -0.984904
vn -0.151735 0.076340 -0.972860
vn 0.047236 -0.430908 -0.871071
vn -0.207178 0.058956 -0.972845
vn -0.186011 0.023809 -0.979708
vn -0.233050 0.004823 -0.969073
vn 0.216275 0.093163 -0.971878
vn 0.215257 -0.015518 -0.972038
vn 0.218497 -0.158235 -0.925456
vn -0.156518 0.079836 -0.980423
vn -0.081743 -0.291229 -0.945150
vn -0.225081 0.050906 -0.963672
vn 0.473069 -0.142980 -0.671681
vn -0.039309 -0.126333 -0.984223
vn -0.135984 -0.233321 -0.956041
vn -0.203095 -0.235173 -0.950498
vn 0.090551 0.070525 -0.993367
vn 0.092810 0.070006 -0.993193
vn 0.099335 0.072660 -0.992398
vn -0.317729 0.362513 -0.661389
vn -0.792966 0.527667 -0.235430
vn -0.348008 0.722913 -0.487032
vn -0.023243 -0.026749 -0.994206
vn -0.008305 0.014510 -0.994553
vn 0.067986 -0.079053 -0.993113
vn 0.093263 0.025762 -0.988208
vn 0.115749 0.049444 -0.986688
vn 0.120895 -0.061199 -0.973727
vn 0.094371 -0.000226 -0.993531
vn 0.082259 -0.048181 -0.992584
vn 0.101044 -0.078087 -0.989600
vn 0.070122 -0.082288 -0.993382
vn 0.107652 0.075881 -0.981007
vn 0.126032 0.069638 -0.981129
vn 0.101805 -0.008769 -0.990225
vn 0.122829 0.093311 -0.978197
vn 0.113274 0.006604 -0.990374
vn 0.180575 0.043191 -0.981105
vn 0.149200 0.130594 -0.973906
vn 0.074640 -0.004968 -0.995112
vn 0.054180 0.058417 -0.985662
vn 0.062494 0.040955 -0.996712
vn 0.056446 0.151767 -0.982620
vn 0.073364 0.069998 -0.991041
vn 0.079149 0.019615 -0.994729
vn 0.054950 0.009344 -0.996015
vn -0.021125 0.004470 -0.998518
vn 0.047401 -0.007779 -0.997188
vn 0.097896 0.028942 -0.992772
vn 0.137088 0.022586 -0.989420
vn 0.047097 -0.101874 -0.985776
vn 0.083939 -0.061655 -0.984247
vn 0.020261 0.072997 -0.992959
vn 0.129094 0.092918 -0.979739
vn 0.072085 -0.038849 -0.995021
vn 0.095663 -0.059432 -0.982091
vn 0.112913 0.018885 -0.993415
vn 0.160057 0.011232 -0.986434
vn 0.113246 -0.036935 -0.990298
vn 0.069452 0.217606 -0.970483
vn 0.085221 0.002453 -0.952072
vn 0.016710 0.026011 -0.974571
vn 0.067765 0.162846 -0.193844
vn 0.174388 0.093514 -0.965358
vn 0.077963 0.013753 -0.993890
vn 0.106229 0.023223 -0.991912
vn 0.197160 -0.069237 -0.974990
vn 0.118645 0.156394 -0.976784
vn 0.051984 0.221126 -0.378379
vn 0.071368 0.000284 -0.995238
vn 0.057392 -0.056584 -0.979255
vn -0.002492 0.182105 -0.981225
vn -0.041210 0.018630 -0.998377
vn -0.034581 -0.026505 -0.997439
vn -0.078016 -0.002718 -0.996120
vn 0.073055 0.047312 -0.995221
vn 0.072939 -0.057165 -0.995162
vn 0.079032 0.431161 0.153301
vn 0.129912 0.421232 0.879388
vn 0.085839 -0.066541 -0.990773
vn 0.059778 -0.074453 -0.995155
vn 0.046422 -0.069909 -0.996456
vn 0.048926 -0.030136 -0.997037
vn -0.000806 0.008516 -0.997792
vn 0.159274 0.207659 -0.964899
vn 0.181857 0.056035 -0.967401
vn 0.136543 -0.012097 -0.987105
vn 0.063686 -0.030049 -0.993195
vn 0.042076 -0.028026 -0.997476
vn 0.049319 -0.066453 -0.996570
vn -0.450257 0.035879 -0.574787
vn -0.093402 -0.000975 -0.920722
vn -0.062805 0.000023 -0.996540
vn -0.029714 0.114992 -0.984995
vn -0.179880 0.089224 -0.931334
vn -0.087879 0.363005 -0.847258
vn -0.137494 -0.016853 -0.968363
vn -0.984149 0.039485 0.111111
vn -0.990912 -0.029860 0.026581
vn 0.024296 -0.109670 -0.955204
vn -0.479197 -0.838764 -0.258545
vn -0.705116 0.100822 -0.528209
vn 0.109988 -0.036767 -0.984834
vn 0.014471 -0.050271 -0.998041
vn 0.119129 -0.097897 -0.986532
vn 0.025909 -0.042425 -0.998764
vn 0.055539 -0.051917 -0.995373
vn -0.074882 -0.022594 -0.995853
vn -0.981241 0.047374 0.033001
vn -0.962430 0.074191 -0.120787
vn -0.577231 0.050429 0.164389
vn -0.988049 0.032583 -0.015042
vn -0.017932 0.067360 0.992029
vn -0.036009 0.074298 0.991889
vn 0.014968 0.333233 0.919497
vn 0.190099 -0.008479 -0.977073
vn 0.212955 -0.008560 -0.975062
vn 0.203117 0.017696 -0.976461
vn -0.261401 0.003611 0.526450
vn 0.404696 0.047613 0.875772
vn 0.062210 0.009943 -0.997996
vn 0.188152 -0.020892 -0.977103
vn 0.110374 0.014980 0.953336
vn 0.156828 0.019774 0.986754
vn 0.206777 0.038985 0.976835
vn -0.005702 0.080451 0.956414
vn -0.648693 0.093081 0.273275
vn 0.257146 0.003471 -0.965711
vn 0.061190 -0.042898 -0.993869
vn 0.172658 -0.045303 -0.981281
vn 0.245424 0.011601 -0.968714
vn 0.193834 -0.033333 -0.978641
vn -0.002161 -0.014937 0.999886
vn -0.039421 -0.011929 0.998302
vn 0.129974 -0.015521 -0.990542
vn 0.141697 0.001519 -0.989707
vn 0.200716 0.014282 -0.977943
vn 0.162243 0.022824 -0.984204
vn -0.954948 0.248122 -0.120845
vn -0.956564 0.118075 -0.086901
vn -0.745055 -0.046082 -0.345067
vn -0.530663 -0.000743 -0.443766
vn -0.067906 -0.004515 -0.978094
vn -0.966012 0.082782 0.134239
vn -0.041778 -0.004402 -0.997628
vn 0.238634 0.029788 -0.970150
vn 0.212706 -0.292716 -0.543534
vn 0.111920 -0.366590 -0.436794
vn 0.166209 -0.727058 0.420808
vn 0.391133 -0.688656 -0.166836
vn 0.738195 -0.630962 -0.238652
vn 0.715126 -0.667334 -0.201289
vn 0.613779 -0.763814 -0.153581
vn 0.598558 -0.768418 -0.081023
vn 0.527183 -0.843687 -0.097996
vn 0.520671 -0.843698 0.024996
vn 0.575059 -0.755034 0.087515
vn 0.824698 -0.415558 -0.265480
vn 0.259611 0.136857 -0.945552
vn 0.280055 0.314184 -0.904933
vn 0.525074 -0.709510 0.357828
vn 0.342907 -0.713539 0.485863
vn 0.120249 -0.346174 0.873586
vn 0.326963 -0.179809 0.758437
vn 0.464384 0.416776 0.771742
vn 0.669893 -0.253434 0.491012
vn 0.004585 0.050916 0.998541
vn -0.006559 0.068652 0.997619
vn 0.096823 0.160329 0.938284
vn 0.228042 -0.305207 0.924578
vn 0.077761 -0.943332 0.130586
vn -0.018422 0.047124 0.998719
vn 0.172728 0.092294 0.957786
vn 0.093482 0.021801 0.981480
vn -0.201069 -0.904837 0.089135
vn 0.458087 -0.858515 0.074032
vn 0.529856 -0.804197 0.131401
vn -0.593276 -0.765834 0.073611
vn -0.748363 -0.635590 0.111140
vn -0.781083 -0.487472 0.018049
vn 0.177312 0.359779 0.908858
vn 0.254136 0.479460 0.501821
vn 0.317635 0.349963 0.029751
vn 0.363146 0.081102 0.802692
vn 0.354745 0.416439 -0.732238
vn 0.334752 0.868468 -0.200934
vn 0.241066 0.505612 -0.681895
vn 0.247278 0.110332 -0.962642
vn 0.541717 0.718994 -0.297761
vn 0.627985 0.728549 -0.016283
vn 0.721761 0.479814 -0.035340
vn 0.866482 -0.145836 0.153152
vn 0.085544 0.973766 -0.189787
vn 0.296193 0.908812 -0.178370
vn 0.160330 0.961724 -0.221339
vn 0.263528 0.942571 -0.127335
vn 0.801518 -0.566212 0.163089
vn 0.800684 0.198746 0.039529
vn 0.747667 -0.587415 0.087585
vn 0.459153 0.878128 -0.039527
vn 0.414852 0.242434 -0.820092
vn 0.411600 0.410063 -0.738269
vn 0.299411 0.293120 -0.890045
vn 0.710317 0.521706 -0.249525
vn 0.691884 0.437875 -0.514743
vn 0.935744 0.259912 -0.117032
vn 0.307109 0.198624 -0.916367
vn 0.415894 0.481972 -0.717430
vn 0.830820 0.144573 -0.142347
vn 0.672739 -0.717517 -0.018601
vn 0.601035 0.779266 -0.108403
vn 0.754924 0.572322 -0.040461
vn 0.337103 0.922385 -0.073462
vn 0.335939 0.051855 -0.936921
vn 0.943927 0.316978 -0.000202
vn 0.466011 0.182775 -0.783172
vn 0.493603 0.859536 -0.023426
vn -0.888193 0.352987 -0.213127
vn -0.509391 0.622546 -0.161450
vn -0.104045 0.861861 -0.232321
vn -0.872158 -0.386376 0.010707
vn -0.997263 -0.071044 -0.020457
vn 0.174776 0.973651 -0.087727
vn -0.472994 0.697280 -0.129812
vn -0.954945 0.274509 -0.105414
vn -0.765900 0.574429 -0.114304
vn 0.082053 0.983059 -0.045668
vn -0.400773 0.885202 -0.054249
vn -0.133905 0.938225 -0.103181
vn -0.935156 0.101879 -0.322558
vn -0.966671 0.053313 -0.230491
vn -0.634444 0.034695 0.355511
vn 0.148391 -0.181417 0.955439
vn 0.111196 -0.145950 0.937756
vn -0.131182 -0.008549 0.963947
vn -0.923519 0.030506 -0.002804
vn -0.310605 -0.004087 0.693011
vn -0.353029 0.022501 0.603036
vn -0.021032 -0.075631 0.919802
vn 0.075629 -0.165457 0.954998
vn -0.200547 -0.005731 0.977284
vn -0.194823 -0.004284 0.979707
vn -0.115479 -0.012040 0.967391
vn -0.486378 -0.002623 0.583384
vn -0.963024 0.064530 -0.029245
vn -0.928008 0.042442 0.067941
vn -0.964417 0.051964 -0.161995
vn -0.050523 -0.017775 0.975578
vn -0.967786 0.054702 -0.149014
vn -0.758261 0.040067 -0.422867
vn -0.274902 -0.021909 0.954469
vn -0.052570 -0.063392 0.979190
vn -0.162999 0.038439 0.955030
vn -0.181806 -0.013198 0.963559
vn -0.200914 -0.020884 0.828975
vn 0.010834 -0.095515 0.851373
vn 0.186428 0.006266 0.955272
vn -0.133403 0.102904 0.953308
vn -0.083156 -0.023605 0.995817
vn -0.088267 -0.011823 0.995941
vn -0.094247 -0.026919 0.995156
vn -0.066975 -0.044235 0.996221
vn -0.058706 0.002849 0.986267
vn -0.048388 0.102577 0.905038
vn -0.123330 0.091604 0.948221
vn -0.191485 0.092382 0.955269
vn -0.258201 0.138254 0.947799
vn -0.117301 -0.063855 0.970945
vn -0.187353 -0.022129 0.952781
vn -0.201532 0.018433 0.978326
vn -0.133163 -0.049812 0.969274
vn -0.171704 0.040433 0.942205
vn -0.053742 -0.029388 0.963960
vn -0.023597 0.103685 0.965382
vn -0.008395 -0.009110 0.992725
vn -0.095916 -0.000446 0.993065
vn 0.117864 0.016992 0.969845
vn 0.251847 0.055774 0.504906
vn -0.008085 0.035760 0.993214
vn 0.042427 0.190375 0.903807
vn -0.052571 0.005212 0.988614
vn -0.128966 -0.004888 0.984748
vn -0.053836 0.059846 0.950123
vn 0.123756 -0.085022 0.953535
vn 0.039400 -0.175548 0.920446
vn -0.024744 0.002905 0.990017
vn -0.204520 0.032293 0.976729
vn -0.154573 0.014564 0.986144
vn -0.216414 0.013000 0.970379
vn -0.196690 0.006117 0.926247
vn -0.105976 -0.030619 0.972086
vn -0.106912 -0.006014 0.977413
vn -0.205134 -0.015277 0.977357
vn -0.086771 -0.051191 0.981086
vn -0.257445 0.002385 0.835898
vn -0.938541 0.019686 -0.143147
vn -0.630303 0.038519 0.359776
vn 0.115424 0.096875 0.917759
vn -0.038697 0.068598 0.976677
vn -0.269168 -0.002240 0.857840
vn -0.177901 -0.003730 0.975288
vn -0.754593 0.009127 0.268365
vn -0.093515 -0.038715 0.978708
vn -0.660048 -0.095177 0.218395
vn -0.961454 0.054868 -0.213922
vn -0.660205 0.055726 -0.574881
vn -0.825913 0.055284 0.090267
vn -0.954569 0.019574 -0.255598
vn -0.107404 -0.013772 0.944654
vn 0.035000 -0.005281 0.990430
vn -0.181208 0.000676 0.962124
vn -0.147109 -0.053966 0.975275
vn -0.088073 0.007025 0.996044
vn -0.084028 0.005699 0.996402
vn -0.093485 0.001546 0.995513
vn -0.196714 0.046568 0.923528
vn -0.113748 -0.000780 0.992705
vn -0.126465 -0.043893 0.970445
vn -0.033744 -0.023184 0.954402
vn 0.129463 -0.065357 0.967628
vn -0.745694 0.015752 -0.501252
vn -0.220210 -0.012980 -0.950384
vn -0.355431 -0.035937 -0.793855
vn -0.232897 0.053557 -0.963517
vn -0.111171 0.064610 -0.988938
vn -0.197349 0.028741 -0.978877
vn 0.087125 0.018962 0.979631
vn -0.085604 0.049301 -0.994049
vn -0.057775 0.053165 -0.996759
vn 0.011407 0.154277 0.922229
vn -0.585193 0.066659 -0.573257
vn -0.051890 0.021327 -0.995897
vn -0.090192 0.012157 0.990825
vn -0.105661 0.049799 0.988667
vn -0.128435 -0.030953 0.984519
vn -0.315292 -0.001270 -0.944369
vn -0.329195 0.022005 -0.939385
vn -0.714604 0.022313 -0.430309
vn -0.296913 0.065129 -0.951392
vn -0.210275 -0.022537 0.968139
vn -0.293752 0.081901 0.919141
vn -0.072005 0.095063 0.898030
vn 0.167245 0.144887 0.830911
vn -0.089199 -0.003241 0.984084
vn -0.078143 0.058433 0.988335
vn -0.006503 -0.093564 0.989874
vn -0.093032 0.016132 0.995320
vn -0.087409 0.009135 0.996043
vn -0.091093 0.003257 0.995770
vn -0.087711 -0.041722 0.975812
vn -0.066406 -0.044723 0.978404
vn -0.084718 -0.024140 0.995647
vn 0.244588 -0.018760 0.953805
vn -0.195878 -0.024339 0.974863
vn 0.037449 -0.052712 0.974715
vn -0.081885 -0.003492 0.996553
vn -0.086451 -0.003780 0.996147
vn -0.085682 0.004087 0.996296
vn -0.130758 0.012568 0.975909
vn -0.040724 0.055002 0.987191
vn -0.033036 0.170708 0.978462
vn -0.078850 0.054799 0.989365
vn -0.154302 0.024884 0.970113
vn -0.085273 0.009142 0.996288
vn -0.082452 0.002810 0.996560
vn -0.071810 0.005600 0.997382
vn -0.074908 0.008229 0.997157
vn -0.078000 0.005983 0.996917
vn -0.077050 0.013402 0.996866
vn -0.031473 -0.100489 0.975360
vn -0.081792 0.014272 0.974104
vn 0.207233 0.089853 0.967740
vn -0.274572 0.067877 0.959074
vn -0.280057 0.049593 0.958011
vn -0.052342 0.172363 0.954658
vn -0.081500 -0.007790 0.996369
vn -0.078772 -0.000198 0.996718
vn -0.100350 -0.136706 0.929315
vn -0.177053 -0.148943 0.920458
vn -0.102514 -0.103258 0.973060
vn -0.306139 -0.199110 0.913092
vn -0.106670 -0.096747 0.973124
vn -0.045294 -0.137817 0.916266
vn -0.195617 0.002038 0.954067
vn -0.085654 -0.002710 0.996178
vn -0.082729 0.007946 0.996535
vn -0.094998 0.000575 0.995236
vn -0.089342 -0.028873 0.995059
vn -0.075221 -0.028401 0.996637
vn -0.171929 0.061400 0.961207
vn -0.103954 -0.054404 0.989942
vn -0.102916 -0.016420 0.993297
vn -0.085450 -0.018643 0.995229
vn -0.105768 0.027452 0.993263
vn -0.047461 0.025229 0.974178
vn -0.094644 -0.007947 0.995394
vn -0.086661 0.001119 0.996195
vn -0.031372 -0.260705 0.935143
vn -0.088176 -0.004155 0.996031
vn -0.080110 0.005051 0.996750
vn -0.082754 0.002939 0.996552
vn -0.069629 0.000415 0.997566
vn -0.074584 -0.001894 0.997146
vn -0.078230 -0.000097 0.996907
vn -0.080961 0.010496 0.996607
vn -0.080388 -0.003437 0.996758
vn -0.078141 -0.004173 0.996928
vn -0.079945 0.001631 0.996767
vn -0.071695 0.003943 0.997405
vn -0.076178 -0.000223 0.997075
vn -0.065776 -0.007676 0.997773
vn -0.075175 0.009286 0.997018
vn -0.082213 0.007033 0.996538
vn -0.074307 -0.007225 0.997209
vn -0.063188 0.012539 0.997826
vn -0.111179 -0.018072 0.993636
vn -0.080441 0.032539 0.996228
vn -0.094376 0.001599 0.995276
vn -0.249016 0.039886 -0.967312
vn 0.697241 -0.227411 -0.677251
vn 0.709029 -0.217870 -0.670679
vn 0.083361 0.053095 -0.994681
vn 0.097186 0.053511 -0.993814
vn 0.073141 0.050897 -0.995466
vn 0.031495 0.043950 -0.998537
vn 0.093332 0.048464 -0.994437
vn 0.092505 0.053385 -0.994260
vn 0.089269 0.044327 -0.995005
vn 0.091903 0.043770 -0.994785
vn 0.086310 0.041652 -0.995397
vn -0.297310 0.026153 0.637683
vn 0.032123 -0.022621 0.923045
vn -0.564302 0.001959 0.478424
vn -0.748475 0.079371 -0.491322
vn -0.252434 0.005100 -0.960433
vn -0.621404 0.032256 -0.506988
vn -0.205448 0.026173 -0.972029
vn -0.955768 0.031194 -0.249921
vn -0.938208 0.090449 -0.273356
vn -0.520447 -0.022499 -0.511016
vn -0.919597 0.034481 -0.235491
vn -0.954357 0.006559 -0.149883
vn -0.140937 0.020705 -0.869779
vn -0.578225 0.033461 -0.444090
vn -0.935061 0.063517 -0.276329
vn -0.060073 0.042276 -0.994143
vn -0.269129 0.035671 -0.900365
vn -0.072348 0.031143 -0.993051
vn -0.925658 0.051856 0.015685
vn -0.004610 0.058375 -0.996439
vn 0.076802 0.051223 -0.994382
vn -0.018552 -0.014326 -0.995306
vn 0.063539 0.015132 0.996150
vn -0.140586 -0.021283 0.967233
vn -0.506148 0.001263 0.559522
vn -0.948669 0.046608 -0.072417
vn -0.939547 0.048636 -0.338323
vn -0.913255 0.038949 -0.165413
vn -0.934963 0.019710 -0.053994
vn -0.491187 0.036668 -0.558449
vn -0.258668 0.008838 -0.942995
vn -0.816051 0.093414 -0.332575
vn -0.890411 0.054809 -0.348317
vn -0.354469 0.067230 -0.780963
vn -0.774865 0.039332 -0.511042
vn -0.131737 0.071814 -0.967057
vn -0.345742 0.051476 -0.751804
vn -0.911524 -0.005294 -0.384182
vn -0.398814 -0.009626 0.726447
vn -0.090122 0.003374 0.995737
vn -0.087420 0.003082 0.995737
vn -0.137026 -0.009954 0.989257
vn -0.966404 0.078619 -0.146107
vn -0.087000 0.003544 -0.994021
vn -0.871746 0.062488 -0.140118
vn -0.939471 0.066601 -0.238039
vn -0.955876 0.087712 -0.190349
vn -0.741831 0.041256 0.151590
vn -0.729220 0.086644 -0.467665
vn -0.362919 -0.001551 0.728651
vn -0.894883 0.019590 0.042038
vn -0.875334 0.016475 -0.415881
vn -0.321579 -0.005380 0.753039
vn -0.183423 0.004305 0.964045
vn -0.704174 0.062663 0.393550
vn -0.116538 -0.021962 0.984561
vn -0.253029 -0.058269 0.962023
vn -0.134592 0.012880 -0.987764
vn -0.001111 0.018571 -0.997536
vn -0.145371 -0.008028 0.982230
vn -0.000574 0.013072 -0.997046
vn -0.158217 -0.007963 0.985409
vn -0.090372 0.026436 0.995438
vn 0.085903 0.031689 -0.995191
vn -0.083178 0.013269 0.996297
vn 0.116988 0.056078 -0.991480
vn 0.091401 0.070096 -0.992701
vn -0.095616 0.012368 0.995341
vn -0.186281 -0.006205 0.982092
vn -0.121588 -0.004828 0.991971
vn -0.175635 -0.016138 0.978360
vn -0.974525 -0.016097 -0.223698
vn -0.090921 0.025374 0.995520
vn -0.089518 0.020551 0.995731
vn -0.094812 0.022278 0.995246
vn -0.116171 -0.048675 0.989453
vn -0.110255 -0.069929 0.989279
vn -0.110907 -0.169187 0.974610
vn -0.183881 -0.146231 0.968372
vn -0.231716 -0.173921 0.954883
vn -0.182359 -0.117066 0.975924
vn -0.367729 -0.114632 0.330490
vn -0.334547 0.157770 -0.651601
vn -0.147833 -0.128800 0.794132
vn -0.402300 -0.065251 -0.851559
vn -0.252153 -0.099369 0.958828
vn -0.092056 0.013487 0.995531
vn -0.094190 -0.150230 0.981212
vn 0.002941 -0.332569 0.942253
vn -0.210281 -0.175507 -0.961758
vn -0.573005 -0.338497 -0.746382
vn -0.079200 0.196211 0.823159
vn 0.038012 -0.445124 0.803703
vn 0.174894 -0.748436 0.639731
vn -0.120262 -0.120464 0.985406
vn -0.143466 -0.356648 0.912758
vn -0.068839 0.028155 0.996733
vn -0.086222 -0.010822 0.995319
vn -0.086714 -0.043840 0.994140
vn -0.138106 0.004147 0.973352
vn -0.168474 0.013953 0.913423
vn -0.050915 0.015345 0.988137
vn -0.216434 0.008262 0.946615
vn -0.191874 0.012142 0.882497
vn -0.125446 -0.077470 0.988663
vn -0.094550 -0.095891 0.989802
vn -0.117941 -0.095848 0.988073
vn -0.116112 -0.052381 0.990011
vn -0.079297 -0.090708 0.991327
vn -0.058296 -0.022577 0.992284
vn -0.089470 0.041070 0.994274
vn -0.053792 0.006975 0.994111
vn -0.105664 -0.121025 0.986562
vn -0.139913 0.068293 0.977721
vn -0.217164 -0.009519 0.965032
vn -0.143483 -0.004523 0.988510
vn -0.069198 -0.032414 0.977817
vn -0.102571 -0.067005 0.992345
vn -0.070758 -0.029651 0.989565
vn 0.023614 -0.070077 0.991375
vn 0.068185 -0.146642 0.973546
vn -0.091570 -0.068760 0.993081
vn 0.078025 0.331813 0.883487
vn 0.080120 0.024759 0.945321
vn -0.103048 -0.077519 0.991651
vn 0.264965 0.182317 0.764017
vn -0.087437 -0.026495 0.989146
vn 0.006762 -0.028314 0.999517
vn -0.110868 -0.015718 0.991956
vn -0.135220 -0.093228 0.986411
vn 0.035614 0.014484 0.989205
vn -0.117979 -0.010738 0.989781
vn -0.112500 0.029786 0.991836
vn -0.071666 0.018138 0.965169
vn -0.136094 0.004817 0.981427
vn -0.106945 -0.069512 0.991831
vn -0.123890 -0.081864 0.988724
vn -0.093776 -0.004940 0.989077
vn 0.011031 -0.103102 0.984760
vn -0.112313 0.004627 0.992506
vn -0.192904 0.085059 0.973111
vn -0.151895 0.017854 0.987821
vn -0.052469 0.061550 0.995497
vn -0.126586 -0.007867 0.972299
vn -0.066943 0.005773 0.988658
vn -0.092012 -0.027894 0.990751
vn -0.036081 -0.013044 0.993759
vn -0.145528 -0.146152 0.957544
vn -0.288594 -0.104133 0.916225
vn -0.128089 -0.084476 0.988149
vn -0.136552 -0.068570 0.988208
vn -0.137167 0.020438 0.948480
vn -0.054592 0.975837 -0.203964
vn -0.141454 0.962996 -0.190179
vn -0.043881 0.977918 -0.203261
vn 0.020801 0.920813 -0.185969
vn -0.102129 0.980845 -0.140527
vn -0.387710 0.732084 -0.105389
vn -0.391899 0.876957 -0.046918
vn -0.068868 0.985069 -0.147986
vn 0.000152 0.988359 -0.147730
vn -0.047175 0.987750 -0.144164
vn -0.361022 0.823195 -0.210217
vn -0.843621 0.250992 -0.063660
vn 0.991344 -0.008589 -0.015842
vn 0.856427 -0.009144 -0.383697
vn 0.968184 -0.047863 -0.110507
vn 0.149753 0.038425 -0.967711
vn 0.268045 0.011679 -0.949759
vn 0.517741 0.032569 -0.804630
vn 0.761282 0.051572 -0.503447
vn 0.401167 0.004177 -0.878999
vn 0.078262 0.040897 -0.995896
vn 0.053064 0.030113 -0.997793
vn 0.085649 0.040942 -0.995339
vn 0.322428 0.010538 -0.551954
vn 0.145992 -0.052322 -0.779810
vn 0.015118 -0.047833 -0.976003
vn 0.582415 -0.050798 -0.633031
vn 0.534393 -0.052874 -0.673480
vn 0.086557 0.009252 -0.990896
vn 0.331089 -0.078247 -0.715040
vn 0.263438 -0.004283 -0.940714
vn 0.131010 0.010929 -0.971605
vn 0.667196 0.012133 -0.662083
vn 0.145884 0.033002 -0.962729
vn 0.450988 0.003329 -0.651801
vn 0.437972 -0.033344 -0.796893
vn 0.035315 0.021481 -0.996397
vn 0.922640 -0.076602 0.183639
vn 0.542885 -0.071034 0.622991
vn 0.274236 -0.035330 0.869904
vn 0.789636 -0.064892 -0.277776
vn 0.476954 -0.042576 0.668590
vn 0.024286 -0.017234 0.999323
vn 0.937014 -0.024996 0.277976
vn -0.066906 -0.003038 0.995229
vn 0.032693 -0.006842 0.999431
vn 0.301969 -0.031725 0.860192
vn -0.080574 -0.005813 0.996612
vn -0.098443 -0.004978 0.994824
vn -0.075172 -0.003378 0.997045
vn -0.116518 -0.001683 0.991124
vn -0.091438 -0.006489 0.993919
vn -0.088838 -0.004031 0.995125
vn -0.016560 0.008963 0.997457
vn 0.029539 -0.005289 0.996339
vn 0.019870 0.021732 -0.998910
vn 0.143112 0.016903 -0.982933
vn 0.298481 0.051064 -0.920912
vn 0.093355 0.062813 -0.980961
vn -0.078611 -0.025514 0.994792
vn 0.486927 -0.031109 -0.600986
vn 0.558136 -0.056433 -0.519618
vn 0.045955 0.001479 -0.974381
vn 0.034539 0.025230 -0.998730
vn 0.150965 0.006867 -0.972825
vn 0.825215 -0.042621 -0.475814
vn 0.938096 -0.039556 -0.125781
vn 0.961831 -0.108154 -0.119629
vn 0.924534 -0.007518 -0.206784
vn 0.860305 -0.092968 -0.449540
vn 0.110383 -0.042513 -0.989266
vn 0.249270 -0.007942 -0.860960
vn -0.081712 0.005181 0.996485
vn -0.098866 0.018306 0.990551
vn -0.104268 0.007429 0.994258
vn -0.087793 -0.009512 0.893680
vn -0.090248 -0.000892 0.995793
vn 0.679738 -0.035226 -0.620924
vn 0.105495 0.006206 -0.982439
vn 0.180375 -0.018563 -0.978059
vn 0.989671 0.042081 0.128096
vn 0.989194 -0.023784 0.042653
vn 0.008438 0.025080 -0.999559
vn 0.118284 -0.017332 -0.985375
vn 0.248076 -0.036358 -0.500201
vn -0.007628 -0.084070 -0.950574
vn -0.044167 -0.014734 0.996083
vn -0.117256 -0.003647 0.993035
vn -0.086013 -0.012663 0.994467
vn -0.070185 0.003101 0.997517
vn -0.073792 0.000653 0.997268
vn -0.017115 -0.011377 0.997495
vn 0.742340 -0.088343 0.588935
vn 0.901558 -0.067912 -0.018988
vn 0.945799 -0.043151 -0.050554
vn 0.818717 -0.041835 0.241565
vn 0.914910 -0.081509 -0.205484
vn 0.914533 -0.087088 -0.374305
vn 0.995193 -0.003436 0.019074
vn 0.672976 -0.029186 0.433990
vn 0.753810 -0.036481 0.319729
vn 0.360738 -0.011191 0.901896
vn 0.982593 -0.016361 -0.055018
vn 0.247530 -0.064169 -0.832301
vn 0.986584 0.015995 -0.059383
vn 0.988411 -0.030900 0.094245
vn 0.937446 -0.113658 -0.179343
vn 0.949486 -0.034919 -0.109933
vn 0.958132 -0.039189 -0.231256
vn -0.061198 0.069085 -0.958914
vn 0.148511 0.083514 -0.981655
vn 0.047608 -0.001563 -0.994190
vn 0.020254 -0.038349 -0.996239
vn 0.264254 -0.086266 -0.789393
vn 0.872694 -0.127096 -0.356645
vn 0.041951 -0.013784 -0.977343
vn -0.096091 0.068360 -0.920363
vn 0.213947 -0.015625 -0.478175
vn 0.162162 -0.026722 -0.979644
vn 0.088014 -0.029543 0.989172
vn 0.073787 -0.011585 0.986010
vn 0.068143 -0.049396 -0.992950
vn 0.860626 -0.024595 -0.454539
vn 0.873793 0.063743 -0.368170
vn 0.599758 0.061036 -0.724292
vn 0.839981 -0.031725 -0.476684
vn 0.893362 -0.011353 -0.444171
vn 0.946142 -0.011181 0.076126
vn 0.921911 -0.019157 0.001222
vn 0.477986 -0.027551 0.602756
vn -0.091585 0.003377 0.995535
vn 0.089299 0.033561 -0.995301
vn 0.101717 0.044274 -0.993771
vn 0.363807 -0.025495 0.807026
vn 0.089402 -0.014712 0.995753
vn 0.079163 -0.013627 0.996688
vn 0.088316 0.020836 -0.995708
vn 0.273868 0.036785 -0.840693
vn 0.491299 -0.017726 0.723249
vn 0.665440 -0.076292 0.527774
vn 0.498266 -0.053213 0.861256
vn 0.827138 0.007348 0.039232
vn 0.988058 -0.107981 -0.060071
vn 0.785315 0.031950 -0.419448
vn 0.121583 0.027664 -0.970804
vn 0.539050 0.046733 -0.787682
vn 0.134432 0.048574 -0.956329
vn 0.055659 0.035141 -0.997110
vn 0.027636 -0.006919 -0.989276
vn -0.048407 -0.048475 -0.997318
vn 0.040906 -0.005740 -0.996228
vn 0.083593 -0.072016 -0.989807
vn 0.532058 -0.004007 0.710330
vn 0.067677 -0.008467 0.996719
vn -0.000804 -0.028967 0.998610
vn -0.017753 -0.012316 0.996969
vn -0.008956 -0.010388 0.988607
vn 0.041580 -0.025042 0.994416
vn 0.025259 -0.032757 0.985001
vn 0.048270 -0.031605 0.993591
vn 0.115363 -0.012741 0.923726
vn 0.617535 0.020205 0.452260
vn 0.182656 -0.041637 0.939510
vn 0.981614 -0.107601 0.135124
vn 0.786969 -0.058849 0.431400
vn 0.851677 0.022040 0.305030
vn -0.075414 0.009764 0.983677
vn 0.416250 0.796101 -0.132409
vn 0.249527 0.946993 -0.140069
vn 0.647522 0.406467 0.073595
vn 0.715218 0.290308 0.004077
vn 0.669749 0.408131 0.043914
vn 0.265108 0.943366 -0.114888
vn 0.359483 0.909204 -0.080470
vn 0.162508 0.977267 -0.134044
vn 0.467308 0.828553 0.089878
vn -0.970386 -0.229458 -0.075505
vn -0.089121 0.158659 0.899980
vn -0.266309 0.051690 0.892158
vn -0.149560 -0.029931 0.969059
vn -0.088603 0.025106 0.994678
vn -0.124979 0.022907 0.991686
vn -0.103785 0.044883 0.992468
vn -0.002138 -0.062538 0.955724
vn 0.092883 -0.220412 0.930407
vn 0.030757 -0.011607 0.956135
vn -0.140894 0.139696 0.903703
vn -0.151956 -0.140316 0.937062
vn -0.014167 0.169816 0.919837
vn -0.095491 -0.031262 0.992976
vn -0.088020 -0.062335 0.990906
vn 0.034183 -0.057824 0.939171
vn 0.017271 0.130086 0.957183
vn -0.019574 0.187725 0.924501
vn 0.002913 0.212935 0.916458
vn -0.248587 -0.057560 0.939027
vn -0.083175 -0.088078 0.946339
vn -0.167567 -0.159412 0.945889
vn -0.090316 -0.172211 0.954064
vn -0.200547 -0.017129 0.976530
vn 0.033060 -0.053485 0.979825
vn -0.116376 -0.111839 0.970721
vn -0.225753 0.083474 0.897567
vn -0.065108 -0.078598 0.987964
vn -0.081956 0.048375 0.988872
vn 0.026658 0.058616 0.932796
vn -0.077281 -0.058324 0.988555
vn -0.150076 0.128382 0.953119
vn -0.092753 -0.039827 0.991094
vn -0.096539 0.070124 0.989649
vn -0.097274 0.046565 0.987822
vn -0.164272 0.052874 0.950395
vn -0.107738 0.069432 0.968108
vn -0.066710 0.031734 0.988530
vn -0.031455 0.241022 0.965698
vn -0.103633 0.157515 0.975943
vn 0.009631 0.042263 0.992508
vn -0.046809 0.041406 0.987813
vn -0.112790 0.147511 0.955398
vn -0.007832 0.154076 0.954361
vn -0.018095 0.058075 0.973314
vn -0.089578 -0.024293 0.994167
vn -0.138139 0.114674 0.940925
vn -0.083518 0.149891 0.889543
vn -0.160037 0.164688 0.936962
vn -0.083969 -0.087662 0.925353
vn -0.230779 -0.001002 0.924559
vn -0.169085 0.010463 0.915199
vn -0.052817 0.025126 0.975149
vn -0.076503 0.042905 0.987641
vn -0.039520 -0.069121 0.976445
vn -0.019930 0.002173 0.973800
vn -0.018498 -0.059283 0.956495
vn -0.214978 0.030071 0.955620
vn -0.256310 0.262896 0.823894
vn -0.021091 -0.092288 0.976817
vn -0.222909 -0.108232 0.885871
vn 0.153362 0.070776 0.883917
vn -0.193403 -0.029937 0.946776
vn -0.081972 -0.017593 0.937471
vn -0.031571 -0.048546 0.975796
vn 0.046388 0.097490 0.948912
vn -0.023034 -0.222009 0.877210
vn -0.141226 0.055369 0.976790
vn -0.047528 -0.027675 0.993741
vn -0.130056 0.034002 0.986894
vn -0.138994 0.007299 0.982187
vn 0.119974 0.132217 0.937973
vn 0.081343 -0.187400 0.947840
vn -0.022686 0.074012 0.960679
vn -0.088414 0.005795 0.975251
vn -0.246970 0.256140 0.838018
vn -0.276165 0.093874 0.907947
vn -0.225881 0.252621 0.738264
vn 0.010488 -0.029563 0.991727
vn -0.164030 -0.009049 0.982960
vn 0.040663 -0.151637 0.979623
vn -0.300468 0.340648 0.832691
vn -0.259771 0.502830 0.741863
vn -0.201269 0.115703 0.970763
vn -0.059119 -0.012198 0.985958
vn -0.009227 -0.043874 0.966841
vn -0.038150 -0.207231 0.963559
vn -0.004448 -0.098331 0.936461
vn -0.085792 -0.171448 0.958750
vn -0.149003 -0.173032 0.957503
vn -0.071865 0.103163 0.984407
vn -0.043077 -0.083717 0.977997
vn 0.041379 -0.089403 0.928200
vn -0.092564 0.085328 0.991758
vn 0.082735 -0.301682 0.863296
vn 0.282047 -0.180961 0.897507
vn -0.073043 -0.078079 0.991546
vn -0.064409 -0.052538 0.992575
vn 0.183670 -0.174368 0.908258
vn -0.065314 -0.120591 0.963050
vn -0.123358 -0.095816 0.960259
vn -0.102547 0.032105 0.993658
vn -0.236439 0.017579 0.958990
vn -0.179595 0.095038 0.973267
vn -0.107531 0.041691 0.988652
vn -0.077982 0.014486 0.994211
vn -0.092051 0.145257 0.984429
vn -0.082037 0.195738 0.971950
vn -0.085149 -0.052060 0.994421
vn -0.124124 0.303033 0.906357
vn -0.030587 0.392801 0.916363
vn -0.102471 0.054299 0.951658
vn -0.077092 -0.030097 0.995888
vn -0.083977 0.049276 0.994762
vn -0.031734 0.087952 0.952431
vn -0.082932 -0.001626 0.996458
vn -0.087727 0.010542 0.996089
vn -0.057214 -0.124891 0.981304
vn -0.093231 -0.077753 0.991265
vn -0.112336 -0.052398 0.990702
vn -0.084784 0.430053 0.075928
vn 0.133856 0.214970 -0.891619
vn 0.186766 0.003599 -0.982398
vn -0.071721 0.123772 0.986707
vn -0.262709 0.573894 0.161176
vn -0.095190 -0.039658 0.993592
vn -0.112376 -0.088700 0.989651
vn -0.144188 -0.060629 0.986998
vn 0.019720 0.189612 0.981161
vn 0.153739 0.093237 0.773839
vn -0.119359 0.057307 0.987261
vn -0.076153 -0.118290 0.989886
vn -0.166336 -0.000620 0.984216
vn -0.203732 0.036134 0.975073
vn 0.003646 0.065824 0.956531
vn -0.021348 0.190089 0.907305
vn 0.078868 0.253252 0.888635
vn -0.091745 -0.030520 0.993511
vn -0.067800 -0.131527 0.988991
vn -0.048524 0.199772 0.928756
vn -0.111696 -0.080007 0.990516
vn 0.221310 0.640414 -0.657883
vn 0.653683 -0.001378 -0.452223
vn 0.446362 0.158935 -0.643043
vn 0.109216 0.454273 -0.820060
vn 0.104570 0.841052 -0.503396
vn -0.141427 0.753491 -0.509667
vn -0.373755 0.736398 -0.386763
vn 0.104054 0.880033 -0.442423
vn -0.807923 0.172445 -0.275828
vn -0.951131 -0.229251 -0.143493
vn -0.421137 0.216268 -0.608676
vn -0.875199 0.151938 -0.189924
vn -0.945928 -0.289719 -0.107424
vn 0.096475 0.086808 -0.991309
vn 0.096793 0.067567 -0.992200
vn 0.080214 0.067008 -0.994164
vn 0.128153 0.093287 -0.987109
vn 0.111614 0.075320 -0.990582
vn 0.041100 0.495318 -0.758050
vn 0.018289 0.411287 -0.848529
vn 0.066503 -0.095544 -0.322578
vn 0.040974 -0.288831 -0.950044
vn 0.095094 -0.111594 -0.979198
vn 0.062360 -0.448400 -0.882173
vn 0.046149 -0.457387 -0.880439
vn -0.013576 -0.721626 0.061855
vn 0.014828 -0.793465 -0.500605
vn 0.072173 -0.685266 -0.706904
vn 0.079234 -0.347002 -0.932167
vn 0.063217 -0.421102 -0.899810
vn 0.041670 -0.539563 -0.818653
vn -0.191551 -0.572101 0.400825
vn -0.121851 -0.700951 0.013749
vn -0.140368 -0.417268 0.882675
vn 0.089253 -0.371898 -0.917719
vn 0.045693 -0.618126 -0.773422
vn 0.122425 -0.458477 -0.837410
vn 0.111133 -0.304360 -0.944713
vn 0.103733 -0.234301 -0.965697
vn -0.014168 -0.594881 0.279881
vn 0.096811 -0.406563 -0.906092
vn 0.120318 -0.287949 -0.946964
vn -0.155243 -0.269370 -0.948775
vn -0.032577 -0.306919 -0.946018
vn -0.076707 -0.495862 -0.769411
vn -0.040156 -0.660050 -0.704165
vn 0.098674 -0.526600 -0.840705
vn -0.066856 -0.530272 -0.321269
vn 0.131130 -0.003397 -0.988939
vn 0.135662 -0.190763 -0.966871
vn 0.118241 -0.171607 -0.976794
vn 0.069077 -0.040934 -0.990972
vn -0.067439 -0.632280 0.079005
vn -0.073809 -0.755502 -0.031787
vn 0.027494 -0.712439 -0.552368
vn 0.112967 -0.046638 -0.990745
vn 0.133700 -0.088658 -0.983013
vn 0.139058 0.036494 -0.987941
vn 0.109783 -0.498712 -0.855715
vn 0.061237 -0.649956 -0.730885
vn 0.132844 0.082382 -0.987076
vn -0.009078 -0.621985 -0.070409
vn 0.133682 -0.389568 -0.908956
vn -0.084748 -0.012119 0.996098
vn -0.075288 -0.019939 0.996211
vn -0.077477 0.010780 0.996918
vn -0.125083 -0.552199 0.612874
vn -0.093331 -0.231253 0.957730
vn -0.103291 -0.279875 0.948442
vn 0.040468 -0.729438 -0.230212
vn 0.030446 -0.637142 0.341984
vn -0.087951 -0.202525 0.973548
vn -0.076718 -0.151595 0.958119
vn -0.079361 -0.208546 0.972702
vn -0.087064 -0.254908 0.961151
vn -0.081348 -0.316880 0.944462
vn -0.089160 -0.101709 0.986720
vn -0.068494 -0.115151 0.988720
vn 0.015890 -0.797003 0.073759
vn -0.109738 -0.217227 0.934724
vn -0.086391 -0.120100 0.947549
vn -0.055372 -0.115399 0.956668
vn -0.095830 -0.196636 0.962106
vn -0.075530 -0.052322 0.995125
vn -0.072608 0.011248 0.997221
vn -0.105320 -0.266780 0.957682
vn -0.073142 0.016012 0.997184
vn -0.079021 -0.122167 0.986830
vn -0.081133 -0.091921 0.991063
vn -0.074956 -0.450108 0.805281
vn -0.075602 -0.247946 0.963969
vn -0.082252 -0.171442 0.957886
vn -0.117935 -0.598362 0.650710
vn -0.055874 -0.190013 0.964124
vn -0.082781 -0.131813 0.979131
vn -0.070539 0.014141 0.997378
vn -0.070277 0.010617 0.997456
vn -0.069484 0.003743 0.997576
vn -0.135767 -0.325067 0.920532
vn -0.101388 -0.223251 0.962485
vn -0.075691 -0.187590 0.968554
vn -0.076020 -0.046936 0.995979
vn -0.082697 -0.047191 0.995457
vn -0.080346 -0.182021 0.979976
vn -0.184508 -0.216754 0.957506
vn -0.138272 -0.244257 0.959258
vn -0.085039 0.012116 0.977399
vn -0.091861 -0.158001 0.963977
vn 0.106328 0.049425 -0.992924
vn 0.100220 0.051560 -0.993472
vn -0.102067 -0.220214 0.966394
vn -0.097010 -0.125611 0.936742
vn -0.042068 -0.614939 0.578780
vn 0.107321 0.063397 -0.992201
vn -0.115562 -0.544262 0.650700
vn -0.123739 0.875174 -0.467717
vn -0.158571 -0.239927 0.957534
vn -0.103145 -0.425180 0.875198
vn -0.228256 -0.148248 0.958778
vn -0.092956 -0.175953 0.973733
vn -0.080229 -0.176598 0.962044
vn 0.088292 0.036333 -0.995425
vn 0.088195 0.039755 -0.995310
vn 0.036510 0.059716 -0.996694
vn 0.103375 0.021857 -0.993620
vn 0.028855 0.023662 -0.998933
vn 0.083563 0.122973 -0.985247
vn 0.087506 0.061085 -0.991565
vn 0.115143 0.108778 -0.987152
vn 0.071955 0.035521 -0.995821
vn 0.042529 0.003352 -0.998492
vn 0.084080 0.000998 -0.995854
vn 0.038594 0.012097 -0.996816
vn 0.083122 0.027948 -0.994463
vn 0.003542 0.270984 -0.957329
vn -0.051287 0.249128 -0.964916
vn 0.040490 0.194980 -0.964042
vn 0.087603 -0.027179 -0.991132
vn 0.044397 0.166317 -0.980054
vn 0.077499 -0.003597 -0.983269
vn 0.082200 0.003863 -0.991128
vn 0.104733 0.020408 -0.992995
vn 0.087377 0.023394 -0.994157
vn 0.066732 0.016553 -0.996104
vn 0.112074 0.017852 -0.993068
vn 0.078909 0.011703 -0.996609
vn 0.093273 -0.041818 -0.993302
vn 0.124544 -0.052635 -0.990065
vn 0.127562 -0.004512 -0.991757
vn 0.105943 0.055564 -0.992617
vn 0.100227 0.026462 -0.993982
vn 0.111459 0.041633 -0.992892
vn 0.077089 0.039734 -0.995132
vn -0.090584 0.200600 -0.764580
vn -0.023211 0.497407 -0.583807
vn -0.296230 0.951174 0.082048
vn -0.257081 -0.058005 0.801781
vn -0.053367 0.376336 0.920886
vn -0.171550 0.165019 0.937792
vn -0.414944 -0.466070 0.460571
vn -0.161345 0.053679 0.973353
vn -0.206840 -0.073160 0.971519
vn 0.043638 0.100083 -0.990458
vn 0.124655 -0.090076 -0.988086
vn 0.055895 -0.009988 -0.997056
vn 0.033986 0.022157 -0.997889
vn -0.150962 0.019117 0.987613
vn -0.131530 0.001545 0.990935
vn -0.139049 -0.012349 0.988549
vn -0.124715 -0.018080 0.992028
vn 0.041103 -0.050188 -0.997814
vn 0.085768 0.039307 -0.995539
vn 0.005293 0.011786 -0.971920
vn 0.056633 -0.071550 -0.995523
vn 0.082049 -0.094519 -0.991611
vn 0.063436 0.015834 -0.996881
vn 0.073267 0.033676 -0.996024
vn -0.088621 -0.133679 0.985902
vn -0.048797 -0.524567 0.287673
vn -0.092330 -0.171492 0.963587
vn 0.102265 0.057355 -0.992940
vn 0.115384 0.046473 -0.991897
vn 0.159583 0.040999 -0.985212
vn -0.125135 -0.777244 0.078999
vn -0.414779 -0.672038 0.093121
vn -0.135850 -0.409032 0.820773
vn -0.071204 0.111781 0.930193
vn -0.111803 0.595089 0.425162
vn -0.096629 -0.084571 0.973874
vn -0.378470 -0.613652 -0.571856
vn -0.131402 -0.655620 -0.606389
vn -0.086306 -0.150674 -0.925204
vn -0.084081 -0.171191 0.981585
vn 0.099781 0.037759 -0.994282
vn 0.099602 0.042265 -0.994129
vn 0.100444 0.041084 -0.994093
vn 0.975368 0.047321 0.095342
vn -0.095244 -0.061113 0.939573
vn -0.063741 -0.167582 0.983486
vn 0.106889 0.046734 -0.992737
vn 0.086256 0.062887 -0.994235
vn 0.092588 0.046303 -0.994562
vn 0.169610 0.017610 -0.983122
vn -0.076007 -0.110655 0.989316
vn -0.018869 -0.576322 -0.706537
vn -0.469919 -0.116603 0.633478
vn -0.210211 0.546121 0.405292
vn 0.027350 0.321577 -0.810408
vn -0.454886 0.124993 -0.539131
vn 0.115134 0.075576 -0.981070
vn -0.600137 0.734105 -0.005703
vn -0.829318 0.510447 -0.001688
vn -0.723187 0.575877 -0.026412
vn -0.881298 0.008692 0.306173
vn 0.101531 0.039386 -0.993981
vn -0.140830 -0.194716 0.878875
vn 0.016890 -0.253948 -0.947988
vn -0.069145 -0.109843 0.989792
vn 0.152611 0.034811 -0.986654
vn 0.139602 0.036359 -0.989326
vn 0.799862 -0.027809 -0.599473
vn 0.134231 0.049555 -0.968575
vn 0.327930 0.047617 -0.873654
vn -0.223286 0.879251 0.016543
vn -0.058463 0.750130 0.183770
vn 0.173537 -0.058855 -0.979878
vn 0.203412 -0.067555 -0.975103
vn 0.152447 -0.118579 -0.976536
vn 0.126102 -0.065552 -0.989033
vn -0.800546 0.454061 0.209656
vn -0.959458 -0.063736 -0.240846
vn -0.807685 0.249422 -0.172134
vn 0.099422 0.018164 -0.994800
vn -0.048550 0.506979 -0.711478
vn -0.311506 0.883949 -0.185727
vn 0.067744 0.038347 -0.992704
vn 0.055144 0.994286 -0.001215
vn 0.110272 -0.038836 -0.992228
vn 0.198309 0.014427 -0.979744
vn 0.236676 -0.008579 -0.971373
vn 0.227323 0.013481 -0.973475
vn 0.986105 0.066561 0.054002
vn -0.179411 0.965163 0.151024
vn -0.012454 0.989558 0.119113
vn 0.109438 -0.242345 -0.959132
vn 0.168946 -0.186528 -0.966790
vn 0.997886 0.055374 -0.034012
vn 0.322804 0.012041 -0.872695
vn -0.978726 -0.054836 -0.156982
vn 0.130680 0.049949 -0.988698
vn 0.959333 0.252817 0.125555
vn 0.189968 -0.007923 -0.978381
vn -0.351534 0.931066 0.087805
vn -0.075086 -0.057281 0.995531
vn -0.022921 0.367197 0.898151
vn 0.095278 0.529776 0.755460
vn 0.005975 0.367378 0.884036
vn -0.017928 0.683190 0.174647
vn 0.212474 0.231835 0.894244
vn 0.246184 0.093966 0.899155
vn 0.070281 0.483274 0.831001
vn 0.175566 0.443917 -0.591323
vn 0.077351 0.728206 0.654967
vn 0.085611 0.455216 0.862174
vn 0.244899 0.525373 0.610989
vn 0.141540 0.510800 -0.379851
vn 0.104958 0.007626 -0.984383
vn 0.211257 0.300795 -0.482398
vn 0.316273 0.166499 -0.727867
vn -0.305146 0.068888 0.696460
vn -0.154431 0.081988 0.828082
vn -0.647642 0.459737 0.329093
vn 0.134558 0.182279 -0.961436
vn 0.097494 0.240556 -0.954043
vn -0.189289 0.124254 0.967972
vn -0.206030 -0.045437 0.975582
vn -0.103046 0.068080 0.978789
vn -0.021062 -0.117016 0.935626
vn 0.170822 0.255051 0.906040
vn -0.024789 -0.026096 0.954516
vn -0.201791 -0.034142 0.969677
vn 0.115806 0.521190 -0.691956
vn -0.042288 0.087570 0.986532
vn -0.375816 0.715698 -0.179660
vn -0.337598 0.465350 0.364858
vn 0.130344 0.148830 -0.977762
vn 0.147108 0.437894 0.797459
vn 0.036046 0.218844 0.969260
vn 0.039160 0.145772 -0.987893
vn 0.129672 0.434920 0.730912
vn 0.002485 0.563226 -0.799283
vn -0.190183 -0.043035 0.979811
vn -0.218425 -0.054893 0.974240
vn -0.177950 -0.051608 0.982429
vn 0.386905 -0.035800 0.921165
vn -0.035900 -0.060597 0.875275
vn -0.027298 0.409316 -0.862571
vn 0.179174 -0.073826 0.968160
vn -0.152744 -0.021147 0.979232
vn 0.045128 0.222657 0.973600
vn 0.160044 -0.038140 0.983546
vn -0.356976 -0.089035 0.541150
vn 0.011105 0.147311 0.978750
vn 0.024362 0.178053 0.983361
vn -0.852468 0.392934 -0.031579
vn -0.946283 0.103539 0.031185
vn -0.957491 0.204093 0.094367
vn -0.808091 0.008477 0.221179
vn 0.117177 -0.044965 0.634579
vn 0.159387 0.274768 0.674081
vn 0.123027 0.060413 0.830853
vn -0.108872 0.814683 -0.521577
vn 0.169884 0.753439 0.508637
vn 0.150553 -0.130228 0.850826
vn 0.284407 0.502476 0.663558
vn -0.934705 0.025350 -0.207633
vn 0.266174 0.352541 0.766185
vn 0.027060 0.375220 0.498108
vn 0.305379 0.037117 0.868885
vn -0.893340 0.039241 0.394154
vn -0.899566 -0.008137 0.056812
vn -0.959737 -0.153243 -0.179915
vn 0.102791 0.695604 0.062460
vn -0.842388 0.039031 0.039233
vn -0.043124 0.108168 0.969178
vn -0.083393 0.059378 0.976398
vn 0.045398 0.026066 0.955676
vn 0.034693 -0.012758 0.980346
vn -0.109469 0.024430 0.986906
vn -0.250858 -0.004326 0.967021
vn -0.197210 -0.014081 0.978844
vn -0.257029 -0.023396 0.964392
vn -0.097410 -0.006379 0.958411
vn -0.140257 -0.081425 0.962673
vn -0.071576 -0.004406 0.978288
vn -0.033523 -0.034152 0.980383
vn -0.022159 -0.105782 0.971130
vn -0.083974 -0.014227 0.954926
vn -0.077196 0.161232 0.945390
vn -0.185006 0.056182 0.818993
vn -0.028628 0.012201 0.947944
vn -0.107034 -0.041517 0.958039
vn -0.130986 -0.009308 0.964903
vn -0.098115 -0.101173 0.968786
vn -0.149876 -0.016102 0.968670
vn -0.184884 -0.048702 0.963977
vn 0.116450 0.025825 0.968087
vn -0.066866 0.072783 0.930241
vn 0.177753 -0.307098 0.914757
vn 0.243783 -0.017956 0.941875
vn -0.342990 0.027645 0.809746
vn -0.448626 0.073103 0.818128
vn -0.669700 -0.008006 0.638578
vn -0.081898 -0.020159 0.994486
vn -0.087221 -0.004057 0.965534
vn -0.092422 0.034028 0.984596
vn -0.198185 0.060377 0.925279
vn -0.411286 0.236229 0.879455
vn -0.119188 -0.140301 0.936454
vn -0.095998 -0.036914 0.992555
vn -0.126770 -0.002702 0.977147
vn -0.038754 -0.085542 0.949034
vn 0.040085 -0.029416 0.982412
vn -0.084114 0.009338 0.995779
vn -0.067659 0.070628 0.957832
vn 0.012939 -0.113257 0.972693
vn -0.036012 -0.081811 0.970964
vn -0.064474 0.032334 0.988375
vn -0.149422 -0.115597 0.965994
vn -0.078901 -0.026197 0.988871
vn -0.099676 -0.047883 0.990102
vn -0.087381 0.025892 0.973852
vn -0.128106 -0.059118 0.970943
vn -0.104056 -0.049979 0.964830
vn -0.229187 0.042906 0.899602
vn 0.052500 -0.029191 0.939123
vn -0.120035 0.117943 0.808964
vn 0.048196 -0.142555 0.912185
vn -0.074637 -0.009803 0.996902
vn -0.075257 0.012845 0.997081
vn -0.075363 -0.014488 0.996554
vn -0.088443 -0.071537 0.965419
vn 0.120985 0.164670 0.959116
vn -0.008562 0.025826 0.964515
vn -0.036078 0.042587 0.979548
vn -0.073047 0.000309 0.997170
vn -0.011458 -0.144460 0.953995
vn 0.130896 -0.046469 0.962614
vn 0.146997 -0.261937 0.927187
vn -0.068280 0.052501 0.996283
vn 0.022717 0.002663 0.959740
vn -0.229844 0.003960 0.905559
vn -0.150071 -0.169721 0.881788
vn -0.076237 -0.060387 0.987852
vn -0.257928 -0.112378 0.867905
vn -0.106244 -0.068519 0.954898
vn 0.278859 -0.010450 0.943063
vn -0.049174 -0.027280 0.993325
vn 0.091241 0.047024 -0.994643
vn 0.093380 0.057894 -0.993877
vn 0.086596 0.050719 -0.994842
vn 0.090232 0.058394 -0.994133
vn 0.085067 0.047195 -0.995000
vn 0.073920 0.055806 -0.995667
vn 0.082701 0.031818 -0.995842
vn 0.097550 0.053842 -0.993759
vn 0.097749 0.064349 -0.993112
vn -0.092521 -0.047866 0.325760
vn -0.054235 0.035889 0.252023
vn -0.097604 -0.055791 0.993608
vn 0.086982 0.045771 -0.994730
vn -0.091936 -0.056435 0.994164
vn 0.107003 -0.032296 -0.991776
vn 0.088391 -0.014900 -0.993878
vn 0.095480 0.014992 -0.993907
vn 0.154761 0.140493 -0.965189
vn 0.074243 0.069348 -0.990817
vn 0.136455 0.000518 -0.989398
vn 0.077282 0.036690 -0.994303
vn 0.093588 0.026729 -0.994475
vn 0.070434 0.035226 -0.996360
vn 0.095454 0.023690 -0.994798
vn 0.081342 0.034799 -0.994442
vn 0.076593 -0.030664 -0.996342
vn 0.126893 0.098069 -0.981814
vn 0.090983 0.009838 -0.982110
vn 0.084152 -0.028833 -0.990856
vn 0.013769 0.109009 -0.986605
vn 0.034354 0.054250 -0.988499
vn 0.068542 0.052208 -0.987484
vn 0.105830 0.048804 -0.986069
vn 0.041505 -0.002644 -0.992762
vn 0.017558 -0.022488 -0.999570
vn 0.046306 0.025392 -0.989412
vn 0.062005 0.063919 -0.977118
vn 0.076646 0.027934 -0.992887
vn 0.090152 0.010391 -0.994232
vn 0.069853 -0.027425 -0.987820
vn 0.107518 0.109702 -0.978884
vn 0.112303 0.202329 -0.967121
vn 0.190449 0.179987 -0.955648
vn 0.087614 0.015902 -0.993139
vn 0.079733 0.023138 -0.995717
vn 0.114141 -0.021991 -0.987145
vn 0.091536 0.000556 -0.988695
vn 0.097606 0.011524 -0.991448
vn 0.166009 0.028867 -0.979037
vn 0.078035 0.097604 -0.984306
vn 0.102202 0.000772 -0.994491
vn 0.052783 0.059072 -0.992816
vn 0.099225 0.117871 -0.982027
vn 0.093870 0.031723 -0.994727
vn 0.053817 0.034072 -0.996785
vn 0.078666 0.001689 -0.996491
vn 0.091330 0.002273 -0.993091
vn 0.097337 0.000891 -0.991711
vn 0.096843 0.016814 -0.993501
vn 0.095385 0.017823 -0.991086
vn 0.222387 -0.058255 -0.968519
vn 0.135592 0.026687 -0.978289
vn 0.101779 0.184167 -0.972000
vn 0.081491 0.128783 -0.984300
vn 0.093031 0.161891 -0.978863
vn 0.072798 -0.044778 -0.995680
vn 0.094883 0.025821 -0.994394
vn -0.008899 0.049818 -0.988855
vn 0.102557 0.207858 -0.961718
vn 0.094220 -0.021915 -0.995087
vn 0.080872 -0.002080 -0.996181
vn 0.106762 0.001301 -0.993733
vn 0.092010 0.030707 -0.994191
vn 0.048331 -0.045875 -0.968947
vn 0.078610 0.008847 -0.995862
vn 0.080939 -0.061496 -0.987126
vn 0.106792 0.045827 -0.986386
vn 0.059599 -0.021054 -0.996120
vn 0.056665 -0.008171 -0.993922
vn 0.081213 -0.006399 -0.996665
vn 0.092161 0.033490 -0.993670
vn 0.068827 -0.000918 -0.991788
vn 0.079964 -0.016812 -0.996597
vn 0.110050 -0.018815 -0.993582
vn 0.094756 -0.006502 -0.995210
vn 0.219343 0.211629 -0.947536
vn 0.106817 -0.026985 -0.993853
vn 0.087969 0.025579 -0.994530
vn 0.095411 0.010187 -0.992771
vn 0.124219 0.003692 -0.989352
vn 0.067027 -0.052065 -0.991537
vn 0.065956 -0.048522 -0.988473
vn 0.113836 0.010506 -0.988471
vn 0.088947 0.055253 -0.960397
vn 0.120389 -0.049783 -0.986863
vn 0.057899 0.039324 -0.991401
vn 0.063879 0.001341 -0.994201
vn 0.065003 0.043331 -0.990085
vn 0.115012 0.006925 -0.992142
vn 0.116397 -0.017760 -0.987329
vn 0.048720 0.131812 -0.976186
vn 0.124082 0.010172 -0.991016
vn 0.110543 -0.001831 -0.993665
vn 0.115321 0.122493 -0.984166
vn 0.168759 0.101680 -0.980385
vn 0.087187 0.012118 -0.995658
vn 0.069813 0.118698 -0.977338
vn 0.152210 0.005327 -0.985660
vn 0.080370 -0.048925 -0.994675
vn 0.111932 0.016020 -0.990297
vn 0.082467 0.047551 -0.995071
vn 0.124071 0.055295 -0.990016
vn 0.095111 -0.010120 -0.983163
vn 0.143109 0.028722 -0.968888
vn 0.083130 -0.074700 -0.991703
vn 0.095126 0.015205 -0.995135
vn 0.147836 0.064528 -0.948105
vn 0.109370 0.248532 -0.962035
vn 0.053521 0.093951 -0.994137
vn 0.093291 0.012534 -0.983918
vn 0.039967 0.152948 -0.983192
vn 0.071980 -0.035418 -0.995860
vn 0.012950 0.053406 -0.997212
vn 0.138447 0.020789 -0.980666
vn -0.109927 0.923915 0.218362
vn -0.126660 0.928512 0.096678
vn -0.128281 0.914169 0.146118
vn -0.197735 0.961464 0.091684
vn -0.086807 0.978394 0.141990
vn -0.112313 0.969438 0.156056
vn 0.007286 0.979594 0.167857
vn 0.176054 0.873909 0.180980
vn -0.035434 0.985320 0.166134
vn 0.138253 0.961938 0.103042
vn -0.054963 0.995213 0.080811
vn 0.666629 0.446841 0.086096
vn 0.980765 -0.153997 0.119937
vn 0.543023 0.682049 0.119861
vn 0.208717 0.883560 0.232258
vn 0.150231 0.958841 0.132695
vn 0.034883 -0.097650 -0.991905
vn 0.022547 -0.059147 -0.989112
vn 0.019356 -0.107438 -0.975731
vn -0.010754 -0.063490 -0.976029
vn 0.076501 -0.133744 -0.984306
vn -0.041108 -0.129698 -0.978103
vn -0.005893 -0.055171 -0.989374
vn 0.039004 -0.102096 -0.975264
vn 0.018052 -0.104127 -0.978919
vn 0.010154 -0.280603 -0.931848
vn 0.082332 -0.111155 -0.986082
vn 0.096964 0.080195 -0.959631
vn 0.124114 0.020366 -0.975675
vn 0.074384 0.035070 -0.979491
vn 0.056343 0.002667 -0.996703
vn 0.090277 0.046847 -0.994629
vn 0.084244 0.024161 -0.995678
vn 0.023494 0.180267 -0.967509
vn 0.005303 -0.020090 -0.994194
vn 0.050630 -0.040461 -0.989559
vn 0.065272 -0.023441 -0.984751
vn 0.066128 -0.057935 -0.991533
vn 0.080077 -0.045838 -0.994349
vn 0.042389 -0.075232 -0.996068
vn 0.089882 -0.127723 -0.916250
vn 0.136729 -0.085109 -0.974876
vn 0.198690 -0.272473 -0.913185
vn 0.126668 0.046503 -0.968495
vn 0.086837 -0.005962 -0.994231
vn 0.060454 -0.026512 -0.996786
vn 0.078741 0.023631 -0.987401
vn 0.092045 0.046907 -0.994635
vn 0.093079 0.052687 -0.994178
vn 0.100672 0.050198 -0.993648
vn 0.169688 -0.045127 -0.974862
vn 0.105943 0.041528 -0.992734
vn 0.094536 0.028007 -0.993888
vn 0.083326 0.049491 -0.995266
vn 0.078836 0.053795 -0.995398
vn 0.152361 -0.119409 -0.972667
vn 0.016054 -0.067055 -0.985500
vn 0.085512 0.049870 -0.995061
vn 0.090910 0.057640 -0.994016
vn 0.012166 -0.113369 -0.990124
vn 0.104191 -0.085381 -0.989015
vn 0.030161 -0.035452 -0.995985
vn 0.053020 -0.031717 -0.949736
vn 0.075067 -0.137918 -0.987228
vn 0.106768 -0.090294 -0.989811
vn 0.095838 -0.064118 -0.991043
vn 0.064787 -0.065118 -0.992232
vn 0.131224 -0.028453 -0.990766
vn 0.105338 -0.098613 -0.987846
vn 0.036389 0.037210 -0.998287
vn 0.007814 0.024805 -0.999654
vn 0.097520 0.005984 -0.967602
vn 0.350744 -0.046161 -0.897529
vn 0.011550 0.132252 -0.981343
vn 0.055634 0.026148 -0.991905
vn 0.069109 0.038916 -0.993772
vn 0.102618 0.029896 -0.979044
vn 0.257075 0.192069 -0.803680
vn 0.096139 0.043610 -0.989569
vn 0.252517 0.153198 -0.923449
vn 0.059270 0.023794 -0.995428
vn 0.091408 -0.006584 -0.987655
vn 0.081019 0.033429 -0.992939
vn 0.073735 0.089663 -0.979983
vn 0.050549 0.055257 -0.977623
vn 0.064368 0.067495 -0.964159
vn -0.126284 -0.015715 -0.980568
vn -0.043537 0.096569 -0.988589
vn -0.003674 0.009863 -0.997010
vn 0.199239 -0.093269 -0.975502
vn 0.156144 0.015993 -0.979441
vn 0.058736 0.093275 -0.989613
vn 0.087542 0.024948 -0.995214
vn 0.072415 0.103160 -0.991587
vn 0.097871 0.138512 -0.983892
vn 0.091114 0.035024 -0.989453
vn 0.057451 0.118510 -0.987875
vn 0.037858 0.009842 -0.995260
vn 0.076911 0.010167 -0.992839
vn 0.082055 0.011519 -0.992437
vn -0.138873 0.108426 -0.976862
vn 0.125169 -0.030696 -0.653372
vn 0.074673 -0.014171 -0.849238
vn 0.059843 0.133239 -0.987238
vn 0.084368 0.035753 -0.983673
vn -0.003242 -0.035826 -0.990570
vn 0.100984 0.041387 -0.990287
vn 0.077934 0.042771 -0.994620
vn 0.093823 0.141279 -0.983268
vn 0.066959 0.034017 -0.995875
vn 0.101146 0.179662 -0.977856
vn 0.099574 0.202256 -0.974180
vn 0.062594 0.177533 -0.977536
vn 0.559628 0.258538 -0.592668
vn 0.031189 -0.007852 -0.971395
vn 0.001399 0.016343 -0.990092
vn 0.028222 0.091258 -0.960085
vn 0.063828 0.010822 -0.992898
vn 0.039607 0.042380 -0.983691
vn 0.828282 -0.047750 0.071082
vn 0.027943 0.075955 -0.987299
vn 0.006707 0.176715 -0.982925
vn 0.100718 0.152869 -0.978761
vn 0.082887 -0.005125 -0.979928
vn -0.176381 -0.009377 -0.975101
vn -0.317228 -0.053306 -0.940446
vn 0.019392 0.084095 -0.949867
vn -0.011145 0.099737 -0.927440
vn 0.105525 0.061639 -0.990227
vn 0.014147 0.079668 -0.977331
vn 0.108339 -0.085626 -0.965793
vn 0.179147 0.136056 -0.818077
vn 0.057632 0.030748 -0.991490
vn 0.042971 -0.007128 -0.994357
vn -0.106364 0.034879 -0.952970
vn 0.089210 0.091730 -0.988428
vn 0.102161 0.051433 -0.986148
vn 0.094507 -0.003499 -0.989741
vn 0.054802 -0.033329 -0.992748
vn 0.060663 -0.025450 -0.992130
vn -0.161462 -0.023191 -0.985468
vn 0.192410 -0.065969 -0.805924
vn 0.079074 0.060318 -0.994361
vn 0.087631 0.169445 -0.979585
vn 0.044300 0.066145 -0.995002
vn 0.105824 0.109419 -0.985737
vn 0.074956 0.001070 -0.991739
vn 0.026530 0.037417 -0.957272
vn 0.096063 0.016011 -0.994554
vn 0.095440 0.001379 -0.993855
vn 0.103494 0.035159 -0.993583
vn 0.053491 0.039998 -0.995411
vn 0.074791 0.037973 -0.983270
vn 0.056599 0.050846 -0.995952
vn 0.017860 0.029832 -0.963189
vn 0.039828 0.000950 -0.988046
vn 0.076908 0.083582 -0.991794
vn 0.121495 0.050687 -0.983935
vn 0.053619 0.025185 -0.996977
vn 0.078177 0.036368 -0.992500
vn 0.099745 0.035949 -0.987192
vn 0.083003 0.060329 -0.992590
vn 0.045273 -0.016014 -0.977890
vn 0.044361 -0.027233 -0.993696
vn 0.088617 0.006886 -0.996042
vn 0.103413 0.114988 -0.986199
vn 0.052784 0.014301 -0.998504
vn 0.058924 0.075043 -0.992543
vn 0.053919 0.007050 -0.995676
vn 0.096690 0.095068 -0.973502
vn 0.560118 0.034327 -0.318118
vn 0.958167 0.096752 -0.019501
vn 0.833984 -0.071417 0.329751
vn 0.593494 -0.029291 -0.063500
vn 0.960141 0.044159 0.197085
vn 0.975316 -0.037293 0.199476
vn 0.943951 -0.040561 0.192524
vn 0.108288 -0.050874 -0.988042
vn 0.897292 -0.064880 0.244831
vn 0.333608 -0.047444 -0.516330
vn 0.624360 -0.161850 -0.646537
vn 0.991639 0.020499 -0.071663
vn 0.973251 0.024235 0.032463
vn 0.943981 0.060616 0.169196
vn 0.738612 0.028289 -0.334445
vn 0.981776 0.067327 -0.075785
vn 0.997778 0.026293 0.058143
vn 0.440102 0.160352 -0.780929
vn 0.113951 -0.016144 -0.993355
vn 0.735087 -0.030694 -0.328349
vn 0.536064 0.072036 -0.701520
vn 0.245458 0.015433 -0.954450
vn 0.459642 -0.079092 -0.811674
vn 0.191661 0.003647 -0.980998
vn 0.275858 -0.013026 -0.944530
vn 0.329040 0.013920 -0.922185
vn 0.775399 -0.066530 -0.502335
vn 0.586153 -0.155037 -0.794682
vn 0.828794 -0.096460 -0.496604
vn 0.207036 0.044065 -0.968914
vn 0.662650 -0.041363 0.602718
vn 0.791844 -0.049567 0.401014
vn 0.437814 0.022040 -0.868738
vn 0.733470 -0.059792 -0.364832
vn 0.867230 -0.043363 -0.174572
vn 0.283186 -0.008777 -0.934450
vn -0.047238 -0.018163 0.998396
vn -0.018639 -0.011182 0.998552
vn -0.024792 -0.039500 0.996970
vn 0.759783 -0.028623 0.489111
vn -0.036779 0.007488 0.999266
vn -0.037318 -0.006297 0.999262
vn 0.003011 -0.002484 0.997865
vn 0.147287 -0.023768 0.983632
vn 0.129786 0.027335 -0.991165
vn 0.647752 -0.033210 0.598326
vn 0.815825 -0.029335 -0.185815
vn 0.937675 -0.122530 -0.313940
vn 0.738778 -0.078126 0.231605
vn 0.220501 -0.014907 0.962644
vn 0.448225 0.011920 -0.703975
vn 0.744491 0.017404 -0.384649
vn 0.987675 -0.067051 0.076178
vn 0.210012 0.005408 -0.977168
vn 0.239860 0.000884 -0.963981
vn 0.159592 -0.024300 0.976654
vn 0.579214 0.003669 0.579818
vn 0.074491 -0.005677 0.993305
vn -0.033372 0.009061 0.999385
vn -0.003284 0.007191 0.998313
vn 0.010104 -0.013311 0.997913
vn 0.381487 0.045813 -0.894255
vn 0.807447 0.055121 -0.356908
vn 0.818015 -0.007204 0.345832
vn 0.848996 -0.008851 0.303805
vn 0.252188 -0.008433 0.913772
vn 0.650101 -0.097788 -0.554554
vn 0.159273 -0.044273 0.960093
vn 0.381968 -0.002263 0.916419
vn 0.444847 0.048802 0.861375
vn 0.572797 -0.140906 0.426751
vn 0.180564 -0.015182 0.974882
vn 0.815102 -0.087390 0.402779
vn 0.654606 -0.051960 0.598040
vn 0.461269 -0.039337 0.830913
vn 0.246781 -0.041127 0.944168
vn 0.079034 -0.030173 0.996114
vn 0.196080 -0.001192 0.970604
vn 0.948113 -0.063851 -0.260650
vn 0.931095 -0.048803 -0.290887
vn 0.312690 0.020263 -0.831927
vn 0.277664 -0.009031 -0.887498
vn 0.490649 -0.020407 -0.562044
vn 0.869549 -0.126989 -0.329738
vn 0.453111 -0.024501 0.824085
vn 0.753219 -0.043148 0.418643
vn 0.198546 -0.036191 0.966882
vn 0.940588 -0.036462 -0.239186
vn 0.930552 -0.002410 -0.171818
vn -0.010814 -0.024181 0.996825
vn -0.090149 -0.006646 0.995374
vn -0.097780 -0.015867 0.994670
vn 0.944944 -0.009971 0.144591
vn 0.764794 -0.013779 -0.409112
vn 0.260280 0.017075 -0.923595
vn 0.213385 0.051223 -0.820116
vn 0.550959 -0.051740 0.537339
vn 0.130824 -0.033270 0.989930
vn -0.004921 -0.006577 0.996016
vn 0.299609 -0.063420 -0.928651
vn 0.137132 0.016810 -0.989397
vn 0.139464 0.001200 -0.989581
vn 0.131174 0.022542 -0.990920
vn 0.637602 -0.025694 0.569133
vn 0.919785 -0.038186 0.050465
vn 0.107820 0.045096 -0.993115
vn 0.100877 0.044694 -0.993894
vn 0.107819 0.045185 -0.993111
vn 0.989755 -0.045511 -0.093008
vn 0.219416 0.026559 -0.944749
vn 0.113214 -0.025666 0.992635
vn 0.459194 -0.061297 -0.665774
vn 0.919497 -0.035128 -0.386645
vn 0.375471 -0.044091 -0.720897
vn 0.339602 -0.075569 -0.776083
vn 0.109380 0.033437 -0.993400
vn 0.112912 0.036448 -0.992728
vn 0.073687 0.020950 -0.997011
vn 0.088598 0.027473 -0.994858
vn 0.102016 0.044207 -0.993632
vn 0.107027 0.046174 -0.993153
vn 0.477333 0.001186 -0.795093
vn 0.325341 -0.027450 0.860385
vn -0.090121 0.005202 0.995575
vn 0.087156 0.028802 -0.985628
vn 0.067324 -0.009237 -0.995645
vn 0.215936 -0.040760 0.958575
vn 0.706251 -0.031486 0.351045
vn 0.411799 -0.081100 -0.585177
vn 0.374340 -0.023117 -0.848681
vn 0.350571 -0.016609 -0.806172
vn 0.119875 0.013547 -0.992084
vn 0.212121 0.009397 -0.959798
vn 0.153539 -0.051467 0.983975
vn -0.029945 0.000027 0.996872
vn 0.152305 -0.118426 -0.979026
vn 0.927331 -0.074593 -0.045874
vn 0.508063 -0.036333 0.737374
vn -0.120729 -0.001444 0.992665
vn 0.339996 0.899926 -0.080966
vn 0.007279 0.966132 -0.060423
vn 0.173475 0.920191 -0.125479
vn -0.385245 0.880290 -0.026446
vn -0.252551 0.931471 -0.095543
vn 0.694839 0.633275 0.115043
vn 0.826378 0.388582 0.110137
vn 0.544697 0.753097 0.117842
vn 0.167318 0.829162 -0.044600
vn 0.289870 0.834198 0.084025
vn -0.136913 0.987732 -0.022201
vn 0.656676 -0.046004 0.520744
vn 0.720166 -0.032885 -0.144534
vn 0.533791 -0.017163 -0.482418
vn -0.028160 0.785776 -0.361795
vn 0.115723 0.117763 -0.956580
vn 0.112259 0.404798 -0.698797
vn 0.128419 0.005085 -0.964801
vn 0.858059 -0.052983 -0.120447
vn 0.071320 0.013264 -0.994815
vn 0.889612 0.284653 0.066945
vn 0.654895 0.195272 0.270573
vn 0.378957 0.731422 0.175779
vn 0.923253 0.211006 0.078731
vn -0.060399 0.993979 -0.031447
vn 0.029217 0.979734 -0.000784
vn 0.153835 -0.043405 -0.973177
vn 0.127918 -0.031677 -0.990332
vn 0.994966 -0.027833 0.028132
vn 0.007183 0.996486 -0.006290
vn 0.009527 0.603901 0.545225
vn 0.217225 -0.031359 -0.936933
vn 0.676206 0.274978 -0.217841
vn 0.411988 -0.012085 0.757821
vn 0.312610 0.872913 0.144464
vn 0.116961 -0.047521 -0.991041
vn 0.517182 0.783573 0.261230
vn 0.146584 -0.041165 -0.987310
vn 0.510978 -0.012335 -0.624901
vn 0.973587 -0.061079 0.189725
vn 0.149059 -0.061323 -0.986852
vn -0.047763 -0.048051 0.997702
vn -0.028005 -0.095229 0.993595
vn 0.019558 -0.060847 0.994413
vn 0.017060 -0.107013 0.989049
vn 0.778182 -0.048236 0.451475
vn 0.833571 -0.040000 -0.207942
vn 0.190324 -0.029260 0.976806
vn 0.139944 -0.063176 0.981690
vn 0.676161 0.020033 -0.492696
vn 0.258357 -0.020241 -0.949999
vn 0.222472 -0.037567 0.964831
vn -0.007092 0.095006 0.965738
vn 0.193712 0.924339 0.219388
vn -0.125898 0.538372 -0.688504
vn -0.053748 -0.056599 0.973098
vn 0.022023 0.986722 -0.094756
vn 0.124235 0.982991 -0.009830
vn 0.345276 -0.005657 0.915411
vn 0.542759 -0.041574 0.710873
vn 0.075411 0.987075 -0.141408
vn -0.152164 0.983522 0.005286
vn -0.516154 0.788956 -0.220062
vn -0.163172 0.936476 -0.189797
vn 0.085174 -0.028589 0.938201
vn -0.237911 -0.048782 0.677459
vn 0.008301 -0.014868 0.971351
vn -0.979469 0.033696 -0.163792
vn -0.624408 0.020978 0.258309
vn -0.985219 0.027928 -0.018505
vn -0.042612 -0.020460 0.987818
vn -0.975113 0.019686 -0.072956
vn -0.806421 0.045344 -0.350100
vn -0.761137 0.033500 -0.306000
vn -0.976382 0.025093 -0.068659
vn -0.324434 -0.010714 0.496062
vn 0.114643 -0.016063 0.918680
vn -0.038904 0.026810 0.957351
vn -0.089915 0.025586 0.992544
vn -0.025445 -0.041222 0.961016
vn -0.092144 -0.013798 0.991898
vn -0.126099 0.043109 0.985333
vn -0.103603 -0.008866 0.993664
vn -0.036188 -0.023639 0.992963
vn -0.451632 0.051988 0.564510
vn 0.167950 0.006366 0.973951
vn -0.856979 0.026051 0.269367
vn -0.358706 0.018015 -0.753847
vn 0.042443 0.014935 -0.997990
vn -0.130826 0.014764 -0.962272
vn -0.977096 0.051616 -0.087979
vn -0.267628 -0.055301 0.775692
vn 0.027045 -0.047910 0.986888
vn 0.153121 -0.118457 0.970801
vn -0.989816 0.028963 -0.116329
vn -0.970448 0.010468 -0.068132
vn -0.978305 0.042116 -0.180359
vn -0.044170 0.024655 -0.990421
vn 0.060685 -0.006390 0.987209
vn -0.984967 -0.007062 -0.023262
vn -0.971299 0.023429 -0.157914
vn -0.097198 -0.014958 0.995089
vn -0.095144 -0.005155 0.995385
vn -0.071576 -0.055797 0.989888
vn -0.083038 -0.000523 0.996015
vn 0.105893 0.036698 -0.991594
vn 0.105277 0.029156 -0.992983
vn 0.144455 0.060238 -0.987379
vn -0.551953 -0.004126 0.459323
vn -0.026538 -0.069278 0.973349
vn -0.216904 0.000204 0.875844
vn -0.078292 -0.030900 0.994510
vn -0.112338 0.049209 0.991703
vn -0.106145 0.018309 0.992320
vn 0.136304 0.068729 -0.987947
vn 0.109290 0.063058 -0.992008
vn -0.150064 0.018048 -0.961704
vn -0.158557 0.039267 -0.960838
vn -0.651052 0.052625 -0.492415
vn -0.651813 0.017023 -0.533677
vn -0.944370 0.031846 -0.079186
vn -0.921858 0.004448 0.049492
vn -0.175161 0.019073 -0.961683
vn -0.705554 0.009595 -0.462156
vn -0.532996 0.071849 -0.664412
vn -0.020534 0.014568 -0.999005
vn -0.505209 -0.062681 0.476839
vn -0.148972 0.030335 0.988167
vn -0.658358 0.056478 -0.591283
vn -0.980847 0.012805 -0.177197
vn -0.756980 -0.001053 -0.525641
vn -0.409669 -0.023421 -0.666787
vn -0.980204 -0.032451 -0.150292
vn -0.473881 0.007064 -0.590033
vn 0.046255 0.027968 -0.997022
vn -0.091216 0.009501 0.995786
vn -0.169845 -0.025647 0.973024
vn -0.192636 -0.000693 0.962896
vn -0.155594 -0.011399 0.979242
vn 0.112249 -0.002631 0.990383
vn 0.377574 -0.031852 0.772060
vn 0.485523 -0.028591 0.634055
vn -0.063129 -0.024723 0.995943
vn -0.116300 -0.015919 0.992676
vn -0.112121 -0.039296 0.992877
vn 0.627846 -0.039797 0.607743
vn 0.835557 -0.055733 0.389523
vn 0.982471 -0.064288 0.140551
vn 0.052128 -0.106629 0.929668
vn -0.243751 -0.112425 0.962684
vn -0.052149 -0.021733 0.964087
vn -0.028758 -0.027231 0.985728
vn 0.107723 0.039591 0.975388
vn -0.087533 -0.080846 0.978195
vn -0.133724 0.275208 0.945184
vn -0.121680 0.025454 0.976406
vn -0.086038 0.034840 0.958882
vn 0.052710 -0.007923 0.997663
vn 0.037199 -0.010048 0.998365
vn -0.090046 -0.061406 0.889442
vn -0.116048 -0.061690 0.990025
vn -0.222047 -0.047741 0.959269
vn 0.100011 -0.097332 0.944508
vn 0.047997 -0.194960 0.945720
vn -0.106440 -0.145433 0.950602
vn -0.239946 -0.174646 0.882937
vn 0.033365 -0.169600 0.973231
vn 0.060976 -0.048179 0.993574
vn -0.107209 -0.049403 0.991132
vn -0.064604 -0.020872 0.993470
vn 0.095507 -0.100961 0.958016
vn -0.083404 -0.136470 0.982132
vn -0.031740 -0.319886 0.938381
vn -0.060974 -0.024286 0.986258
vn -0.110244 -0.043055 0.992423
vn -0.016210 -0.023143 0.993909
vn -0.002444 -0.005098 0.994840
vn -0.060559 0.003077 0.997702
vn -0.048619 -0.031384 0.996357
vn 0.207446 -0.006077 0.967098
vn -0.167926 0.004610 0.958400
vn 0.958630 -0.086277 0.249842
vn -0.094750 -0.085533 0.990902
vn -0.050895 -0.067263 0.995762
vn 0.002755 -0.077402 0.992037
vn 0.464012 0.041032 0.847596
vn 0.199436 -0.032811 0.967053
vn 0.215963 0.006216 0.957089
vn 0.042102 -0.061057 0.992327
vn 0.211859 -0.034114 0.973552
vn -0.257875 0.209944 0.859535
vn -0.165705 -0.179769 0.940651
vn 0.345359 -0.038326 0.937487
vn 0.236617 -0.025886 0.968703
vn -0.093289 -0.031011 0.994940
vn 0.599527 0.028292 0.739046
vn 0.377158 -0.039673 0.848952
vn 0.252716 -0.029474 0.945000
vn 0.044485 -0.008781 0.997848
vn 0.994582 -0.046293 0.053984
vn 0.126334 -0.050952 0.986441
vn -0.136539 -0.080035 0.987396
vn -0.071826 -0.109118 0.990891
vn 0.917771 -0.030235 0.388066
vn 0.848402 -0.000003 0.517680
vn 0.951083 -0.033564 0.300551
vn -0.103404 -0.099099 0.989690
vn 0.841732 0.077067 0.532114
vn 0.038469 -0.029153 0.998834
vn 0.871906 0.013057 0.481496
vn 0.998894 -0.037704 -0.028098
vn -0.972377 0.215208 -0.090379
vn -0.980267 0.162294 -0.068627
vn -0.047126 0.716957 0.667976
vn -0.171246 0.619558 0.608874
vn -0.027959 0.839884 0.166702
vn 0.130058 -0.088530 -0.987520
vn 0.097862 -0.063795 -0.992730
vn 0.106963 -0.068446 -0.991253
vn 0.071863 0.020264 -0.995453
vn 0.064763 -0.097347 -0.991705
vn 0.103140 -0.035458 -0.993999
vn 0.022187 0.736647 0.126394
vn -0.086722 0.489016 0.837952
vn -0.013196 0.545820 0.811450
vn 0.050288 0.430185 -0.894237
vn 0.016823 0.613197 -0.675635
vn 0.092311 0.494534 -0.862396
vn 0.055006 0.104839 -0.990111
vn 0.041839 0.073901 -0.995297
vn 0.040777 0.080405 -0.953084
vn 0.051618 0.077883 -0.994357
vn -0.155806 0.638245 0.737438
vn -0.099368 0.644067 0.740546
vn 0.077847 0.330324 -0.935582
vn 0.062485 0.596201 -0.718677
vn 0.014786 -0.059239 -0.996503
vn 0.011947 -0.116131 -0.992607
vn 0.023500 0.050756 -0.997009
vn 0.105097 0.192838 -0.965955
vn 0.078932 0.169353 -0.976283
vn -0.171324 -0.037078 0.984452
vn -0.166183 0.018118 0.982396
vn -0.153459 -0.084553 0.983672
vn -0.130723 0.015969 0.988961
vn -0.128975 0.209387 0.962525
vn 0.064299 0.584698 -0.489316
vn 0.086784 0.415635 -0.740085
vn -0.156844 0.710104 0.316253
vn -0.145022 0.570823 0.782217
vn -0.190441 0.358977 0.893185
vn 0.061628 0.153649 -0.980301
vn -0.062519 0.825145 0.549596
vn -0.163763 0.446042 0.567953
vn -0.216505 0.654352 0.344227
vn -0.078417 0.207861 0.957973
vn -0.156216 0.248877 0.947167
vn -0.132659 0.079514 0.986287
vn -0.146113 -0.094193 0.984507
vn -0.166065 -0.101649 0.980182
vn -0.171172 -0.072284 0.982157
vn -0.064806 0.764072 0.290112
vn 0.020566 0.770394 0.372304
vn -0.122183 0.302051 -0.417213
vn 0.128420 0.354736 -0.554331
vn -0.009729 -0.009851 -0.995852
vn -0.050670 0.514174 0.823484
vn -0.129463 0.375033 0.674383
vn -0.034651 0.812093 0.561183
vn 0.066427 0.232243 -0.585917
vn 0.022402 0.265534 -0.814216
vn -0.146943 -0.097520 0.982577
vn 0.032689 0.211404 -0.970072
vn -0.117598 -0.072279 0.987693
vn -0.168945 -0.123964 0.976667
vn -0.006665 0.842362 0.504069
vn 0.023997 0.635820 -0.325007
vn 0.087208 0.626289 -0.169646
vn -0.039212 0.584844 0.761068
vn -0.121592 0.695115 0.678268
vn -0.153992 0.625683 0.749135
vn -0.265071 0.143430 0.953239
vn -0.203395 0.115969 0.966030
vn -0.215117 0.218407 0.945871
vn -0.047371 0.350660 0.928806
vn -0.074242 0.085917 0.985294
vn -0.079190 0.012012 0.996251
vn -0.039379 0.840948 0.533760
vn -0.218902 0.515214 0.786567
vn -0.187602 0.359229 0.869642
vn -0.169942 0.401410 0.887907
vn 0.078715 -0.004002 -0.995939
vn 0.058659 -0.003978 -0.997198
vn -0.056389 0.474852 0.873167
vn 0.102355 -0.106368 -0.987764
vn -0.071211 0.389885 0.695338
vn 0.025339 -0.083746 -0.145155
vn 0.041714 0.360515 -0.222782
vn -0.065313 0.454401 0.618360
vn -0.117669 0.554520 0.759250
vn -0.149761 0.413552 0.874629
vn 0.134726 -0.087775 -0.986988
vn -0.198156 0.391317 0.884176
vn -0.812628 0.029462 0.150468
vn -0.037107 -0.036836 0.790997
vn -0.130474 0.073329 0.858548
vn -0.715192 0.054845 0.256599
vn -0.697963 0.040604 0.205596
vn -0.334660 -0.103479 0.887806
vn -0.021559 -0.007030 0.993571
vn -0.026264 -0.061261 0.995503
vn -0.044919 0.034795 0.992127
vn -0.012671 -0.061028 0.935392
vn 0.056038 -0.028327 0.974898
vn 0.006354 -0.003265 0.966534
vn -0.033341 -0.016966 0.975278
vn -0.072675 -0.060813 0.992958
vn -0.055063 -0.033992 0.911992
vn 0.231929 -0.045517 0.861112
vn -0.081806 -0.118198 0.989373
vn -0.098003 -0.085378 0.989336
vn -0.033464 -0.018559 0.970050
vn -0.090955 -0.138259 0.986181
vn -0.707065 0.094295 0.433276
vn -0.047407 -0.035201 0.994261
vn 0.032325 -0.016650 0.999240
vn -0.017753 -0.015776 0.994259
vn -0.009066 -0.009756 0.997744
vn 0.029269 -0.040352 0.945355
vn 0.101041 0.008879 0.955318
vn -0.021670 0.037243 0.997264
vn 0.075090 -0.017018 0.957842
vn 0.164789 -0.016097 0.937899
vn -0.126102 0.029376 0.559623
vn 0.095185 -0.005178 0.925085
vn -0.232193 -0.025006 0.724154
vn 0.193034 -0.045578 0.663346
vn -0.952312 0.186978 -0.144610
vn -0.924558 0.200314 -0.134233
vn -0.040799 -0.049096 0.997182
vn -0.011437 0.017448 0.998172
vn 0.512643 -0.041024 0.665864
vn -0.470086 0.010091 -0.746609
vn -0.479685 0.080393 -0.668179
vn -0.929467 0.086263 -0.344465
vn -0.041950 0.079466 0.995624
vn -0.069145 0.087354 0.993775
vn 0.587908 -0.167072 0.766983
vn -0.025108 -0.021216 0.756833
vn 0.063012 -0.024081 0.918692
vn -0.276731 0.059502 0.575677
vn 0.219699 -0.093664 0.821731
vn 0.415297 -0.075106 0.813861
vn 0.302588 -0.015248 0.826271
vn -0.602887 0.056874 0.465056
vn -0.986470 0.106910 -0.053375
vn 0.032898 -0.004357 0.680415
vn -0.068793 -0.122472 0.989939
vn -0.036159 -0.065342 0.995815
vn 0.161478 -0.013212 0.901253
vn -0.089787 0.026170 0.584231
vn -0.174086 0.066026 -0.955134
vn -0.182354 0.026950 -0.979331
vn -0.895943 0.065169 -0.434608
vn -0.909248 0.147584 -0.016971
vn -0.291898 0.032081 -0.711083
vn -0.421008 0.067246 -0.335500
vn -0.821837 0.086472 0.146839
vn 0.033543 0.013050 -0.997634
vn -0.700317 0.042486 -0.346839
vn -0.554150 0.048177 -0.481717
vn -0.820840 0.080009 0.499816
vn -0.814428 -0.020038 0.523903
vn -0.879804 0.058241 -0.219212
vn -0.944237 0.022745 -0.180432
vn -0.898936 0.092955 -0.422620
vn -0.906915 0.037980 -0.232550
vn -0.937261 0.034792 -0.335690
vn -0.839292 0.007370 -0.182969
vn -0.884748 0.049855 -0.088318
vn -0.922258 0.007108 -0.359433
vn -0.949825 0.050961 -0.240513
vn -0.800997 -0.039325 -0.474684
vn -0.040247 0.013834 -0.996318
vn 0.531226 0.053981 0.829724
vn -0.325955 -0.054158 -0.926569
vn -0.939847 0.173560 -0.099762
vn -0.975092 0.202570 -0.090213
vn -0.936297 0.035708 -0.185319
vn -0.113983 0.019725 -0.978787
vn -0.504718 0.068779 -0.478034
vn -0.626545 -0.027044 -0.375359
vn -0.667670 0.028402 -0.438233
vn -0.966572 -0.000024 0.120223
vn -0.861037 -0.080352 0.403195
vn -0.233847 0.019164 -0.929211
vn -0.860441 0.042846 -0.133593
vn -0.882153 -0.105756 0.096184
vn -0.973136 -0.041941 -0.048068
vn -0.975892 -0.096174 0.152679
vn -0.979545 0.046436 0.122681
vn 0.012344 0.017278 -0.999313
vn -0.030553 0.021218 -0.998955
vn -0.986147 0.047089 0.121728
vn -0.951374 0.116705 0.005022
vn -0.973817 -0.209292 -0.088756
vn -0.967404 -0.173368 -0.152929
vn -0.988982 -0.076237 -0.072109
vn -0.992702 0.043238 -0.033527
vn -0.987471 0.144483 -0.034735
vn -0.978151 0.207160 -0.017490
vn -0.953815 -0.220085 -0.060485
vn -0.878714 -0.471852 0.029212
vn -0.964786 -0.181017 -0.029319
vn 0.754159 0.272066 -0.116985
vn 0.783650 0.037642 -0.177262
vn 0.441888 0.803505 -0.315330
vn 0.550347 0.725789 -0.224070
vn 0.208985 0.931377 -0.298098
vn 0.846704 -0.100069 0.031520
vn 0.837388 -0.517130 0.164729
vn 0.825248 0.018557 -0.073307
vn 0.299035 -0.023241 0.932716
vn 0.456757 -0.032047 0.691404
vn 0.144254 -0.023867 0.949521
vn 0.349691 -0.050442 -0.931380
vn 0.334563 -0.028105 -0.937297
vn 0.662655 -0.037631 -0.619041
vn 0.483229 -0.049597 0.836532
vn 0.190031 -0.072502 0.963921
vn 0.373064 -0.094809 0.914024
vn 0.640234 -0.022656 0.549891
vn 0.298331 -0.000733 0.943036
vn 0.302507 0.003963 0.947124
vn 0.224079 -0.059952 0.862042
vn 0.421451 0.301813 0.431232
vn 0.024905 0.593661 0.754533
vn 0.227450 0.212438 0.906960
vn 0.268280 -0.033857 0.958767
vn 0.290550 -0.032860 0.953263
vn 0.432089 -0.043849 0.893855
vn 0.280784 -0.051740 0.955709
vn 0.590970 -0.117530 0.659553
vn 0.420207 0.474420 -0.736409
vn 0.662323 0.393661 -0.382278
vn 0.768507 0.250546 -0.288250
vn 0.380167 0.406407 -0.763081
vn 0.256365 0.451823 -0.835860
vn 0.329734 0.425042 -0.819213
vn 0.945455 -0.061550 0.085245
vn 0.515287 -0.033996 -0.724127
vn 0.952981 -0.017316 -0.174001
vn 0.276483 -0.115797 -0.890041
vn 0.362736 0.003154 -0.912243
vn 0.394311 -0.070843 -0.906351
vn 0.226803 -0.057969 0.969214
vn 0.929310 -0.162968 0.117099
vn 0.232515 0.087461 0.931834
vn 0.423208 -0.022449 0.872111
vn 0.706164 0.022406 0.442200
vn 0.177475 -0.086245 -0.970611
vn 0.046319 0.408406 0.883172
vn 0.532541 -0.036357 0.646461
vn 0.783572 -0.041195 0.379943
vn 0.326420 -0.071688 0.932448
vn 0.014203 0.017826 0.989541
vn 0.003508 0.798075 0.601439
vn 0.145403 0.621492 -0.174083
vn -0.054167 0.743810 0.646981
vn 0.287768 -0.045739 0.951443
vn 0.371890 -0.026235 0.909912
vn 0.412176 -0.022167 0.755577
vn 0.385663 0.474734 -0.753770
vn -0.103447 0.550012 0.762005
vn -0.183873 0.400305 0.883601
vn -0.183301 0.565838 0.746688
vn 0.001806 -0.067338 0.993017
vn 0.143738 -0.075898 0.980742
vn 0.911017 -0.145910 0.181867
vn 0.915593 -0.176762 0.139899
vn 0.571514 -0.007668 -0.278023
vn 0.297816 0.030543 -0.647492
vn 0.989827 -0.080567 -0.016449
vn -0.097796 -0.017188 0.995055
vn 0.280603 0.582227 -0.027534
vn 0.948107 -0.009016 0.184406
vn 0.611564 -0.160096 -0.443197
vn 0.215352 0.036917 -0.951145
vn 0.679730 -0.092967 -0.559451
vn 0.111491 -0.053628 0.990383
vn 0.316193 -0.088010 0.928475
vn 0.632393 0.187537 -0.475048
vn 0.981718 -0.139954 0.060607
vn 0.741980 -0.164911 0.451561
vn 0.732632 -0.008664 0.498126
vn 0.965126 -0.046786 0.116029
vn 0.945505 0.069729 -0.026182
vn 0.490550 0.135499 -0.761767
vn 0.339443 -0.000803 -0.936955
vn 0.566974 0.045542 -0.305050
vn 0.300323 -0.062300 -0.920869
vn 0.155597 -0.005519 -0.982451
vn 0.332581 -0.078067 -0.933480
vn 0.164168 -0.089964 -0.976882
vn 0.200756 0.417775 -0.885423
vn 0.112232 0.313858 -0.936899
vn 0.458719 0.468430 -0.671205
vn 0.577781 0.050324 0.814321
vn 0.635241 -0.014740 -0.027798
vn -0.092087 -0.064595 0.993109
vn 0.391676 -0.105650 -0.548495
vn 0.008523 -0.144538 -0.987176
vn -0.007780 -0.071758 -0.985690
vn 0.215754 0.384058 -0.888936
vn 0.650450 -0.059444 -0.371021
vn 0.317452 -0.077434 0.775540
vn 0.321919 -0.039068 -0.945367
vn 0.002305 -0.076945 0.993200
vn -0.148994 0.060923 -0.984922
vn 0.004200 0.176975 -0.958315
vn 0.044780 -0.142939 -0.986722
vn 0.269546 0.091308 -0.948222
vn 0.060732 0.108069 -0.986205
vn 0.056517 -0.066636 -0.993770
vn 0.286307 0.288316 -0.903881
vn 0.018001 -0.142952 -0.988209
vn -0.007719 -0.145206 -0.988765
vn -0.008026 -0.161184 -0.985701
vn 0.099630 -0.061671 -0.993112
vn 0.057917 -0.100053 -0.992248
vn 0.053509 -0.092635 -0.993757
vn 0.143028 0.208658 -0.960079
vn 0.296592 0.377843 -0.853480
vn 0.772428 -0.078097 0.548941
vn 0.007517 -0.045102 -0.995113
vn 0.991689 -0.086654 0.036081
vn 0.035444 0.168061 -0.981400
vn 0.892116 0.002848 0.287234
vn 0.933819 -0.033455 0.220078
vn 0.980140 0.026018 0.146869
vn 0.988538 -0.013257 0.114947
vn 0.717526 -0.008381 0.451633
vn 0.994876 0.022752 0.075605
vn -0.019770 -0.198668 -0.979286
vn 0.008271 -0.144121 -0.987504
vn -0.010891 -0.111272 -0.990238
vn -0.103934 -0.089762 0.990525
vn -0.455242 0.088211 -0.764976
vn -0.584838 0.018272 -0.567304
vn -0.932957 0.033228 -0.298428
vn -0.981863 -0.060323 -0.156335
vn -0.947426 -0.022615 0.017190
vn -0.312012 0.006188 0.682106
vn -0.917541 0.055231 0.046223
vn -0.913818 0.045895 0.096706
vn -0.221612 0.021962 0.759403
vn -0.858544 -0.002828 0.266474
vn -0.062998 -0.034331 0.995415
vn -0.053337 -0.012041 0.978521
vn -0.082831 -0.043903 0.987080
vn 0.163863 0.018899 -0.982625
vn -0.193183 0.020667 -0.924232
vn 0.179327 0.039177 -0.974612
vn -0.995407 0.017220 -0.071820
vn -0.588959 0.006774 -0.518924
vn -0.990353 0.045278 -0.081466
vn -0.863436 0.102037 -0.436411
vn -0.284345 0.035174 -0.883950
vn -0.118173 0.169293 0.909788
vn 0.067471 -0.213863 0.972879
vn 0.037653 -0.072531 0.972542
vn 0.146583 0.036834 -0.987295
vn 0.150093 0.064090 -0.986072
vn 0.045291 0.065405 -0.989518
vn -0.940340 0.088451 -0.327320
vn -0.783534 0.049236 -0.563997
vn -0.032702 0.018046 -0.997243
vn -0.143216 0.040468 -0.971043
vn 0.078121 0.002396 -0.990098
vn 0.031605 0.003392 -0.865618
vn 0.117925 0.027235 -0.991453
vn -0.156699 -0.006606 0.983334
vn -0.088235 -0.042142 0.993540
vn -0.139235 -0.008728 0.984413
vn 0.052233 -0.006885 0.928079
vn -0.173456 -0.054119 0.850855
vn 0.090693 0.233623 0.944402
vn -0.133355 0.042373 0.982334
vn -0.202687 0.259307 0.916574
vn -0.088046 -0.025180 0.992657
vn -0.099639 -0.023729 0.982124
vn -0.726892 0.016328 0.286806
vn -0.394381 0.075600 0.552657
vn 0.532611 -0.043428 0.807165
vn -0.019287 -0.128691 0.848413
vn -0.088940 -0.020872 0.971237
vn -0.040974 0.041016 -0.991663
vn 0.071046 0.013172 -0.994114
vn 0.070590 0.032182 -0.990198
vn -0.960070 0.014032 0.003401
vn -0.935271 -0.008262 -0.334984
vn -0.938704 0.018799 -0.305816
vn 0.039022 0.086277 -0.988834
vn -0.041244 0.117406 -0.990343
vn -0.954077 0.022480 -0.147752
vn -0.534648 -0.018281 0.382808
vn -0.968811 0.026615 -0.216599
vn 0.058605 0.023550 -0.987880
vn 0.131311 0.025523 -0.985325
vn 0.180527 0.031111 -0.982115
vn 0.167597 0.030016 -0.983586
vn -0.739258 0.027431 0.303588
vn 0.079151 0.071736 0.979503
vn -0.064228 -0.069164 0.994557
vn -0.218709 -0.033350 0.747002
vn -0.981624 -0.020610 0.037297
vn -0.977753 0.152162 0.070460
vn -0.986901 0.045086 -0.056344
vn -0.927848 0.030596 -0.023014
vn -0.336901 0.007927 0.728537
vn 0.126048 0.033583 -0.990026
vn -0.938517 0.015405 0.032963
vn -0.279267 0.036322 0.719786
vn -0.728129 -0.092356 0.447997
vn -0.972336 -0.021384 -0.157378
vn -0.738260 -0.014727 0.402611
vn 0.022045 -0.129840 0.772768
vn -0.554397 -0.000009 -0.706988
vn 0.055670 0.043615 -0.989505
vn -0.168596 -0.033916 -0.983949
vn -0.943284 -0.076540 0.298954
vn -0.015244 0.004880 0.953070
vn -0.044945 -0.039416 0.997220
vn 0.081659 0.026944 -0.996001
vn -0.001045 0.011589 0.939847
vn 0.248698 0.059697 0.776291
vn 0.096729 -0.003706 0.986690
vn -0.026216 -0.044483 0.998333
vn -0.985937 0.051267 -0.094539
vn -0.970353 0.053175 -0.213027
vn -0.793424 0.008493 0.363849
vn -0.321263 -0.008471 0.664980
vn -0.086411 -0.017564 0.959317
vn 0.323341 0.015194 0.912024
vn 0.159709 -0.021843 0.848205
vn -0.216855 -0.025818 0.965263
vn -0.070162 0.007769 0.935920
vn -0.215052 0.090314 0.962587
vn -0.148039 -0.049769 0.984454
vn 0.086300 0.003430 -0.996263
vn -0.331960 -0.027601 0.650124
vn 0.022299 -0.044350 0.952225
vn -0.163973 0.000667 0.981438
vn -0.055875 -0.004841 0.989900
vn -0.135645 0.031553 0.987182
vn 0.045358 0.151504 0.948247
vn -0.957887 0.044986 -0.280420
vn -0.574649 0.013820 -0.604023
vn -0.389866 0.058645 -0.807476
vn -0.113255 -0.099031 0.988437
vn -0.388173 0.316175 0.829665
vn 0.170999 0.027730 -0.984592
vn 0.152124 0.035513 -0.987519
vn -0.310950 0.043071 -0.865029
vn -0.869876 0.048543 -0.343096
vn -0.792016 0.118943 -0.498578
vn -0.465693 0.028311 -0.690322
vn 0.022582 -0.091782 -0.995420
vn 0.016543 -0.041826 -0.997149
vn 0.150198 -0.044803 0.939255
vn -0.024031 0.027461 -0.977364
vn -0.259494 0.049936 -0.882704
vn -0.103324 0.048122 0.992140
vn -0.177915 0.053714 0.979747
vn -0.168085 0.005534 0.979962
vn -0.553688 0.039271 -0.614497
vn 0.079309 0.042537 -0.990931
vn -0.422855 -0.012171 -0.721652
vn -0.215321 0.807094 0.015559
vn -0.182003 0.909650 0.029231
vn 0.115661 0.986112 0.098958
vn 0.881023 -0.402777 0.004258
vn 0.849868 -0.456159 0.089005
vn 0.888862 0.103058 0.104161
vn -0.160365 -0.042932 0.981499
vn -0.128593 0.221777 0.906997
vn -0.089341 -0.025350 0.992923
vn -0.949664 -0.034129 -0.286612
vn -0.547617 0.000068 0.410217
vn -0.690788 0.103949 0.141509
vn -0.724091 0.083620 0.392782
vn -0.795147 0.008111 0.219380
vn -0.443054 0.015941 0.876574
vn 0.067271 0.898862 0.077511
vn 0.077548 0.739703 0.395568
vn -0.805496 -0.002023 -0.480560
vn -0.956541 -0.013092 -0.273027
vn -0.774450 -0.000821 0.176345
vn -0.030241 -0.067109 -0.994628
vn 0.053174 0.016425 -0.991262
vn -0.471498 0.041387 -0.668581
vn 0.467375 0.778611 0.193577
vn 0.125188 0.974708 0.183098
vn 0.084530 0.961945 0.246124
vn -0.252794 -0.021025 0.946372
vn -0.463213 -0.048370 0.578192
vn -0.235030 0.001247 0.957499
vn -0.518714 0.023840 0.457497
vn 0.376527 0.838751 0.167358
vn -0.221182 -0.025616 0.974487
vn -0.251859 0.003992 0.966919
vn -0.255275 -0.021020 0.964482
vn 0.691575 -0.704635 -0.049669
vn 0.951314 -0.211887 0.027794
vn 0.923665 0.135792 0.105406
vn 0.422416 0.742465 0.230327
vn 0.952647 -0.037413 0.106531
vn 0.907206 0.257897 0.132988
vn -0.756395 -0.559111 -0.061069
vn -0.051087 -0.874397 0.012165
vn -0.315148 -0.873182 -0.057789
vn 0.277933 0.895066 0.003266
vn -0.738120 -0.571738 -0.046229
vn -0.205563 -0.888426 -0.033154
vn -0.323535 0.015936 0.944164
vn 0.288783 -0.952898 -0.055287
vn 0.381873 -0.912978 0.070445
vn 0.399651 -0.887630 0.025088
vn -0.406179 0.039780 -0.750507
vn -0.446044 -0.009017 -0.686048
vn -0.961289 -0.185280 -0.174556
vn -0.792196 0.097543 0.065800
vn -0.935710 -0.065807 -0.132261
vn -0.915176 -0.305003 -0.233151
vn -0.847763 -0.472795 -0.189290
vn -0.046090 0.937545 -0.195882
vn 0.001646 0.817122 -0.337850
vn 0.043301 0.505776 -0.771839
vn -0.042684 -0.052452 -0.993833
vn -0.860757 0.297218 -0.016551
vn -0.451480 0.799479 -0.015342
vn -0.927634 -0.059990 -0.168046
vn -0.276360 0.530507 -0.675441
vn -0.826308 0.325807 -0.259368
vn -0.534744 0.090326 -0.644948
vn 0.023759 -0.056502 -0.997441
vn -0.189907 -0.053115 0.977181
vn 0.025567 -0.937999 -0.099231
vn -0.694245 -0.669310 -0.127382
vn -0.314500 0.095216 -0.896702
vn 0.456882 -0.864221 -0.071074
vn 0.673632 -0.692172 0.086453
vn 0.433283 0.808584 0.191608
vn 0.574116 0.645648 0.052986
vn -0.907691 -0.369812 -0.123839
vn -0.429071 0.744530 -0.140598
vn 0.233371 0.616156 0.365837
vn -0.836926 0.238124 -0.117119
vn -0.709439 0.411120 -0.030895
vn -0.236229 0.829593 0.143990
vn -0.442108 0.723050 0.070928
vn -0.967495 -0.149874 -0.053960
vn -0.952778 0.069529 -0.095069
vn -0.426878 0.627884 0.175966
vn 0.029173 0.928078 0.330961
vn -0.927427 -0.240845 -0.160696
vn 0.045322 0.052048 -0.993956
vn -0.892895 0.177924 -0.019332
vn -0.880375 0.315614 0.079562
vn -0.567751 -0.074546 0.483858
vn -0.327587 0.097059 -0.623083
vn -0.326070 -0.005095 -0.683967
vn -0.800595 0.003088 -0.451161
vn -0.111271 0.975711 0.164580
vn 0.027657 0.189732 -0.931357
vn -0.297396 0.189133 0.630555
vn -0.031803 0.988358 -0.043534
vn -0.979559 0.057418 -0.155779
vn -0.348388 0.004503 0.925062
vn 0.008145 0.970909 0.226764
vn 0.010790 0.978254 0.175212
vn -0.820770 0.014172 0.145510
vn -0.962785 0.044517 -0.256711
vn -0.196278 -0.059434 0.977501
vn -0.019127 0.992148 -0.046202
vn -0.618086 0.562431 -0.098156
vn -0.093559 0.344060 0.875096
vn -0.074841 0.171432 0.970278
vn -0.975930 -0.018974 -0.114179
vn -0.850584 0.070115 0.055784
vn 0.886706 -0.401248 0.229677
vn 0.547735 -0.796132 0.132108
vn 0.413300 0.832860 0.199723
vn 0.503493 0.689583 0.247494
vn -0.510074 0.624061 -0.117503
vn 0.898977 -0.033282 0.227618
vn 0.049590 0.948262 0.313567
vn -0.277936 0.659790 0.248357
vn -0.937715 -0.215038 0.039143
vn -0.649261 0.086368 0.313312
vn -0.563847 -0.232170 0.531179
vn -0.131542 0.455945 0.716184
vn -0.953898 -0.274909 0.041020
vn -0.740588 0.223581 0.097823
vn 0.004276 0.924503 0.269121
vn 0.069463 0.903577 0.392532
vn -0.063766 0.049137 0.851468
vn 0.380459 0.265258 0.473555
vn 0.130560 0.772724 0.586970
vn -0.110913 0.770409 0.610514
vn -0.056636 0.931406 0.344310
vn 0.443271 0.555062 0.242714
vn 0.445432 0.653911 0.119889
vn 0.935927 -0.024911 0.221837
vn 0.927360 -0.245387 0.259301
vn 0.941950 -0.175572 0.279880
vn 0.937920 -0.334812 0.090597
vn 0.275941 -0.320620 0.902809
vn 0.645017 -0.237836 0.557335
vn 0.141895 -0.319762 0.928769
vn -0.107847 -0.448410 0.884113
vn -0.252864 -0.512517 0.768046
vn -0.844180 -0.434886 0.139114
vn -0.937073 -0.345218 0.049249
vn -0.940094 -0.304950 0.064199
vn -0.947784 -0.032932 0.317208
vn 0.701557 -0.678894 -0.126318
vn 0.793656 -0.597747 -0.091440
vn -0.782808 -0.604463 -0.146332
vn -0.638568 -0.695462 -0.248325
vn 0.920104 -0.373084 0.030620
vn 0.942477 -0.325001 0.078170
vn 0.358831 -0.915757 -0.177166
vn -0.420064 -0.854593 -0.290369
vn -0.919097 -0.195875 -0.274356
vn -0.946053 0.085812 -0.271371
vn -0.548174 -0.769069 -0.248466
vn -0.927550 0.186651 -0.323749
vn -0.835269 -0.386686 -0.378576
vn -0.777940 -0.498978 -0.297986
vn 0.845337 -0.530282 -0.056959
vn -0.748509 -0.647383 0.143631
vn -0.260569 -0.920921 0.288361
vn 0.298243 -0.840943 0.338050
vn 0.491772 -0.809546 0.310519
vn -0.350140 -0.893487 0.229982
vn -0.537697 -0.831739 0.138149
vn -0.545134 -0.826031 0.143184
vn -0.958531 -0.168844 -0.202333
vn -0.929130 -0.325890 0.051246
vn 0.767297 -0.593210 0.243635
vn 0.778065 -0.592012 0.205823
vn 0.812894 -0.560305 0.152124
vn 0.862120 -0.493867 0.094893
vn 0.886839 -0.458270 0.057972
vn 0.886719 -0.457806 0.064363
vn -0.908067 -0.398851 0.118100
vn -0.931150 -0.316413 -0.181226
vn -0.918621 -0.294656 -0.253639
vn -0.977637 0.179929 -0.075877
vn -0.999258 0.034923 -0.016267
vn -0.972377 0.215207 -0.090379
vn 0.726290 -0.658085 0.198565
vn 0.685079 -0.687715 0.234622
vn 0.996611 0.047167 0.040965
vn 0.993963 0.062520 0.087160
vn 0.984045 -0.165503 0.065295
vn 0.985104 -0.154285 0.074237
vn 0.993223 0.062719 0.097843
vn 0.649050 -0.714777 0.258463
vn -0.026174 0.968030 0.236300
vn 0.035789 0.969284 0.242627
vn 0.053276 0.958960 0.094074
vn 0.161491 0.917882 0.227396
vn 0.117396 0.873228 0.386614
vn 0.780662 0.613657 0.072906
vn 0.893889 0.342491 0.181475
vn 0.829572 0.528256 0.038376
vn 0.897679 0.286075 0.294336
vn 0.989151 0.012558 0.139410
vn 0.986442 -0.025513 0.150772
vn 0.985106 -0.135483 0.101678
vn 0.980765 -0.153996 0.119937
vn -0.678786 0.704253 0.179654
vn -0.797698 0.570077 0.081218
vn -0.655021 0.719325 0.225565
vn -0.811781 0.394142 0.089964
vn -0.993651 0.029560 -0.108555
vn -0.166930 0.871085 0.143420
vn -0.949429 -0.259731 -0.176418
vn -0.948922 -0.262302 -0.175152
vn -0.916501 -0.285088 -0.276875
vn -0.651006 -0.520917 -0.396379
vn -0.946917 -0.120964 -0.293908
vn 0.998102 0.004658 -0.010544
vn 0.997886 0.055375 -0.034014
vn 0.975421 -0.145118 0.099118
vn 0.955140 -0.272739 0.108088
vn 0.997348 -0.042607 0.051032
vn -0.963719 -0.261575 -0.009325
vn -0.905079 -0.283350 0.182895
vn -0.732718 -0.528699 0.060084
vn 0.959296 -0.279932 0.037286
vn 0.961913 -0.268282 0.047085
vn -0.978695 0.195941 -0.055395
vn -0.978572 0.198590 -0.054390
vn -0.906971 -0.410301 -0.048044
vn -0.900152 -0.428626 -0.077506
vn -0.962940 -0.175976 -0.029238
vn 0.075060 0.158977 -0.982581
vn 0.588915 -0.038086 -0.458744
vn -0.105466 -0.028255 -0.982249
vn -0.663807 -0.055320 -0.491431
vn 0.071935 0.176224 -0.981715
vn 0.868056 -0.368699 -0.089046
vn 0.765605 -0.616618 -0.183388
vn -0.970386 -0.229458 -0.075505
vn -0.970386 -0.229458 -0.075505
vn 0.628063 0.578132 0.010398
vn 0.985824 0.020810 -0.166490
vn 0.428767 0.893677 0.062769
vn 0.947469 -0.278263 0.149422
vn 0.936387 -0.040063 -0.054255
vn 0.889817 0.391730 0.140723
vn 0.586001 0.733932 -0.081667
vn 0.955655 -0.145213 0.253112
vn 0.932085 -0.101795 0.347642
vn -0.982597 -0.134538 -0.081998
vn -0.979472 -0.154577 -0.129386
vn -0.153833 0.939797 -0.288158
vn -0.055719 0.972307 -0.225194
vn -0.238435 0.933834 -0.196148
vn -0.354455 0.899049 -0.242688
vn 0.951548 0.011556 -0.307283
vn 0.034702 0.874239 -0.168571
vn -0.996611 -0.036023 0.067338
vn -0.998693 -0.017997 0.044298
vn -0.489869 0.649514 -0.228851
o Object
usemtl Material
f 670/670/670 2749/2749/2749 667/667/667
f 677/677/677 2747/2747/2747 2752/2752/2752
f 677/677/677 668/668/668 2747/2747/2747
f 672/672/672 2751/2751/2751 2750/2750/2750
f 672/672/672 677/677/677 2751/2751/2751
f 672/672/672 2750/2750/2750 2742/2742/2742
f 667/667/667 2749/2749/2749 2744/2744/2744
f 668/668/668 2745/2745/2745 2746/2746/2746
f 668/668/668 667/667/667 2745/2745/2745
f 834/834/834 2738/2738/2738 2739/2739/2739
f 836/836/836 2741/2741/2741 2740/2740/2740
f 837/837/837 2740/2740/2740 2736/2736/2736
f 840/840/840 2739/2739/2739 2735/2735/2735
f 834/834/834 2737/2737/2737 2738/2738/2738
f 834/834/834 837/837/837 2737/2737/2737
f 842/842/842 2735/2735/2735 2733/2733/2733
f 986/986/986 2730/2730/2730 2729/2729/2729
f 986/986/986 2729/2729/2729 2725/2725/2725
f 993/993/993 2727/2727/2727 2723/2723/2723
f 993/993/993 994/994/994 2727/2727/2727
f 987/987/987 2724/2724/2724 2728/2728/2728
f 987/987/987 986/986/986 2724/2724/2724
f 994/994/994 2728/2728/2728 2726/2726/2726
f 993/993/993 2723/2723/2723 2721/2721/2721
f 1180/1180/1180 2718/2718/2718 2712/2712/2712
f 1168/1168/1168 1173/1173/1173 2707/2707/2707
f 1168/1168/1168 2707/2707/2707 2716/2716/2716
f 1195/1195/1195 2714/2714/2714 2719/2719/2719
f 1225/1225/1225 2713/2713/2713 2709/2709/2709
f 1192/1192/1192 2708/2708/2708 2707/2707/2707
f 1192/1192/1192 1214/1214/1214 2708/2708/2708
f 1197/1197/1197 2716/2716/2716 2715/2715/2715
f 1180/1180/1180 2711/2711/2711 2713/2713/2713
f 1214/1214/1214 2706/2706/2706 2708/2708/2708
f 1214/1214/1214 2705/2705/2705 2706/2706/2706
f 1506/1506/1506 2703/2703/2703 2686/2686/2686
f 1507/1507/1507 2701/2701/2701 2700/2700/2700
f 1507/1507/1507 2700/2700/2700 1508/1508/1508
f 1506/1506/1506 2699/2699/2699 2703/2703/2703
f 1506/1506/1506 2700/2700/2700 2698/2698/2698
f 1517/1517/1517 2696/2696/2696 2697/2697/2697
f 1520/1520/1520 2690/2690/2690 2692/2692/2692
f 1520/1520/1520 2692/2692/2692 1513/1513/1513
f 1517/1517/1517 2695/2695/2695 2696/2696/2696
f 1519/1519/1519 2694/2694/2694 2695/2695/2695
f 1519/1519/1519 2693/2693/2693 2694/2694/2694
f 1513/1513/1513 2691/2691/2691 2693/2693/2693
f 1512/1512/1512 2685/2685/2685 2687/2687/2687
f 1520/1520/1520 2689/2689/2689 2690/2690/2690
f 1520/1520/1520 2688/2688/2688 2689/2689/2689
f 1520/1520/1520 1512/1512/1512 2688/2688/2688
f 261/261/261 2659/2659/2659 2684/2684/2684
f 283/283/283 2684/2684/2684 2678/2678/2678
f 1835/1835/1835 2680/2680/2680 2683/2683/2683
f 1835/1835/1835 1836/1836/1836 2680/2680/2680
f 1843/1843/1843 2682/2682/2682 2679/2679/2679
f 2026/2026/2026 2676/2676/2676 2674/2674/2674
f 2026/2026/2026 2674/2674/2674 2027/2027/2027
f 2221/2221/2221 2673/2673/2673 2663/2663/2663
f 2226/2226/2226 2664/2664/2664 2671/2671/2671
f 2226/2226/2226 2671/2671/2671 2227/2227/2227
f 2227/2227/2227 2671/2671/2671 2656/2656/2656
f 2229/2229/2229 2668/2668/2668 2669/2669/2669
f 2229/2229/2229 2234/2234/2234 2668/2668/2668
f 2235/2235/2235 2667/2667/2667 2668/2668/2668
f 2235/2235/2235 2666/2666/2666 2667/2667/2667
f 263/263/263 2662/2662/2662 2661/2661/2661
f 262/262/262 2661/2661/2661 2660/2660/2660
f 255/255/255 2660/2660/2660 2657/2657/2657
f 255/255/255 2658/2658/2658 2659/2659/2659
f 2496/2496/2496 2655/2655/2655 2642/2642/2642
f 2496/2496/2496 2528/2528/2528 2655/2655/2655
f 2548/2548/2548 2654/2654/2654 2653/2653/2653
f 2548/2548/2548 2549/2549/2549 2654/2654/2654
f 2528/2528/2528 2645/2645/2645 2655/2655/2655
f 2549/2549/2549 2644/2644/2644 2654/2654/2654
f 2563/2563/2563 2651/2651/2651 2643/2643/2643
f 2563/2563/2563 2643/2643/2643 2549/2549/2549
f 2527/2527/2527 2641/2641/2641 2647/2647/2647
f 2548/2548/2548 2653/2653/2653 2649/2649/2649
f 2545/2545/2545 2650/2650/2650 2652/2652/2652
f 2563/2563/2563 2648/2648/2648 2651/2651/2651
f 2563/2563/2563 2562/2562/2562 2648/2648/2648
f 2617/2617/2617 2640/2640/2640 2639/2639/2639
f 2613/2613/2613 2639/2639/2639 2638/2638/2638
f 2615/2615/2615 2638/2638/2638 2637/2637/2637
f 2621/2621/2621 2635/2635/2635 2634/2634/2634
f 2615/2615/2615 2637/2637/2637 2636/2636/2636
f 2622/2622/2622 2633/2633/2633 2630/2630/2630
f 2622/2622/2622 2634/2634/2634 2632/2632/2632
f 2628/2628/2628 2629/2629/2629 2631/2631/2631
f 677/677/677 2752/2752/2752 2751/2751/2751
f 670/670/670 2748/2748/2748 2749/2749/2749
f 668/668/668 2746/2746/2746 2747/2747/2747
f 667/667/667 2744/2744/2744 2745/2745/2745
f 678/678/678 2742/2742/2742 2743/2743/2743
f 678/678/678 672/672/672 2742/2742/2742
f 836/836/836 838/838/838 2741/2741/2741
f 837/837/837 836/836/836 2740/2740/2740
f 840/840/840 834/834/834 2739/2739/2739
f 837/837/837 2736/2736/2736 2737/2737/2737
f 842/842/842 840/840/840 2735/2735/2735
f 842/842/842 2733/2733/2733 2734/2734/2734
f 843/843/843 2732/2732/2732 2731/2731/2731
f 986/986/986 985/985/985 2730/2730/2730
f 994/994/994 987/987/987 2728/2728/2728
f 994/994/994 2726/2726/2726 2727/2727/2727
f 986/986/986 2725/2725/2725 2724/2724/2724
f 996/996/996 2721/2721/2721 2722/2722/2722
f 996/996/996 993/993/993 2721/2721/2721
f 1196/1196/1196 2719/2719/2719 2720/2720/2720
f 1196/1196/1196 1195/1195/1195 2719/2719/2719
f 1180/1180/1180 2717/2717/2717 2718/2718/2718
f 1197/1197/1197 1168/1168/1168 2716/2716/2716
f 1197/1197/1197 2715/2715/2715 2714/2714/2714
f 1197/1197/1197 2714/2714/2714 1195/1195/1195
f 1180/1180/1180 2713/2713/2713 1225/1225/1225
f 1180/1180/1180 2712/2712/2712 2711/2711/2711
f 1230/1230/1230 2709/2709/2709 2710/2710/2710
f 1230/1230/1230 1225/1225/1225 2709/2709/2709
f 1173/1173/1173 1192/1192/1192 2707/2707/2707
f 1214/1214/1214 2704/2704/2704 2705/2705/2705
f 1214/1214/1214 1232/1232/1232 2704/2704/2704
f 1507/1507/1507 2702/2702/2702 2701/2701/2701
f 1506/1506/1506 1508/1508/1508 2700/2700/2700
f 1506/1506/1506 2698/2698/2698 2699/2699/2699
f 1517/1517/1517 2697/2697/2697 1518/1518/1518
f 1519/1519/1519 2695/2695/2695 1517/1517/1517
f 1513/1513/1513 2693/2693/2693 1519/1519/1519
f 1513/1513/1513 2692/2692/2692 2691/2691/2691
f 1512/1512/1512 2687/2687/2687 2688/2688/2688
f 1506/1506/1506 2686/2686/2686 2685/2685/2685
f 1506/1506/1506 2685/2685/2685 1512/1512/1512
f 283/283/283 261/261/261 2684/2684/2684
f 1843/1843/1843 2681/2681/2681 2682/2682/2682
f 1843/1843/1843 1821/1821/1821 2681/2681/2681
f 1836/1836/1836 2679/2679/2679 2680/2680/2680
f 1836/1836/1836 1843/1843/1843 2679/2679/2679
f 283/283/283 2678/2678/2678 2677/2677/2677
f 283/283/283 2677/2677/2677 281/281/281
f 2027/2027/2027 2674/2674/2674 2675/2675/2675
f 2221/2221/2221 2672/2672/2672 2673/2673/2673
f 2230/2230/2230 2669/2669/2669 2670/2670/2670
f 2230/2230/2230 2229/2229/2229 2669/2669/2669
f 2235/2235/2235 2668/2668/2668 2234/2234/2234
f 2235/2235/2235 2665/2665/2665 2666/2666/2666
f 2226/2226/2226 2663/2663/2663 2664/2664/2664
f 2226/2226/2226 2221/2221/2221 2663/2663/2663
f 262/262/262 263/263/263 2661/2661/2661
f 255/255/255 262/262/262 2660/2660/2660
f 255/255/255 2659/2659/2659 261/261/261
f 255/255/255 2657/2657/2657 2658/2658/2658
f 2545/2545/2545 2649/2649/2649 2650/2650/2650
f 2545/2545/2545 2548/2548/2548 2649/2649/2649
f 2562/2562/2562 2647/2647/2647 2648/2648/2648
f 2562/2562/2562 2565/2565/2565 2647/2647/2647
f 2531/2531/2531 2646/2646/2646 2645/2645/2645
f 2531/2531/2531 2645/2645/2645 2528/2528/2528
f 2549/2549/2549 2643/2643/2643 2644/2644/2644
f 2496/2496/2496 2642/2642/2642 2641/2641/2641
f 2496/2496/2496 2641/2641/2641 2527/2527/2527
f 2613/2613/2613 2617/2617/2617 2639/2639/2639
f 2615/2615/2615 2613/2613/2613 2638/2638/2638
f 2615/2615/2615 2636/2636/2636 2635/2635/2635
f 2615/2615/2615 2635/2635/2635 2621/2621/2621
f 2622/2622/2622 2621/2621/2621 2634/2634/2634
f 2622/2622/2622 2632/2632/2632 2633/2633/2633
f 2622/2622/2622 2630/2630/2630 2629/2629/2629
f 2622/2622/2622 2629/2629/2629 2628/2628/2628
f 419/419/419 352/352/352 402/402/402
f 436/436/436 344/344/344 343/343/343
f 404/404/404 403/403/403 437/437/437
f 359/359/359 355/355/355 360/360/360
f 417/417/417 419/419/419 424/424/424
f 404/404/404 437/437/437 411/411/411
f 418/418/418 366/366/366 419/419/419
f 378/378/378 357/357/357 438/438/438
f 439/439/439 357/357/357 411/411/411
f 440/440/440 441/441/441 442/442/442
f 411/411/411 367/367/367 439/439/439
f 367/367/367 411/411/411 365/365/365
f 367/367/367 366/366/366 438/438/438
f 383/383/383 324/324/324 359/359/359
f 336/336/336 354/354/354 443/443/443
f 444/444/444 383/383/383 359/359/359
f 445/445/445 383/383/383 444/444/444
f 352/352/352 346/346/346 369/369/369
f 445/445/445 444/444/444 446/446/446
f 363/363/363 362/362/362 358/358/358
f 360/360/360 395/395/395 358/358/358
f 383/383/383 445/445/445 414/414/414
f 418/418/418 438/438/438 366/366/366
f 395/395/395 424/424/424 447/447/447
f 434/434/434 378/378/378 417/417/417
f 396/396/396 360/360/360 355/355/355
f 339/339/339 338/338/338 393/393/393
f 316/316/316 374/374/374 338/338/338
f 374/374/374 316/316/316 386/386/386
f 339/339/339 393/393/393 327/327/327
f 347/347/347 337/337/337 368/368/368
f 362/362/362 348/348/348 426/426/426
f 386/386/386 315/315/315 389/389/389
f 379/379/379 376/376/376 384/384/384
f 330/330/330 316/316/316 339/339/339
f 340/340/340 369/369/369 368/368/368
f 328/328/328 330/330/330 339/339/339
f 328/328/328 327/327/327 321/321/321
f 387/387/387 332/332/332 326/326/326
f 332/332/332 321/321/321 327/327/327
f 328/328/328 321/321/321 329/329/329
f 353/353/353 337/337/337 347/347/347
f 355/355/355 324/324/324 323/323/323
f 317/317/317 319/319/319 403/403/403
f 337/337/337 353/353/353 335/335/335
f 340/340/340 368/368/368 341/341/341
f 322/322/322 321/321/321 332/332/332
f 329/329/329 321/321/321 320/320/320
f 433/433/433 448/448/448 449/449/449
f 382/382/382 383/383/383 414/414/414
f 450/450/450 451/451/451 452/452/452
f 363/363/363 435/435/435 370/370/370
f 453/453/453 450/450/450 452/452/452
f 411/411/411 437/437/437 454/454/454
f 455/455/455 443/443/443 456/456/456
f 396/396/396 424/424/424 395/395/395
f 434/434/434 424/424/424 396/396/396
f 351/351/351 340/340/340 342/342/342
f 356/356/356 434/434/434 355/355/355
f 455/455/455 429/429/429 428/428/428
f 436/436/436 346/346/346 352/352/352
f 428/428/428 443/443/443 455/455/455
f 359/359/359 358/358/358 444/444/444
f 350/350/350 394/394/394 429/429/429
f 411/411/411 454/454/454 365/365/365
f 438/438/438 417/417/417 378/378/378
f 402/402/402 370/370/370 447/447/447
f 358/358/358 427/427/427 444/444/444
f 394/394/394 368/368/368 336/336/336
f 419/419/419 366/366/366 436/436/436
f 403/403/403 457/457/457 458/458/458
f 414/414/414 459/459/459 364/364/364
f 398/398/398 460/460/460 461/461/461
f 462/462/462 463/463/463 464/464/464
f 465/465/465 464/464/464 466/466/466
f 457/457/457 403/403/403 319/319/319
f 465/465/465 467/467/467 468/468/468
f 469/469/469 398/398/398 470/470/470
f 454/454/454 467/467/467 466/466/466
f 471/471/471 401/401/401 431/431/431
f 468/468/468 462/462/462 464/464/464
f 460/460/460 472/472/472 473/473/473
f 469/469/469 472/472/472 460/460/460
f 403/403/403 474/474/474 468/468/468
f 460/460/460 473/473/473 461/461/461
f 369/369/369 340/340/340 352/352/352
f 475/475/475 476/476/476 472/472/472
f 477/477/477 466/466/466 472/472/472
f 478/478/478 372/372/372 371/371/371
f 431/431/431 478/478/478 432/432/432
f 455/455/455 479/479/479 429/429/429
f 401/401/401 471/471/471 480/480/480
f 475/475/475 472/472/472 464/464/464
f 466/466/466 477/477/477 454/454/454
f 475/475/475 464/464/464 463/463/463
f 466/466/466 467/467/467 465/465/465
f 396/396/396 355/355/355 434/434/434
f 433/433/433 481/481/481 480/480/480
f 463/463/463 482/482/482 475/475/475
f 483/483/483 398/398/398 461/461/461
f 465/465/465 468/468/468 464/464/464
f 464/464/464 472/472/472 466/466/466
f 469/469/469 460/460/460 398/398/398
f 468/468/468 474/474/474 462/462/462
f 403/403/403 458/458/458 474/474/474
f 468/468/468 467/467/467 403/403/403
f 363/363/363 400/400/400 435/435/435
f 417/417/417 438/438/438 418/418/418
f 462/462/462 482/482/482 463/463/463
f 365/365/365 477/477/477 436/436/436
f 477/477/477 469/469/469 436/436/436
f 477/477/477 472/472/472 469/469/469
f 473/473/473 472/472/472 476/476/476
f 434/434/434 356/356/356 378/378/378
f 484/484/484 442/442/442 470/470/470
f 470/470/470 442/442/442 469/469/469
f 470/470/470 485/485/485 484/484/484
f 484/484/484 486/486/486 487/487/487
f 337/337/337 336/336/336 368/368/368
f 488/488/488 484/484/484 485/485/485
f 485/485/485 449/449/449 488/488/488
f 489/489/489 490/490/490 491/491/491
f 487/487/487 442/442/442 484/484/484
f 449/449/449 492/492/492 488/488/488
f 492/492/492 449/449/449 448/448/448
f 493/493/493 486/486/486 488/488/488
f 493/493/493 494/494/494 452/452/452
f 440/440/440 442/442/442 487/487/487
f 436/436/436 469/469/469 344/344/344
f 495/495/495 487/487/487 486/486/486
f 496/496/496 453/453/453 489/489/489
f 442/442/442 344/344/344 469/469/469
f 453/453/453 452/452/452 497/497/497
f 494/494/494 497/497/497 452/452/452
f 494/494/494 492/492/492 497/497/497
f 477/477/477 365/365/365 454/454/454
f 496/496/496 491/491/491 498/498/498
f 497/497/497 489/489/489 453/453/453
f 493/493/493 488/488/488 494/494/494
f 489/489/489 491/491/491 496/496/496
f 493/493/493 452/452/452 451/451/451
f 488/488/488 486/486/486 484/484/484
f 499/499/499 453/453/453 496/496/496
f 494/494/494 488/488/488 492/492/492
f 481/481/481 449/449/449 485/485/485
f 438/438/438 439/439/439 367/367/367
f 435/435/435 395/395/395 447/447/447
f 448/448/448 433/433/433 432/432/432
f 425/425/425 348/348/348 350/350/350
f 459/459/459 414/414/414 445/445/445
f 444/444/444 500/500/500 446/446/446
f 344/344/344 441/441/441 345/345/345
f 344/344/344 442/442/442 441/441/441
f 114/114/114 128/128/128 222/222/222
f 109/109/109 213/213/213 107/107/107
f 229/229/229 213/213/213 227/227/227
f 224/224/224 194/194/194 196/196/196
f 456/456/456 479/479/479 455/455/455
f 365/365/365 436/436/436 366/366/366
f 343/343/343 346/346/346 436/436/436
f 319/319/319 364/364/364 459/459/459
f 357/357/357 356/356/356 323/323/323
f 225/225/225 223/223/223 228/228/228
f 215/215/215 212/212/212 230/230/230
f 215/215/215 221/221/221 216/216/216
f 437/437/437 467/467/467 454/454/454
f 175/175/175 107/107/107 229/229/229
f 403/403/403 467/467/467 437/437/437
f 399/399/399 481/481/481 397/397/397
f 230/230/230 212/212/212 201/201/201
f 226/226/226 175/175/175 229/229/229
f 229/229/229 107/107/107 213/213/213
f 361/361/361 363/363/363 370/370/370
f 400/400/400 358/358/358 395/395/395
f 314/314/314 316/316/316 330/330/330
f 483/483/483 399/399/399 398/398/398
f 334/334/334 331/331/331 422/422/422
f 470/470/470 397/397/397 485/485/485
f 2624/2624/2624 2620/2620/2620 2623/2623/2623
f 372/372/372 478/478/478 431/431/431
f 481/481/481 433/433/433 449/449/449
f 501/501/501 399/399/399 502/502/502
f 421/421/421 423/423/423 503/503/503
f 398/398/398 397/397/397 470/470/470
f 2626/2626/2626 2622/2622/2622 2628/2628/2628
f 420/420/420 421/421/421 503/503/503
f 2622/2622/2622 2626/2626/2626 2625/2625/2625
f 2620/2620/2620 2622/2622/2622 2625/2625/2625
f 2619/2619/2619 2612/2612/2612 2620/2620/2620
f 502/502/502 399/399/399 483/483/483
f 481/481/481 485/485/485 397/397/397
f 357/357/357 439/439/439 438/438/438
f 2624/2624/2624 2621/2621/2621 2622/2622/2622
f 2627/2627/2627 2626/2626/2626 2628/2628/2628
f 2626/2626/2626 2627/2627/2627 2625/2625/2625
f 2623/2623/2623 2620/2620/2620 2616/2616/2616
f 194/194/194 224/224/224 211/211/211
f 213/213/213 219/219/219 227/227/227
f 196/196/196 182/182/182 224/224/224
f 182/182/182 226/226/226 228/228/228
f 2620/2620/2620 2625/2625/2625 2619/2619/2619
f 127/127/127 156/156/156 128/128/128
f 194/194/194 203/203/203 195/195/195
f 361/361/361 370/370/370 349/349/349
f 216/216/216 189/189/189 214/214/214
f 2620/2620/2620 2624/2624/2624 2622/2622/2622
f 224/224/224 228/228/228 223/223/223
f 114/114/114 222/222/222 214/214/214
f 128/128/128 156/156/156 137/137/137
f 226/226/226 182/182/182 175/175/175
f 143/143/143 115/115/115 109/109/109
f 2621/2621/2621 2624/2624/2624 2623/2623/2623
f 2616/2616/2616 2621/2621/2621 2623/2623/2623
f 222/222/222 202/202/202 212/212/212
f 227/227/227 226/226/226 229/229/229
f 333/333/333 422/422/422 331/331/331
f 128/128/128 202/202/202 222/222/222
f 203/203/203 194/194/194 211/211/211
f 228/228/228 226/226/226 225/225/225
f 197/197/197 218/218/218 198/198/198
f 182/182/182 228/228/228 224/224/224
f 189/189/189 109/109/109 115/115/115
f 225/225/225 226/226/226 227/227/227
f 223/223/223 211/211/211 224/224/224
f 480/480/480 471/471/471 433/433/433
f 215/215/215 222/222/222 212/212/212
f 211/211/211 207/207/207 203/203/203
f 222/222/222 215/215/215 214/214/214
f 401/401/401 372/372/372 431/431/431
f 220/220/220 216/216/216 221/221/221
f 188/188/188 117/117/117 187/187/187
f 219/219/219 189/189/189 216/216/216
f 213/213/213 189/189/189 219/219/219
f 153/153/153 147/147/147 199/199/199
f 189/189/189 114/114/114 214/214/214
f 197/197/197 199/199/199 163/163/163
f 197/197/197 217/217/217 218/218/218
f 214/214/214 215/215/215 216/216/216
f 495/495/495 440/440/440 487/487/487
f 213/213/213 109/109/109 189/189/189
f 433/433/433 471/471/471 431/431/431
f 124/124/124 154/154/154 132/132/132
f 131/131/131 133/133/133 129/129/129
f 121/121/121 154/154/154 187/187/187
f 202/202/202 201/201/201 212/212/212
f 347/347/347 343/343/343 430/430/430
f 2616/2616/2616 2615/2615/2615 2621/2621/2621
f 419/419/419 436/436/436 352/352/352
f 424/424/424 402/402/402 447/447/447
f 504/504/504 427/427/427 362/362/362
f 132/132/132 191/191/191 137/137/137
f 121/121/121 149/149/149 171/171/171
f 207/207/207 211/211/211 210/210/210
f 204/204/204 203/203/203 207/207/207
f 446/446/446 459/459/459 445/445/445
f 209/209/209 208/208/208 207/207/207
f 122/122/122 187/187/187 117/117/117
f 370/370/370 435/435/435 447/447/447
f 428/428/428 336/336/336 443/443/443
f 2612/2612/2612 2618/2618/2618 2613/2613/2613
f 127/127/127 138/138/138 144/144/144
f 2614/2614/2614 2616/2616/2616 2612/2612/2612
f 2612/2612/2612 2616/2616/2616 2620/2620/2620
f 2615/2615/2615 2614/2614/2614 2613/2613/2613
f 318/318/318 382/382/382 364/364/364
f 504/504/504 362/362/362 505/505/505
f 499/499/499 450/450/450 453/453/453
f 117/117/117 188/188/188 124/124/124
f 159/159/159 131/131/131 157/157/157
f 209/209/209 207/207/207 210/210/210
f 200/200/200 202/202/202 206/206/206
f 207/207/207 208/208/208 204/204/204
f 2612/2612/2612 2619/2619/2619 2618/2618/2618
f 320/320/320 333/333/333 331/331/331
f 506/506/506 507/507/507 508/508/508
f 2617/2617/2617 2613/2613/2613 2618/2618/2618
f 2614/2614/2614 2615/2615/2615 2616/2616/2616
f 2612/2612/2612 2613/2613/2613 2614/2614/2614
f 121/121/121 187/187/187 122/122/122
f 206/206/206 205/205/205 200/200/200
f 200/200/200 205/205/205 201/201/201
f 195/195/195 203/203/203 204/204/204
f 200/200/200 201/201/201 202/202/202
f 508/508/508 509/509/509 506/506/506
f 510/510/510 511/511/511 512/512/512
f 513/513/513 507/507/507 510/510/510
f 507/507/507 511/511/511 510/510/510
f 199/199/199 147/147/147 163/163/163
f 192/192/192 159/159/159 177/177/177
f 197/197/197 198/198/198 199/199/199
f 188/188/188 154/154/154 124/124/124
f 159/159/159 157/157/157 177/177/177
f 193/193/193 196/196/196 194/194/194
f 111/111/111 117/117/117 112/112/112
f 115/115/115 146/146/146 135/135/135
f 116/116/116 136/136/136 139/139/139
f 182/182/182 193/193/193 183/183/183
f 165/165/165 184/184/184 140/140/140
f 152/152/152 123/123/123 138/138/138
f 161/161/161 167/167/167 165/165/165
f 126/126/126 160/160/160 127/127/127
f 140/140/140 170/170/170 138/138/138
f 167/167/167 172/172/172 173/173/173
f 115/115/115 142/142/142 146/146/146
f 193/193/193 182/182/182 196/196/196
f 156/156/156 125/125/125 137/137/137
f 167/167/167 164/164/164 172/172/172
f 108/108/108 107/107/107 181/181/181
f 168/168/168 157/157/157 130/130/130
f 104/104/104 186/186/186 105/105/105
f 193/193/193 194/194/194 195/195/195
f 104/104/104 106/106/106 180/180/180
f 134/134/134 133/133/133 171/171/171
f 108/108/108 179/179/179 178/178/178
f 144/144/144 125/125/125 156/156/156
f 192/192/192 177/177/177 168/168/168
f 191/191/191 132/132/132 158/158/158
f 175/175/175 179/179/179 176/176/176
f 109/109/109 108/108/108 143/143/143
f 190/190/190 184/184/184 165/165/165
f 115/115/115 114/114/114 189/189/189
f 181/181/181 176/176/176 179/179/179
f 104/104/104 179/179/179 186/186/186
f 175/175/175 183/183/183 186/186/186
f 187/187/187 154/154/154 188/188/188
f 186/186/186 179/179/179 175/175/175
f 122/122/122 111/111/111 113/113/113
f 178/178/178 104/104/104 180/180/180
f 140/140/140 184/184/184 185/185/185
f 175/175/175 182/182/182 183/183/183
f 118/118/118 117/117/117 124/124/124
f 108/108/108 181/181/181 179/179/179
f 122/122/122 117/117/117 111/111/111
f 161/161/161 164/164/164 167/167/167
f 107/107/107 176/176/176 181/181/181
f 161/161/161 140/140/140 139/139/139
f 132/132/132 154/154/154 133/133/133
f 166/166/166 167/167/167 173/173/173
f 178/178/178 180/180/180 108/108/108
f 139/139/139 114/114/114 116/116/116
f 124/124/124 132/132/132 137/137/137
f 104/104/104 178/178/178 179/179/179
f 177/177/177 157/157/157 168/168/168
f 130/130/130 129/129/129 134/134/134
f 115/115/115 135/135/135 116/116/116
f 110/110/110 112/112/112 148/148/148
f 107/107/107 175/175/175 176/176/176
f 166/166/166 173/173/173 174/174/174
f 164/164/164 155/155/155 172/172/172
f 152/152/152 138/138/138 169/169/169
f 114/114/114 126/126/126 128/128/128
f 138/138/138 148/148/148 144/144/144
f 164/164/164 161/161/161 136/136/136
f 171/171/171 133/133/133 121/121/121
f 118/118/118 125/125/125 112/112/112
f 169/169/169 138/138/138 170/170/170
f 130/130/130 141/141/141 168/168/168
f 136/136/136 135/135/135 147/147/147
f 166/166/166 165/165/165 167/167/167
f 148/148/148 138/138/138 123/123/123
f 161/161/161 165/165/165 140/140/140
f 155/155/155 164/164/164 136/136/136
f 151/151/151 119/119/119 120/120/120
f 125/125/125 145/145/145 112/112/112
f 147/147/147 162/162/162 163/163/163
f 139/139/139 138/138/138 160/160/160
f 139/139/139 160/160/160 126/126/126
f 146/146/146 162/162/162 147/147/147
f 158/158/158 132/132/132 131/131/131
f 139/139/139 136/136/136 161/161/161
f 138/138/138 127/127/127 160/160/160
f 152/152/152 120/120/120 123/123/123
f 158/158/158 131/131/131 159/159/159
f 114/114/114 139/139/139 126/126/126
f 130/130/130 157/157/157 131/131/131
f 148/148/148 145/145/145 144/144/144
f 144/144/144 156/156/156 127/127/127
f 136/136/136 153/153/153 155/155/155
f 154/154/154 121/121/121 133/133/133
f 2523/2523/2523 2529/2529/2529 2567/2567/2567
f 2516/2516/2516 2529/2529/2529 2523/2523/2523
f 2542/2542/2542 2606/2606/2606 2566/2566/2566
f 2498/2498/2498 2529/2529/2529 2496/2496/2496
f 2532/2532/2532 2531/2531/2531 2528/2528/2528
f 2516/2516/2516 2518/2518/2518 2607/2607/2607
f 2590/2590/2590 2584/2584/2584 2596/2596/2596
f 2509/2509/2509 2608/2608/2608 2601/2601/2601
f 2607/2607/2607 2532/2532/2532 2516/2516/2516
f 2575/2575/2575 2573/2573/2573 2588/2588/2588
f 2526/2526/2526 2519/2519/2519 2598/2598/2598
f 2515/2515/2515 2504/2504/2504 2604/2604/2604
f 2604/2604/2604 2592/2592/2592 2544/2544/2544
f 2520/2520/2520 2592/2592/2592 2604/2604/2604
f 2574/2574/2574 2594/2594/2594 2588/2588/2588
f 2495/2495/2495 2523/2523/2523 2567/2567/2567
f 2544/2544/2544 2515/2515/2515 2604/2604/2604
f 513/513/513 512/512/512 514/514/514
f 2502/2502/2502 2504/2504/2504 2515/2515/2515
f 2529/2529/2529 2516/2516/2516 2532/2532/2532
f 2520/2520/2520 2522/2522/2522 2592/2592/2592
f 2551/2551/2551 2550/2550/2550 2599/2599/2599
f 510/510/510 512/512/512 513/513/513
f 2594/2594/2594 2579/2579/2579 2518/2518/2518
f 2500/2500/2500 2509/2509/2509 2602/2602/2602
f 2507/2507/2507 2506/2506/2506 2593/2593/2593
f 2530/2530/2530 2518/2518/2518 2611/2611/2611
f 2602/2602/2602 2501/2501/2501 2500/2500/2500
f 2517/2517/2517 2595/2595/2595 2518/2518/2518
f 2532/2532/2532 2528/2528/2528 2529/2529/2529
f 2495/2495/2495 2568/2568/2568 2536/2536/2536
f 2600/2600/2600 2577/2577/2577 2570/2570/2570
f 2580/2580/2580 2549/2549/2549 2548/2548/2548
f 2500/2500/2500 2571/2571/2571 2508/2508/2508
f 2512/2512/2512 2506/2506/2506 2510/2510/2510
f 2540/2540/2540 2534/2534/2534 2538/2538/2538
f 506/506/506 511/511/511 507/507/507
f 2533/2533/2533 2537/2537/2537 2534/2534/2534
f 2530/2530/2530 2532/2532/2532 2607/2607/2607
f 2522/2522/2522 2521/2521/2521 2593/2593/2593
f 2562/2562/2562 2542/2542/2542 2565/2565/2565
f 515/515/515 516/516/516 517/517/517
f 2534/2534/2534 2541/2541/2541 2606/2606/2606
f 2493/2493/2493 2572/2572/2572 2494/2494/2494
f 2518/2518/2518 2579/2579/2579 2611/2611/2611
f 518/518/518 519/519/519 520/520/520
f 521/521/521 520/520/520 519/519/519
f 2608/2608/2608 2498/2498/2498 2610/2610/2610
f 2534/2534/2534 2606/2606/2606 2542/2542/2542
f 2546/2546/2546 2579/2579/2579 2578/2578/2578
f 2533/2533/2533 2535/2535/2535 2563/2563/2563
f 2510/2510/2510 2543/2543/2543 2511/2511/2511
f 518/518/518 522/522/522 523/523/523
f 2542/2542/2542 2562/2562/2562 2535/2535/2535
f 2584/2584/2584 2503/2503/2503 2502/2502/2502
f 2499/2499/2499 2598/2598/2598 2519/2519/2519
f 2603/2603/2603 2600/2600/2600 2609/2609/2609
f 2499/2499/2499 2501/2501/2501 2598/2598/2598
f 524/524/524 525/525/525 526/526/526
f 2595/2595/2595 2594/2594/2594 2518/2518/2518
f 527/527/527 528/528/528 529/529/529
f 2608/2608/2608 2509/2509/2509 2536/2536/2536
f 530/530/530 531/531/531 532/532/532
f 2498/2498/2498 2497/2497/2497 2610/2610/2610
f 2599/2599/2599 2609/2609/2609 2600/2600/2600
f 2601/2601/2601 2602/2602/2602 2509/2509/2509
f 531/531/531 524/524/524 532/532/532
f 2556/2556/2556 2572/2572/2572 2569/2569/2569
f 522/522/522 533/533/533 523/523/523
f 2551/2551/2551 2557/2557/2557 2589/2589/2589
f 2557/2557/2557 2559/2559/2559 2589/2589/2589
f 525/525/525 524/524/524 531/531/531
f 2498/2498/2498 2608/2608/2608 2536/2536/2536
f 2570/2570/2570 2577/2577/2577 2558/2558/2558
f 2547/2547/2547 2548/2548/2548 2545/2545/2545
f 2511/2511/2511 2544/2544/2544 2592/2592/2592
f 2537/2537/2537 2533/2533/2533 2576/2576/2576
f 529/529/529 528/528/528 526/526/526
f 2572/2572/2572 2556/2556/2556 2555/2555/2555
f 530/530/530 532/532/532 534/534/534
f 2585/2585/2585 2515/2515/2515 2514/2514/2514
f 2561/2561/2561 2590/2590/2590 2499/2499/2499
f 2499/2499/2499 2590/2590/2590 2500/2500/2500
f 2582/2582/2582 2572/2572/2572 2493/2493/2493
f 2607/2607/2607 2518/2518/2518 2530/2530/2530
f 2506/2506/2506 2505/2505/2505 2587/2587/2587
f 2502/2502/2502 2515/2515/2515 2585/2585/2585
f 530/530/530 534/534/534 535/535/535
f 2514/2514/2514 2581/2581/2581 2589/2589/2589
f 2589/2589/2589 2559/2559/2559 2586/2586/2586
f 2596/2596/2596 2597/2597/2597 2559/2559/2559
f 2495/2495/2495 2536/2536/2536 2493/2493/2493
f 2575/2575/2575 2595/2595/2595 2555/2555/2555
f 524/524/524 528/528/528 532/532/532
f 2576/2576/2576 2583/2583/2583 2577/2577/2577
f 2543/2543/2543 2564/2564/2564 2553/2553/2553
f 2582/2582/2582 2493/2493/2493 2583/2583/2583
f 2529/2529/2529 2498/2498/2498 2568/2568/2568
f 2584/2584/2584 2502/2502/2502 2597/2597/2597
f 2575/2575/2575 2588/2588/2588 2595/2595/2595
f 2586/2586/2586 2585/2585/2585 2514/2514/2514
f 2586/2586/2586 2597/2597/2597 2502/2502/2502
f 2589/2589/2589 2586/2586/2586 2514/2514/2514
f 2605/2605/2605 2566/2566/2566 2606/2606/2606
f 2580/2580/2580 2573/2573/2573 2575/2575/2575
f 524/524/524 526/526/526 528/528/528
f 2554/2554/2554 2580/2580/2580 2575/2575/2575
f 2595/2595/2595 2495/2495/2495 2494/2494/2494
f 532/532/532 528/528/528 527/527/527
f 2574/2574/2574 2579/2579/2579 2594/2594/2594
f 2580/2580/2580 2548/2548/2548 2547/2547/2547
f 2603/2603/2603 2577/2577/2577 2600/2600/2600
f 2584/2584/2584 2590/2590/2590 2561/2561/2561
f 2604/2604/2604 2504/2504/2504 2519/2519/2519
f 2519/2519/2519 2584/2584/2584 2561/2561/2561
f 532/532/532 527/527/527 536/536/536
f 2574/2574/2574 2547/2547/2547 2578/2578/2578
f 2595/2595/2595 2494/2494/2494 2555/2555/2555
f 2553/2553/2553 2560/2560/2560 2513/2513/2513
f 2495/2495/2495 2595/2595/2595 2517/2517/2517
f 536/536/536 534/534/534 532/532/532
f 2604/2604/2604 2519/2519/2519 2520/2520/2520
f 2583/2583/2583 2493/2493/2493 2590/2590/2590
f 2552/2552/2552 2589/2589/2589 2581/2581/2581
f 537/537/537 538/538/538 539/539/539
f 2570/2570/2570 2591/2591/2591 2600/2600/2600
f 540/540/540 541/541/541 529/529/529
f 542/542/542 533/533/533 522/522/522
f 2506/2506/2506 2512/2512/2512 2593/2593/2593
f 2586/2586/2586 2559/2559/2559 2597/2597/2597
f 2583/2583/2583 2590/2590/2590 2596/2596/2596
f 2603/2603/2603 2537/2537/2537 2577/2577/2577
f 2569/2569/2569 2549/2549/2549 2580/2580/2580
f 2533/2533/2533 2563/2563/2563 2569/2569/2569
f 539/539/539 540/540/540 543/543/543
f 2601/2601/2601 2501/2501/2501 2602/2602/2602
f 540/540/540 515/515/515 517/517/517
f 2591/2591/2591 2599/2599/2599 2600/2600/2600
f 2576/2576/2576 2582/2582/2582 2583/2583/2583
f 2590/2590/2590 2493/2493/2493 2571/2571/2571
f 2569/2569/2569 2580/2580/2580 2556/2556/2556
f 2526/2526/2526 2539/2539/2539 2593/2593/2593
f 2572/2572/2572 2533/2533/2533 2569/2569/2569
f 2559/2559/2559 2558/2558/2558 2596/2596/2596
f 2591/2591/2591 2551/2551/2551 2599/2599/2599
f 2526/2526/2526 2598/2598/2598 2524/2524/2524
f 544/544/544 520/520/520 521/521/521
f 2582/2582/2582 2533/2533/2533 2572/2572/2572
f 2580/2580/2580 2554/2554/2554 2556/2556/2556
f 2584/2584/2584 2597/2597/2597 2596/2596/2596
f 2558/2558/2558 2583/2583/2583 2596/2596/2596
f 2553/2553/2553 2544/2544/2544 2543/2543/2543
f 2594/2594/2594 2595/2595/2595 2588/2588/2588
f 2512/2512/2512 2522/2522/2522 2593/2593/2593
f 2507/2507/2507 2593/2593/2593 2539/2539/2539
f 2521/2521/2521 2526/2526/2526 2593/2593/2593
f 2521/2521/2521 2520/2520/2520 2519/2519/2519
f 2592/2592/2592 2522/2522/2522 2511/2511/2511
f 2557/2557/2557 2551/2551/2551 2570/2570/2570
f 2591/2591/2591 2570/2570/2570 2551/2551/2551
f 545/545/545 546/546/546 544/544/544
f 2590/2590/2590 2571/2571/2571 2500/2500/2500
f 2510/2510/2510 2506/2506/2506 2587/2587/2587
f 523/523/523 547/547/547 525/525/525
f 2552/2552/2552 2551/2551/2551 2589/2589/2589
f 2574/2574/2574 2588/2588/2588 2573/2573/2573
f 2564/2564/2564 2510/2510/2510 2587/2587/2587
f 2585/2585/2585 2586/2586/2586 2502/2502/2502
f 2519/2519/2519 2503/2503/2503 2584/2584/2584
f 2577/2577/2577 2583/2583/2583 2558/2558/2558
f 2582/2582/2582 2576/2576/2576 2533/2533/2533
f 525/525/525 518/518/518 523/523/523
f 548/548/548 549/549/549 550/550/550
f 2514/2514/2514 2560/2560/2560 2581/2581/2581
f 2547/2547/2547 2573/2573/2573 2580/2580/2580
f 2574/2574/2574 2578/2578/2578 2579/2579/2579
f 2578/2578/2578 2547/2547/2547 2546/2546/2546
f 2498/2498/2498 2536/2536/2536 2568/2568/2568
f 2537/2537/2537 2576/2576/2576 2577/2577/2577
f 2554/2554/2554 2575/2575/2575 2555/2555/2555
f 2573/2573/2573 2547/2547/2547 2574/2574/2574
f 2494/2494/2494 2572/2572/2572 2555/2555/2555
f 2508/2508/2508 2571/2571/2571 2493/2493/2493
f 551/551/551 552/552/552 548/548/548
f 2526/2526/2526 2521/2521/2521 2519/2519/2519
f 525/525/525 531/531/531 518/518/518
f 2557/2557/2557 2570/2570/2570 2558/2558/2558
f 2567/2567/2567 2529/2529/2529 2568/2568/2568
f 2569/2569/2569 2563/2563/2563 2549/2549/2549
f 2511/2511/2511 2522/2522/2522 2512/2512/2512
f 2495/2495/2495 2567/2567/2567 2568/2568/2568
f 553/553/553 533/533/533 542/542/542
f 554/554/554 555/555/555 556/556/556
f 2565/2565/2565 2542/2542/2542 2566/2566/2566
f 2543/2543/2543 2510/2510/2510 2564/2564/2564
f 522/522/522 518/518/518 520/520/520
f 2535/2535/2535 2562/2562/2562 2563/2563/2563
f 2544/2544/2544 2513/2513/2513 2515/2515/2515
f 2499/2499/2499 2519/2519/2519 2561/2561/2561
f 2560/2560/2560 2514/2514/2514 2513/2513/2513
f 2557/2557/2557 2558/2558/2558 2559/2559/2559
f 2505/2505/2505 2507/2507/2507 2539/2539/2539
f 2554/2554/2554 2555/2555/2555 2556/2556/2556
f 552/552/552 549/549/549 548/548/548
f 2553/2553/2553 2513/2513/2513 2544/2544/2544
f 2550/2550/2550 2551/2551/2551 2552/2552/2552
f 541/541/541 540/540/540 557/557/557
f 2545/2545/2545 2546/2546/2546 2547/2547/2547
f 2543/2543/2543 2544/2544/2544 2511/2511/2511
f 2536/2536/2536 2509/2509/2509 2508/2508/2508
f 2542/2542/2542 2535/2535/2535 2534/2534/2534
f 2534/2534/2534 2540/2540/2540 2541/2541/2541
f 518/518/518 531/531/531 519/519/519
f 2539/2539/2539 2526/2526/2526 2525/2525/2525
f 2534/2534/2534 2537/2537/2537 2538/2538/2538
f 2508/2508/2508 2493/2493/2493 2536/2536/2536
f 2533/2533/2533 2534/2534/2534 2535/2535/2535
f 2530/2530/2530 2531/2531/2531 2532/2532/2532
f 2528/2528/2528 2496/2496/2496 2529/2529/2529
f 2497/2497/2497 2496/2496/2496 2527/2527/2527
f 2523/2523/2523 2495/2495/2495 2517/2517/2517
f 2524/2524/2524 2525/2525/2525 2526/2526/2526
f 2516/2516/2516 2523/2523/2523 2517/2517/2517
f 548/548/548 558/558/558 551/551/551
f 521/521/521 519/519/519 530/530/530
f 2520/2520/2520 2521/2521/2521 2522/2522/2522
f 2504/2504/2504 2503/2503/2503 2519/2519/2519
f 2516/2516/2516 2517/2517/2517 2518/2518/2518
f 2513/2513/2513 2514/2514/2514 2515/2515/2515
f 2510/2510/2510 2511/2511/2511 2512/2512/2512
f 2500/2500/2500 2508/2508/2508 2509/2509/2509
f 2505/2505/2505 2506/2506/2506 2507/2507/2507
f 2502/2502/2502 2503/2503/2503 2504/2504/2504
f 2499/2499/2499 2500/2500/2500 2501/2501/2501
f 2496/2496/2496 2497/2497/2497 2498/2498/2498
f 2493/2493/2493 2494/2494/2494 2495/2495/2495
f 2420/2420/2420 2454/2454/2454 2421/2421/2421
f 2368/2368/2368 2367/2367/2367 2370/2370/2370
f 2487/2487/2487 2469/2469/2469 2468/2468/2468
f 2413/2413/2413 2424/2424/2424 2477/2477/2477
f 2491/2491/2491 2490/2490/2490 2422/2422/2422
f 2410/2410/2410 2451/2451/2451 2460/2460/2460
f 2472/2472/2472 2485/2485/2485 2473/2473/2473
f 2372/2372/2372 2405/2405/2405 2373/2373/2373
f 2430/2430/2430 2366/2366/2366 2365/2365/2365
f 2437/2437/2437 2414/2414/2414 2455/2455/2455
f 2386/2386/2386 2388/2388/2388 2485/2485/2485
f 2472/2472/2472 2379/2379/2379 2485/2485/2485
f 2426/2426/2426 2407/2407/2407 2432/2432/2432
f 2485/2485/2485 2388/2388/2388 2473/2473/2473
f 2485/2485/2485 2392/2392/2392 2394/2394/2394
f 2379/2379/2379 2378/2378/2378 2363/2363/2363
f 2378/2378/2378 2365/2365/2365 2363/2363/2363
f 2443/2443/2443 2442/2442/2442 2492/2492/2492
f 2393/2393/2393 2386/2386/2386 2485/2485/2485
f 2378/2378/2378 2430/2430/2430 2365/2365/2365
f 2484/2484/2484 2489/2489/2489 2488/2488/2488
f 2466/2466/2466 2367/2367/2367 2465/2465/2465
f 2452/2452/2452 2372/2372/2372 2428/2428/2428
f 2491/2491/2491 2492/2492/2492 2490/2490/2490
f 2443/2443/2443 2492/2492/2492 2491/2491/2491
f 2490/2490/2490 2492/2492/2492 2415/2415/2415
f 2424/2424/2424 2443/2443/2443 2491/2491/2491
f 2379/2379/2379 2392/2392/2392 2485/2485/2485
f 2385/2385/2385 2384/2384/2384 2468/2468/2468
f 2396/2396/2396 2461/2461/2461 2399/2399/2399
f 2401/2401/2401 2470/2470/2470 2468/2468/2468
f 2488/2488/2488 2489/2489/2489 2469/2469/2469
f 2410/2410/2410 2484/2484/2484 2408/2408/2408
f 2367/2367/2367 2466/2466/2466 2457/2457/2457
f 2444/2444/2444 2377/2377/2377 2442/2442/2442
f 2456/2456/2456 2445/2445/2445 2429/2429/2429
f 2416/2416/2416 2371/2371/2371 2455/2455/2455
f 2481/2481/2481 2471/2471/2471 2421/2421/2421
f 2420/2420/2420 2409/2409/2409 2440/2440/2440
f 2468/2468/2468 2398/2398/2398 2397/2397/2397
f 2398/2398/2398 2461/2461/2461 2396/2396/2396
f 2481/2481/2481 2490/2490/2490 2471/2471/2471
f 2442/2442/2442 2416/2416/2416 2415/2415/2415
f 2415/2415/2415 2492/2492/2492 2442/2442/2442
f 2471/2471/2471 2415/2415/2415 2436/2436/2436
f 2377/2377/2377 2444/2444/2444 2443/2443/2443
f 2467/2467/2467 2469/2469/2469 2410/2410/2410
f 2436/2436/2436 2415/2415/2415 2414/2414/2414
f 2468/2468/2468 2397/2397/2397 2402/2402/2402
f 2436/2436/2436 2414/2414/2414 2437/2437/2437
f 2484/2484/2484 2410/2410/2410 2489/2489/2489
f 2462/2462/2462 2403/2403/2403 2402/2402/2402
f 2424/2424/2424 2491/2491/2491 2422/2422/2422
f 2471/2471/2471 2490/2490/2490 2415/2415/2415
f 2490/2490/2490 2481/2481/2481 2422/2422/2422
f 2405/2405/2405 2446/2446/2446 2429/2429/2429
f 2397/2397/2397 2474/2474/2474 2463/2463/2463
f 2389/2389/2389 2369/2369/2369 2368/2368/2368
f 2443/2443/2443 2424/2424/2424 2377/2377/2377
f 2429/2429/2429 2446/2446/2446 2456/2456/2456
f 2439/2439/2439 2454/2454/2454 2440/2440/2440
f 2476/2476/2476 2477/2477/2477 2424/2424/2424
f 2399/2399/2399 2457/2457/2457 2396/2396/2396
f 2392/2392/2392 2391/2391/2391 2393/2393/2393
f 2457/2457/2457 2466/2466/2466 2404/2404/2404
f 2427/2427/2427 2373/2373/2373 2407/2407/2407
f 2362/2362/2362 2382/2382/2382 2391/2391/2391
f 2434/2434/2434 2451/2451/2451 2410/2410/2410
f 2381/2381/2381 2364/2364/2364 2366/2366/2366
f 2427/2427/2427 2374/2374/2374 2373/2373/2373
f 2437/2437/2437 2459/2459/2459 2461/2461/2461
f 2483/2483/2483 2411/2411/2411 2418/2418/2418
f 2411/2411/2411 2413/2413/2413 2417/2417/2417
f 2370/2370/2370 2457/2457/2457 2399/2399/2399
f 2410/2410/2410 2469/2469/2469 2489/2489/2489
f 2465/2465/2465 2367/2367/2367 2369/2369/2369
f 2431/2431/2431 2432/2432/2432 2380/2380/2380
f 2399/2399/2399 2461/2461/2461 2459/2459/2459
f 2399/2399/2399 2459/2459/2459 2400/2400/2400
f 2465/2465/2465 2456/2456/2456 2449/2449/2449
f 2393/2393/2393 2375/2375/2375 2386/2386/2386
f 2363/2363/2363 2362/2362/2362 2391/2391/2391
f 2398/2398/2398 2467/2467/2467 2460/2460/2460
f 2454/2454/2454 2420/2420/2420 2440/2440/2440
f 2487/2487/2487 2488/2488/2488 2469/2469/2469
f 2442/2442/2442 2377/2377/2377 2376/2376/2376
f 2410/2410/2410 2420/2420/2420 2434/2434/2434
f 2479/2479/2479 2421/2421/2421 2453/2453/2453
f 2390/2390/2390 2442/2442/2442 2376/2376/2376
f 2421/2421/2421 2479/2479/2479 2481/2481/2481
f 2407/2407/2407 2406/2406/2406 2432/2432/2432
f 2477/2477/2477 2417/2417/2417 2413/2413/2413
f 2366/2366/2366 2465/2465/2465 2369/2369/2369
f 2486/2486/2486 2478/2478/2478 2480/2480/2480
f 2478/2478/2478 2486/2486/2486 2423/2423/2423
f 2425/2425/2425 2424/2424/2424 2413/2413/2413
f 2423/2423/2423 2422/2422/2422 2481/2481/2481
f 2421/2421/2421 2471/2471/2471 2419/2419/2419
f 2468/2468/2468 2402/2402/2402 2401/2401/2401
f 2380/2380/2380 2379/2379/2379 2472/2472/2472
f 2394/2394/2394 2393/2393/2393 2485/2485/2485
f 2381/2381/2381 2362/2362/2362 2364/2364/2364
f 2484/2484/2484 2441/2441/2441 2408/2408/2408
f 2416/2416/2416 2390/2390/2390 2368/2368/2368
f 2481/2481/2481 2478/2478/2478 2423/2423/2423
f 2445/2445/2445 2456/2456/2456 2366/2366/2366
f 2436/2436/2436 2433/2433/2433 2471/2471/2471
f 2480/2480/2480 2479/2479/2479 2453/2453/2453
f 2403/2403/2403 2462/2462/2462 2475/2475/2475
f 2411/2411/2411 2483/2483/2483 2482/2482/2482
f 2390/2390/2390 2376/2376/2376 2382/2382/2382
f 2411/2411/2411 2482/2482/2482 2412/2412/2412
f 2371/2371/2371 2400/2400/2400 2455/2455/2455
f 2382/2382/2382 2381/2381/2381 2390/2390/2390
f 2370/2370/2370 2367/2367/2367 2458/2458/2458
f 2481/2481/2481 2479/2479/2479 2478/2478/2478
f 2439/2439/2439 2453/2453/2453 2454/2454/2454
f 2403/2403/2403 2383/2383/2383 2385/2385/2385
f 2478/2478/2478 2479/2479/2479 2480/2480/2480
f 2366/2366/2366 2456/2456/2456 2465/2465/2465
f 2417/2417/2417 2477/2477/2477 2476/2476/2476
f 2424/2424/2424 2423/2423/2423 2476/2476/2476
f 2461/2461/2461 2460/2460/2460 2451/2451/2451
f 2437/2437/2437 2455/2455/2455 2459/2459/2459
f 2410/2410/2410 2460/2460/2460 2467/2467/2467
f 2364/2364/2364 2363/2363/2363 2365/2365/2365
f 2433/2433/2433 2436/2436/2436 2434/2434/2434
f 2378/2378/2378 2432/2432/2432 2406/2406/2406
f 2446/2446/2446 2404/2404/2404 2449/2449/2449
f 2420/2420/2420 2410/2410/2410 2409/2409/2409
f 2430/2430/2430 2429/2429/2429 2445/2445/2445
f 2429/2429/2429 2406/2406/2406 2373/2373/2373
f 2404/2404/2404 2396/2396/2396 2457/2457/2457
f 2451/2451/2451 2437/2437/2437 2461/2461/2461
f 2404/2404/2404 2447/2447/2447 2397/2397/2397
f 2397/2397/2397 2396/2396/2396 2404/2404/2404
f 2468/2468/2468 2470/2470/2470 2385/2385/2385
f 2470/2470/2470 2401/2401/2401 2403/2403/2403
f 2475/2475/2475 2383/2383/2383 2403/2403/2403
f 2382/2382/2382 2376/2376/2376 2375/2375/2375
f 2368/2368/2368 2371/2371/2371 2416/2416/2416
f 2391/2391/2391 2375/2375/2375 2393/2393/2393
f 2397/2397/2397 2447/2447/2447 2474/2474/2474
f 2472/2472/2472 2473/2473/2473 2380/2380/2380
f 2450/2450/2450 2456/2456/2456 2446/2446/2446
f 2463/2463/2463 2402/2402/2402 2397/2397/2397
f 2416/2416/2416 2442/2442/2442 2390/2390/2390
f 2467/2467/2467 2398/2398/2398 2468/2468/2468
f 2433/2433/2433 2419/2419/2419 2471/2471/2471
f 2449/2449/2449 2404/2404/2404 2466/2466/2466
f 2470/2470/2470 2403/2403/2403 2385/2385/2385
f 2373/2373/2373 2405/2405/2405 2429/2429/2429
f 2392/2392/2392 2379/2379/2379 2363/2363/2363
f 2467/2467/2467 2468/2468/2468 2469/2469/2469
f 2435/2435/2435 2395/2395/2395 2386/2386/2386
f 2465/2465/2465 2449/2449/2449 2466/2466/2466
f 2395/2395/2395 2448/2448/2448 2464/2464/2464
f 2462/2462/2462 2402/2402/2402 2463/2463/2463
f 2377/2377/2377 2425/2425/2425 2375/2375/2375
f 2375/2375/2375 2435/2435/2435 2386/2386/2386
f 2457/2457/2457 2370/2370/2370 2458/2458/2458
f 2425/2425/2425 2412/2412/2412 2435/2435/2435
f 2398/2398/2398 2460/2460/2460 2461/2461/2461
f 2400/2400/2400 2459/2459/2459 2455/2455/2455
f 2367/2367/2367 2457/2457/2457 2458/2458/2458
f 2441/2441/2441 2438/2438/2438 2440/2440/2440
f 2456/2456/2456 2450/2450/2450 2449/2449/2449
f 2430/2430/2430 2378/2378/2378 2406/2406/2406
f 2414/2414/2414 2416/2416/2416 2455/2455/2455
f 2453/2453/2453 2421/2421/2421 2454/2454/2454
f 2375/2375/2375 2391/2391/2391 2382/2382/2382
f 2447/2447/2447 2372/2372/2372 2452/2452/2452
f 2435/2435/2435 2448/2448/2448 2395/2395/2395
f 2434/2434/2434 2437/2437/2437 2451/2451/2451
f 2449/2449/2449 2450/2450/2450 2446/2446/2446
f 2435/2435/2435 2412/2412/2412 2448/2448/2448
f 2389/2389/2389 2368/2368/2368 2390/2390/2390
f 2409/2409/2409 2441/2441/2441 2440/2440/2440
f 2404/2404/2404 2372/2372/2372 2447/2447/2447
f 2419/2419/2419 2434/2434/2434 2420/2420/2420
f 2405/2405/2405 2404/2404/2404 2446/2446/2446
f 2430/2430/2430 2445/2445/2445 2366/2366/2366
f 2442/2442/2442 2443/2443/2443 2444/2444/2444
f 2409/2409/2409 2408/2408/2408 2441/2441/2441
f 2380/2380/2380 2432/2432/2432 2378/2378/2378
f 2438/2438/2438 2439/2439/2439 2440/2440/2440
f 2436/2436/2436 2437/2437/2437 2434/2434/2434
f 2435/2435/2435 2375/2375/2375 2425/2425/2425
f 2433/2433/2433 2434/2434/2434 2419/2419/2419
f 2431/2431/2431 2426/2426/2426 2432/2432/2432
f 2429/2429/2429 2430/2430/2430 2406/2406/2406
f 2428/2428/2428 2372/2372/2372 2374/2374/2374
f 2426/2426/2426 2427/2427/2427 2407/2407/2407
f 2412/2412/2412 2425/2425/2425 2413/2413/2413
f 2424/2424/2424 2425/2425/2425 2377/2377/2377
f 2422/2422/2422 2423/2423/2423 2424/2424/2424
f 2419/2419/2419 2420/2420/2420 2421/2421/2421
f 2417/2417/2417 2418/2418/2418 2411/2411/2411
f 2414/2414/2414 2415/2415/2415 2416/2416/2416
f 2411/2411/2411 2412/2412/2412 2413/2413/2413
f 2408/2408/2408 2409/2409/2409 2410/2410/2410
f 2406/2406/2406 2407/2407/2407 2373/2373/2373
f 2400/2400/2400 2371/2371/2371 2370/2370/2370
f 2372/2372/2372 2404/2404/2404 2405/2405/2405
f 2401/2401/2401 2402/2402/2402 2403/2403/2403
f 2399/2399/2399 2400/2400/2400 2370/2370/2370
f 2389/2389/2389 2381/2381/2381 2369/2369/2369
f 2396/2396/2396 2397/2397/2397 2398/2398/2398
f 2387/2387/2387 2386/2386/2386 2395/2395/2395
f 2392/2392/2392 2393/2393/2393 2394/2394/2394
f 2391/2391/2391 2392/2392/2392 2363/2363/2363
f 2381/2381/2381 2389/2389/2389 2390/2390/2390
f 2386/2386/2386 2387/2387/2387 2388/2388/2388
f 2383/2383/2383 2384/2384/2384 2385/2385/2385
f 2382/2382/2382 2362/2362/2362 2381/2381/2381
f 2381/2381/2381 2366/2366/2366 2369/2369/2369
f 2378/2378/2378 2379/2379/2379 2380/2380/2380
f 2375/2375/2375 2376/2376/2376 2377/2377/2377
f 2372/2372/2372 2373/2373/2373 2374/2374/2374
f 2368/2368/2368 2370/2370/2370 2371/2371/2371
f 2367/2367/2367 2368/2368/2368 2369/2369/2369
f 2365/2365/2365 2366/2366/2366 2364/2364/2364
f 2362/2362/2362 2363/2363/2363 2364/2364/2364
f 2359/2359/2359 2340/2340/2340 2342/2342/2342
f 2327/2327/2327 2360/2360/2360 2326/2326/2326
f 2342/2342/2342 2358/2358/2358 2359/2359/2359
f 2360/2360/2360 2327/2327/2327 2333/2333/2333
f 2265/2265/2265 2264/2264/2264 2242/2242/2242
f 2358/2358/2358 2326/2326/2326 2359/2359/2359
f 2327/2327/2327 2334/2334/2334 2333/2333/2333
f 2251/2251/2251 2299/2299/2299 2281/2281/2281
f 2345/2345/2345 2340/2340/2340 2359/2359/2359
f 2358/2358/2358 2342/2342/2342 2335/2335/2335
f 2334/2334/2334 2302/2302/2302 2295/2295/2295
f 2293/2293/2293 2308/2308/2308 2297/2297/2297
f 2320/2320/2320 2346/2346/2346 2337/2337/2337
f 2285/2285/2285 2252/2252/2252 2272/2272/2272
f 2273/2273/2273 2243/2243/2243 2330/2330/2330
f 2359/2359/2359 2360/2360/2360 2345/2345/2345
f 2342/2342/2342 2338/2338/2338 2335/2335/2335
f 2296/2296/2296 2334/2334/2334 2295/2295/2295
f 2264/2264/2264 2257/2257/2257 2271/2271/2271
f 2295/2295/2295 2301/2301/2301 2293/2293/2293
f 2246/2246/2246 2257/2257/2257 2264/2264/2264
f 2246/2246/2246 2264/2264/2264 2357/2357/2357
f 2266/2266/2266 2329/2329/2329 2357/2357/2357
f 2332/2332/2332 2324/2324/2324 2361/2361/2361
f 2338/2338/2338 2342/2342/2342 2349/2349/2349
f 2302/2302/2302 2301/2301/2301 2295/2295/2295
f 2335/2335/2335 2338/2338/2338 2318/2318/2318
f 2329/2329/2329 2325/2325/2325 2353/2353/2353
f 2342/2342/2342 2341/2341/2341 2349/2349/2349
f 1/1/1 2/2/2 3/3/3
f 4/4/4 3/3/3 5/5/5
f 6/6/6 7/7/7 8/8/8
f 5/5/5 3/3/3 9/9/9
f 3/3/3 4/4/4 1/1/1
f 10/10/10 11/11/11 12/12/12
f 13/13/13 10/10/10 14/14/14
f 12/12/12 4/4/4 15/15/15
f 14/14/14 16/16/16 17/17/17
f 18/18/18 19/19/19 9/9/9
f 3/3/3 2/2/2 20/20/20
f 18/18/18 9/9/9 21/21/21
f 13/13/13 14/14/14 17/17/17
f 13/13/13 22/22/22 11/11/11
f 16/16/16 23/23/23 24/24/24
f 25/25/25 2/2/2 7/7/7
f 17/17/17 22/22/22 13/13/13
f 14/14/14 26/26/26 16/16/16
f 1/1/1 8/8/8 2/2/2
f 24/24/24 17/17/17 16/16/16
f 8/8/8 24/24/24 6/6/6
f 11/11/11 10/10/10 13/13/13
f 1/1/1 4/4/4 12/12/12
f 9/9/9 3/3/3 20/20/20
f 11/11/11 1/1/1 12/12/12
f 22/22/22 8/8/8 11/11/11
f 23/23/23 16/16/16 26/26/26
f 25/25/25 20/20/20 2/2/2
f 24/24/24 8/8/8 22/22/22
f 19/19/19 5/5/5 9/9/9
f 8/8/8 7/7/7 2/2/2
f 9/9/9 20/20/20 21/21/21
f 19/19/19 27/27/27 28/28/28
f 29/29/29 30/30/30 31/31/31
f 29/29/29 32/32/32 30/30/30
f 33/33/33 34/34/34 35/35/35
f 31/31/31 30/30/30 36/36/36
f 37/37/37 36/36/36 30/30/30
f 38/38/38 39/39/39 34/34/34
f 39/39/39 40/40/40 32/32/32
f 34/34/34 32/32/32 29/29/29
f 30/30/30 32/32/32 37/37/37
f 35/35/35 34/34/34 29/29/29
f 11/11/11 8/8/8 1/1/1
f 41/41/41 32/32/32 40/40/40
f 38/38/38 40/40/40 39/39/39
f 24/24/24 22/22/22 17/17/17
f 25/25/25 42/42/42 20/20/20
f 34/34/34 39/39/39 32/32/32
f 7/7/7 6/6/6 42/42/42
f 43/43/43 44/44/44 45/45/45
f 45/45/45 44/44/44 28/28/28
f 45/45/45 28/28/28 27/27/27
f 45/45/45 46/46/46 43/43/43
f 33/33/33 47/47/47 34/34/34
f 48/48/48 49/49/49 50/50/50
f 46/46/46 45/45/45 27/27/27
f 33/33/33 51/51/51 47/47/47
f 25/25/25 7/7/7 42/42/42
f 34/34/34 47/47/47 38/38/38
f 48/48/48 20/20/20 42/42/42
f 43/43/43 48/48/48 50/50/50
f 38/38/38 52/52/52 53/53/53
f 28/28/28 44/44/44 54/54/54
f 18/18/18 27/27/27 19/19/19
f 55/55/55 56/56/56 42/42/42
f 46/46/46 48/48/48 43/43/43
f 27/27/27 18/18/18 46/46/46
f 56/56/56 55/55/55 57/57/57
f 18/18/18 21/21/21 46/46/46
f 49/49/49 48/48/48 42/42/42
f 49/49/49 42/42/42 56/56/56
f 48/48/48 46/46/46 21/21/21
f 48/48/48 21/21/21 20/20/20
f 55/55/55 42/42/42 6/6/6
f 54/54/54 58/58/58 59/59/59
f 58/58/58 60/60/60 59/59/59
f 61/61/61 60/60/60 40/40/40
f 60/60/60 61/61/61 59/59/59
f 61/61/61 40/40/40 38/38/38
f 47/47/47 52/52/52 38/38/38
f 61/61/61 38/38/38 53/53/53
f 62/62/62 61/61/61 53/53/53
f 63/63/63 62/62/62 53/53/53
f 52/52/52 63/63/63 53/53/53
f 64/64/64 65/65/65 4/4/4
f 66/66/66 67/67/67 68/68/68
f 67/67/67 69/69/69 70/70/70
f 71/71/71 66/66/66 72/72/72
f 73/73/73 74/74/74 70/70/70
f 73/73/73 75/75/75 76/76/76
f 4/4/4 65/65/65 15/15/15
f 77/77/77 78/78/78 79/79/79
f 70/70/70 68/68/68 67/67/67
f 67/67/67 66/66/66 71/71/71
f 68/68/68 70/70/70 74/74/74
f 80/80/80 15/15/15 65/65/65
f 81/81/81 50/50/50 41/41/41
f 26/26/26 82/82/82 83/83/83
f 84/84/84 24/24/24 23/23/23
f 83/83/83 85/85/85 86/86/86
f 87/87/87 62/62/62 63/63/63
f 88/88/88 89/89/89 90/90/90
f 91/91/91 92/92/92 93/93/93
f 87/87/87 77/77/77 79/79/79
f 6/6/6 24/24/24 55/55/55
f 24/24/24 84/84/84 55/55/55
f 85/85/85 94/94/94 86/86/86
f 63/63/63 95/95/95 87/87/87
f 92/92/92 62/62/62 93/93/93
f 93/93/93 62/62/62 87/87/87
f 84/84/84 86/86/86 88/88/88
f 84/84/84 83/83/83 86/86/86
f 81/81/81 41/41/41 58/58/58
f 83/83/83 82/82/82 85/85/85
f 93/93/93 87/87/87 70/70/70
f 37/37/37 94/94/94 36/36/36
f 88/88/88 86/86/86 94/94/94
f 73/73/73 70/70/70 79/79/79
f 4/4/4 5/5/5 64/64/64
f 96/96/96 50/50/50 49/49/49
f 84/84/84 88/88/88 90/90/90
f 90/90/90 55/55/55 84/84/84
f 63/63/63 52/52/52 95/95/95
f 57/57/57 55/55/55 90/90/90
f 26/26/26 83/83/83 23/23/23
f 77/77/77 87/87/87 95/95/95
f 89/89/89 88/88/88 37/37/37
f 51/51/51 52/52/52 47/47/47
f 96/96/96 56/56/56 57/57/57
f 69/69/69 97/97/97 70/70/70
f 90/90/90 89/89/89 57/57/57
f 78/78/78 75/75/75 79/79/79
f 95/95/95 78/78/78 77/77/77
f 52/52/52 51/51/51 95/95/95
f 98/98/98 95/95/95 51/51/51
f 41/41/41 89/89/89 32/32/32
f 70/70/70 97/97/97 93/93/93
f 83/83/83 84/84/84 23/23/23
f 99/99/99 95/95/95 98/98/98
f 41/41/41 96/96/96 57/57/57
f 94/94/94 31/31/31 36/36/36
f 95/95/95 99/99/99 78/78/78
f 32/32/32 89/89/89 37/37/37
f 41/41/41 40/40/40 58/58/58
f 100/100/100 78/78/78 99/99/99
f 41/41/41 50/50/50 96/96/96
f 58/58/58 54/54/54 44/44/44
f 44/44/44 43/43/43 58/58/58
f 76/76/76 74/74/74 73/73/73
f 70/70/70 87/87/87 79/79/79
f 98/98/98 51/51/51 33/33/33
f 43/43/43 81/81/81 58/58/58
f 101/101/101 29/29/29 102/102/102
f 75/75/75 73/73/73 79/79/79
f 43/43/43 50/50/50 81/81/81
f 88/88/88 94/94/94 37/37/37
f 49/49/49 56/56/56 96/96/96
f 57/57/57 89/89/89 41/41/41
f 58/58/58 40/40/40 60/60/60
f 102/102/102 103/103/103 101/101/101
f 35/35/35 29/29/29 101/101/101
f 2316/2316/2316 2337/2337/2337 2346/2346/2346
f 2359/2359/2359 2326/2326/2326 2360/2360/2360
f 2328/2328/2328 2346/2346/2346 2320/2320/2320
f 2353/2353/2353 2355/2355/2355 2329/2329/2329
f 2355/2355/2355 2354/2354/2354 2356/2356/2356
f 2355/2355/2355 2246/2246/2246 2357/2357/2357
f 2310/2310/2310 2350/2350/2350 2352/2352/2352
f 2348/2348/2348 2310/2310/2310 2352/2352/2352
f 2306/2306/2306 2287/2287/2287 2260/2260/2260
f 2329/2329/2329 2355/2355/2355 2357/2357/2357
f 2326/2326/2326 2358/2358/2358 2335/2335/2335
f 2287/2287/2287 2306/2306/2306 2347/2347/2347
f 2311/2311/2311 2306/2306/2306 2300/2300/2300
f 2332/2332/2332 2304/2304/2304 2292/2292/2292
f 2262/2262/2262 2328/2328/2328 2320/2320/2320
f 2347/2347/2347 2306/2306/2306 2339/2339/2339
f 2286/2286/2286 2249/2249/2249 2238/2238/2238
f 2289/2289/2289 2288/2288/2288 2283/2283/2283
f 2355/2355/2355 2356/2356/2356 2246/2246/2246
f 2340/2340/2340 2345/2345/2345 2344/2344/2344
f 2328/2328/2328 2347/2347/2347 2339/2339/2339
f 2353/2353/2353 2325/2325/2325 2323/2323/2323
f 2250/2250/2250 2285/2285/2285 2274/2274/2274
f 2277/2277/2277 2279/2279/2279 2356/2356/2356
f 2266/2266/2266 2357/2357/2357 2264/2264/2264
f 2318/2318/2318 2338/2338/2338 2316/2316/2316
f 2344/2344/2344 2341/2341/2341 2340/2340/2340
f 2353/2353/2353 2323/2323/2323 2352/2352/2352
f 2301/2301/2301 2271/2271/2271 2308/2308/2308
f 2353/2353/2353 2352/2352/2352 2354/2354/2354
f 2293/2293/2293 2301/2301/2301 2308/2308/2308
f 2350/2350/2350 2354/2354/2354 2352/2352/2352
f 2346/2346/2346 2339/2339/2339 2336/2336/2336
f 2351/2351/2351 2337/2337/2337 2349/2349/2349
f 2277/2277/2277 2354/2354/2354 2350/2350/2350
f 2356/2356/2356 2354/2354/2354 2277/2277/2277
f 2310/2310/2310 2300/2300/2300 2278/2278/2278
f 2314/2314/2314 2313/2313/2313 2312/2312/2312
f 2279/2279/2279 2246/2246/2246 2356/2356/2356
f 2277/2277/2277 2350/2350/2350 2278/2278/2278
f 2353/2353/2353 2354/2354/2354 2355/2355/2355
f 2323/2323/2323 2348/2348/2348 2352/2352/2352
f 2271/2271/2271 2257/2257/2257 2308/2308/2308
f 2320/2320/2320 2337/2337/2337 2351/2351/2351
f 2310/2310/2310 2348/2348/2348 2314/2314/2314
f 2278/2278/2278 2350/2350/2350 2310/2310/2310
f 2316/2316/2316 2346/2346/2346 2336/2336/2336
f 2338/2338/2338 2349/2349/2349 2337/2337/2337
f 2348/2348/2348 2323/2323/2323 2314/2314/2314
f 2287/2287/2287 2347/2347/2347 2328/2328/2328
f 2257/2257/2257 2305/2305/2305 2308/2308/2308
f 2249/2249/2249 2286/2286/2286 2330/2330/2330
f 2280/2280/2280 2291/2291/2291 2244/2244/2244
f 2299/2299/2299 2251/2251/2251 2250/2250/2250
f 2265/2265/2265 2329/2329/2329 2266/2266/2266
f 2328/2328/2328 2339/2339/2339 2346/2346/2346
f 2343/2343/2343 2344/2344/2344 2345/2345/2345
f 2263/2263/2263 2299/2299/2299 2261/2261/2261
f 2292/2292/2292 2245/2245/2245 2244/2244/2244
f 2273/2273/2273 2244/2244/2244 2243/2243/2243
f 2262/2262/2262 2319/2319/2319 2263/2263/2263
f 2303/2303/2303 2240/2240/2240 2242/2242/2242
f 2303/2303/2303 2301/2301/2301 2240/2240/2240
f 2340/2340/2340 2341/2341/2341 2342/2342/2342
f 2302/2302/2302 2334/2334/2334 2327/2327/2327
f 2313/2313/2313 2336/2336/2336 2312/2312/2312
f 2336/2336/2336 2339/2339/2339 2312/2312/2312
f 2307/2307/2307 2297/2297/2297 2308/2308/2308
f 2331/2331/2331 2313/2313/2313 2315/2315/2315
f 2329/2329/2329 2268/2268/2268 2267/2267/2267
f 2339/2339/2339 2306/2306/2306 2312/2312/2312
f 2262/2262/2262 2321/2321/2321 2258/2258/2258
f 2331/2331/2331 2336/2336/2336 2313/2313/2313
f 2325/2325/2325 2267/2267/2267 2315/2315/2315
f 2272/2272/2272 2273/2273/2273 2285/2285/2285
f 2337/2337/2337 2316/2316/2316 2338/2338/2338
f 2261/2261/2261 2321/2321/2321 2262/2262/2262
f 2315/2315/2315 2317/2317/2317 2331/2331/2331
f 2316/2316/2316 2336/2336/2336 2331/2331/2331
f 2284/2284/2284 2305/2305/2305 2257/2257/2257
f 2299/2299/2299 2250/2250/2250 2321/2321/2321
f 2241/2241/2241 2268/2268/2268 2265/2265/2265
f 2288/2288/2288 2251/2251/2251 2281/2281/2281
f 2318/2318/2318 2269/2269/2269 2241/2241/2241
f 2329/2329/2329 2265/2265/2265 2268/2268/2268
f 2272/2272/2272 2276/2276/2276 2280/2280/2280
f 2292/2292/2292 2304/2304/2304 2270/2270/2270
f 2318/2318/2318 2326/2326/2326 2335/2335/2335
f 2250/2250/2250 2259/2259/2259 2321/2321/2321
f 2315/2315/2315 2267/2267/2267 2317/2317/2317
f 2275/2275/2275 2318/2318/2318 2241/2241/2241
f 2292/2292/2292 2291/2291/2291 2332/2332/2332
f 2296/2296/2296 2333/2333/2333 2334/2334/2334
f 2261/2261/2261 2299/2299/2299 2321/2321/2321
f 2275/2275/2275 2327/2327/2327 2326/2326/2326
f 2309/2309/2309 2308/2308/2308 2322/2322/2322
f 2332/2332/2332 2291/2291/2291 2324/2324/2324
f 2317/2317/2317 2316/2316/2316 2331/2331/2331
f 2314/2314/2314 2312/2312/2312 2311/2311/2311
f 2284/2284/2284 2270/2270/2270 2305/2305/2305
f 2286/2286/2286 2273/2273/2273 2330/2330/2330
f 2268/2268/2268 2241/2241/2241 2269/2269/2269
f 2245/2245/2245 2239/2239/2239 2249/2249/2249
f 2330/2330/2330 2243/2243/2243 2249/2249/2249
f 2307/2307/2307 2309/2309/2309 2297/2297/2297
f 2248/2248/2248 2256/2256/2256 2246/2246/2246
f 2329/2329/2329 2267/2267/2267 2325/2325/2325
f 2328/2328/2328 2262/2262/2262 2287/2287/2287
f 2302/2302/2302 2327/2327/2327 2275/2275/2275
f 2314/2314/2314 2311/2311/2311 2310/2310/2310
f 2318/2318/2318 2275/2275/2275 2326/2326/2326
f 2263/2263/2263 2282/2282/2282 2299/2299/2299
f 2317/2317/2317 2269/2269/2269 2318/2318/2318
f 2274/2274/2274 2285/2285/2285 2286/2286/2286
f 2315/2315/2315 2323/2323/2323 2325/2325/2325
f 2251/2251/2251 2288/2288/2288 2290/2290/2290
f 2298/2298/2298 2324/2324/2324 2291/2291/2291
f 2253/2253/2253 2245/2245/2245 2292/2292/2292
f 2292/2292/2292 2254/2254/2254 2253/2253/2253
f 2270/2270/2270 2254/2254/2254 2292/2292/2292
f 2303/2303/2303 2242/2242/2242 2271/2271/2271
f 2314/2314/2314 2323/2323/2323 2315/2315/2315
f 2281/2281/2281 2283/2283/2283 2288/2288/2288
f 2308/2308/2308 2305/2305/2305 2322/2322/2322
f 2254/2254/2254 2247/2247/2247 2279/2279/2279
f 2286/2286/2286 2300/2300/2300 2274/2274/2274
f 2269/2269/2269 2317/2317/2317 2267/2267/2267
f 2254/2254/2254 2279/2279/2279 2255/2255/2255
f 2258/2258/2258 2321/2321/2321 2259/2259/2259
f 2259/2259/2259 2250/2250/2250 2274/2274/2274
f 2262/2262/2262 2320/2320/2320 2319/2319/2319
f 2263/2263/2263 2319/2319/2319 2282/2282/2282
f 2316/2316/2316 2317/2317/2317 2318/2318/2318
f 2313/2313/2313 2314/2314/2314 2315/2315/2315
f 2306/2306/2306 2311/2311/2311 2312/2312/2312
f 2300/2300/2300 2310/2310/2310 2311/2311/2311
f 2307/2307/2307 2308/2308/2308 2309/2309/2309
f 2300/2300/2300 2260/2260/2260 2274/2274/2274
f 2306/2306/2306 2260/2260/2260 2300/2300/2300
f 2270/2270/2270 2304/2304/2304 2305/2305/2305
f 2286/2286/2286 2238/2238/2238 2300/2300/2300
f 2303/2303/2303 2271/2271/2271 2301/2301/2301
f 2301/2301/2301 2275/2275/2275 2240/2240/2240
f 2276/2276/2276 2251/2251/2251 2290/2290/2290
f 2275/2275/2275 2301/2301/2301 2302/2302/2302
f 2300/2300/2300 2238/2238/2238 2278/2278/2278
f 2281/2281/2281 2299/2299/2299 2282/2282/2282
f 2280/2280/2280 2298/2298/2298 2291/2291/2291
f 2293/2293/2293 2297/2297/2297 2294/2294/2294
f 2251/2251/2251 2276/2276/2276 2252/2252/2252
f 2294/2294/2294 2296/2296/2296 2295/2295/2295
f 2293/2293/2293 2294/2294/2294 2295/2295/2295
f 2244/2244/2244 2291/2291/2291 2292/2292/2292
f 2256/2256/2256 2270/2270/2270 2284/2284/2284
f 2245/2245/2245 2249/2249/2249 2243/2243/2243
f 2287/2287/2287 2258/2258/2258 2260/2260/2260
f 2246/2246/2246 2279/2279/2279 2247/2247/2247
f 2288/2288/2288 2289/2289/2289 2290/2290/2290
f 2253/2253/2253 2279/2279/2279 2277/2277/2277
f 2250/2250/2250 2252/2252/2252 2285/2285/2285
f 2245/2245/2245 2237/2237/2237 2239/2239/2239
f 2262/2262/2262 2258/2258/2258 2287/2287/2287
f 2285/2285/2285 2273/2273/2273 2286/2286/2286
f 2256/2256/2256 2284/2284/2284 2257/2257/2257
f 2254/2254/2254 2248/2248/2248 2247/2247/2247
f 2281/2281/2281 2282/2282/2282 2283/2283/2283
f 2244/2244/2244 2272/2272/2272 2280/2280/2280
f 2278/2278/2278 2238/2238/2238 2237/2237/2237
f 2279/2279/2279 2253/2253/2253 2255/2255/2255
f 2278/2278/2278 2237/2237/2237 2277/2277/2277
f 2237/2237/2237 2253/2253/2253 2277/2277/2277
f 2272/2272/2272 2252/2252/2252 2276/2276/2276
f 2240/2240/2240 2275/2275/2275 2241/2241/2241
f 2260/2260/2260 2259/2259/2259 2274/2274/2274
f 2272/2272/2272 2244/2244/2244 2273/2273/2273
f 2242/2242/2242 2264/2264/2264 2271/2271/2271
f 2256/2256/2256 2254/2254/2254 2270/2270/2270
f 2267/2267/2267 2268/2268/2268 2269/2269/2269
f 2242/2242/2242 2241/2241/2241 2265/2265/2265
f 2264/2264/2264 2265/2265/2265 2266/2266/2266
f 2261/2261/2261 2262/2262/2262 2263/2263/2263
f 2245/2245/2245 2253/2253/2253 2237/2237/2237
f 2258/2258/2258 2259/2259/2259 2260/2260/2260
f 2246/2246/2246 2256/2256/2256 2257/2257/2257
f 2256/2256/2256 2248/2248/2248 2254/2254/2254
f 2253/2253/2253 2254/2254/2254 2255/2255/2255
f 2250/2250/2250 2251/2251/2251 2252/2252/2252
f 2249/2249/2249 2239/2239/2239 2238/2238/2238
f 2246/2246/2246 2247/2247/2247 2248/2248/2248
f 2243/2243/2243 2244/2244/2244 2245/2245/2245
f 2240/2240/2240 2241/2241/2241 2242/2242/2242
f 2237/2237/2237 2238/2238/2238 2239/2239/2239
f 119/119/119 113/113/113 110/110/110
f 150/150/150 121/121/121 113/113/113
f 136/136/136 147/147/147 153/153/153
f 151/151/151 120/120/120 152/152/152
f 150/150/150 113/113/113 119/119/119
f 149/149/149 121/121/121 150/150/150
f 123/123/123 110/110/110 148/148/148
f 145/145/145 148/148/148 112/112/112
f 135/135/135 146/146/146 147/147/147
f 144/144/144 145/145/145 125/125/125
f 142/142/142 115/115/115 143/143/143
f 130/130/130 134/134/134 141/141/141
f 138/138/138 139/139/139 140/140/140
f 124/124/124 137/137/137 125/125/125
f 558/558/558 548/548/548 550/550/550
f 547/547/547 523/523/523 559/559/559
f 560/560/560 561/561/561 562/562/562
f 135/135/135 136/136/136 116/116/116
f 133/133/133 134/134/134 129/129/129
f 561/561/561 546/546/546 563/563/563
f 131/131/131 132/132/132 133/133/133
f 129/129/129 130/130/130 131/131/131
f 126/126/126 127/127/127 128/128/128
f 124/124/124 125/125/125 118/118/118
f 110/110/110 123/123/123 120/120/120
f 121/121/121 122/122/122 113/113/113
f 119/119/119 110/110/110 120/120/120
f 117/117/117 118/118/118 112/112/112
f 553/553/553 564/564/564 533/533/533
f 546/546/546 561/561/561 560/560/560
f 523/523/523 533/533/533 559/559/559
f 547/547/547 565/565/565 526/526/526
f 114/114/114 115/115/115 116/116/116
f 111/111/111 110/110/110 113/113/113
f 566/566/566 526/526/526 565/565/565
f 110/110/110 111/111/111 112/112/112
f 547/547/547 559/559/559 565/565/565
f 565/565/565 567/567/567 543/543/543
f 107/107/107 108/108/108 109/109/109
f 104/104/104 105/105/105 106/106/106
f 219/219/219 216/216/216 220/220/220
f 230/230/230 221/221/221 215/215/215
f 231/231/231 232/232/232 233/233/233
f 233/233/233 234/234/234 231/231/231
f 235/235/235 236/236/236 237/237/237
f 237/237/237 238/238/238 239/239/239
f 240/240/240 239/239/239 238/238/238
f 238/238/238 241/241/241 240/240/240
f 241/241/241 238/238/238 242/242/242
f 237/237/237 236/236/236 238/238/238
f 234/234/234 241/241/241 242/242/242
f 568/568/568 562/562/562 569/569/569
f 243/243/243 244/244/244 231/231/231
f 234/234/234 243/243/243 231/231/231
f 244/244/244 232/232/232 231/231/231
f 245/245/245 241/241/241 246/246/246
f 515/515/515 539/539/539 538/538/538
f 241/241/241 234/234/234 246/246/246
f 233/233/233 247/247/247 246/246/246
f 246/246/246 248/248/248 245/245/245
f 248/248/248 249/249/249 250/250/250
f 251/251/251 252/252/252 253/253/253
f 233/233/233 246/246/246 234/234/234
f 251/251/251 248/248/248 247/247/247
f 519/519/519 531/531/531 530/530/530
f 251/251/251 253/253/253 248/248/248
f 253/253/253 249/249/249 248/248/248
f 233/233/233 254/254/254 247/247/247
f 246/246/246 247/247/247 248/248/248
f 567/567/567 565/565/565 564/564/564
f 248/248/248 250/250/250 245/245/245
f 245/245/245 240/240/240 241/241/241
f 564/564/564 559/559/559 533/533/533
f 256/256/256 257/257/257 258/258/258
f 567/567/567 537/537/537 539/539/539
f 259/259/259 255/255/255 260/260/260
f 563/563/563 546/546/546 545/545/545
f 559/559/559 564/564/564 565/565/565
f 564/564/564 570/570/570 567/567/567
f 260/260/260 255/255/255 261/261/261
f 539/539/539 543/543/543 567/567/567
f 259/259/259 262/262/262 255/255/255
f 544/544/544 521/521/521 545/545/545
f 566/566/566 543/543/543 526/526/526
f 571/571/571 517/517/517 516/516/516
f 516/516/516 538/538/538 571/571/571
f 259/259/259 264/264/264 262/262/262
f 265/265/265 266/266/266 267/267/267
f 257/257/257 265/265/265 267/267/267
f 558/558/558 572/572/572 573/573/573
f 553/553/553 574/574/574 564/564/564
f 2227/2227/2227 2228/2228/2228 2226/2226/2226
f 573/573/573 575/575/575 558/558/558
f 576/576/576 555/555/555 577/577/577
f 2226/2226/2226 2222/2222/2222 2221/2221/2221
f 553/553/553 562/562/562 568/568/568
f 530/530/530 572/572/572 521/521/521
f 538/538/538 576/576/576 571/571/571
f 573/573/573 535/535/535 578/578/578
f 554/554/554 579/579/579 555/555/555
f 580/580/580 535/535/535 581/581/581
f 2234/2234/2234 2236/2236/2236 2235/2235/2235
f 579/579/579 554/554/554 582/582/582
f 2232/2232/2232 2234/2234/2234 2229/2229/2229
f 583/583/583 584/584/584 556/556/556
f 554/554/554 556/556/556 584/584/584
f 2232/2232/2232 2236/2236/2236 2234/2234/2234
f 569/569/569 562/562/562 561/561/561
f 538/538/538 537/537/537 585/585/585
f 566/566/566 565/565/565 543/543/543
f 2233/2233/2233 2232/2232/2232 2231/2231/2231
f 2232/2232/2232 2229/2229/2229 2231/2231/2231
f 585/585/585 537/537/537 567/567/567
f 2229/2229/2229 2230/2230/2230 2231/2231/2231
f 578/578/578 535/535/535 580/580/580
f 530/530/530 535/535/535 573/573/573
f 553/553/553 568/568/568 574/574/574
f 562/562/562 542/542/542 560/560/560
f 268/268/268 257/257/257 267/267/267
f 2226/2226/2226 2228/2228/2228 2222/2222/2222
f 581/581/581 535/535/535 534/534/534
f 2223/2223/2223 2222/2222/2222 2228/2228/2228
f 269/269/269 270/270/270 271/271/271
f 575/575/575 573/573/573 578/578/578
f 576/576/576 585/585/585 556/556/556
f 550/550/550 572/572/572 558/558/558
f 271/271/271 272/272/272 269/269/269
f 273/273/273 270/270/270 269/269/269
f 570/570/570 574/574/574 556/556/556
f 2223/2223/2223 2225/2225/2225 2224/2224/2224
f 572/572/572 530/530/530 573/573/573
f 2222/2222/2222 2223/2223/2223 2224/2224/2224
f 274/274/274 275/275/275 276/276/276
f 576/576/576 556/556/556 555/555/555
f 2220/2220/2220 2221/2221/2221 2222/2222/2222
f 277/277/277 278/278/278 279/279/279
f 574/574/574 568/568/568 583/583/583
f 2175/2175/2175 2151/2151/2151 2209/2209/2209
f 2219/2219/2219 2152/2152/2152 2215/2215/2215
f 2152/2152/2152 2219/2219/2219 2153/2153/2153
f 2151/2151/2151 2175/2175/2175 2156/2156/2156
f 2145/2145/2145 2155/2155/2155 2142/2142/2142
f 2203/2203/2203 2179/2179/2179 2205/2205/2205
f 2208/2208/2208 2218/2218/2218 2213/2213/2213
f 2145/2145/2145 2142/2142/2142 2146/2146/2146
f 2201/2201/2201 2153/2153/2153 2219/2219/2219
f 2203/2203/2203 2205/2205/2205 2214/2214/2214
f 2218/2218/2218 2211/2211/2211 2219/2219/2219
f 2207/2207/2207 2211/2211/2211 2218/2218/2218
f 2215/2215/2215 2213/2213/2213 2218/2218/2218
f 2148/2148/2148 2215/2215/2215 2152/2152/2152
f 2214/2214/2214 2206/2206/2206 2208/2208/2208
f 2150/2150/2150 2182/2182/2182 2212/2212/2212
f 2219/2219/2219 2211/2211/2211 2201/2201/2201
f 2215/2215/2215 2218/2218/2218 2219/2219/2219
f 2210/2210/2210 2207/2207/2207 2204/2204/2204
f 2214/2214/2214 2205/2205/2205 2206/2206/2206
f 2192/2192/2192 2159/2159/2159 2158/2158/2158
f 2213/2213/2213 2215/2215/2215 2209/2209/2209
f 2203/2203/2203 2212/2212/2212 2182/2182/2182
f 2184/2184/2184 2194/2194/2194 2191/2191/2191
f 2180/2180/2180 2183/2183/2183 2198/2198/2198
f 2179/2179/2179 2181/2181/2181 2205/2205/2205
f 2189/2189/2189 2184/2184/2184 2180/2180/2180
f 2175/2175/2175 2215/2215/2215 2148/2148/2148
f 2208/2208/2208 2207/2207/2207 2218/2218/2218
f 2206/2206/2206 2204/2204/2204 2207/2207/2207
f 2212/2212/2212 2203/2203/2203 2213/2213/2213
f 2204/2204/2204 2198/2198/2198 2217/2217/2217
f 2183/2183/2183 2217/2217/2217 2198/2198/2198
f 2188/2188/2188 2194/2194/2194 2189/2189/2189
f 2209/2209/2209 2150/2150/2150 2212/2212/2212
f 2208/2208/2208 2213/2213/2213 2203/2203/2203
f 2204/2204/2204 2217/2217/2217 2216/2216/2216
f 2204/2204/2204 2216/2216/2216 2210/2210/2210
f 2186/2186/2186 2188/2188/2188 2182/2182/2182
f 2215/2215/2215 2175/2175/2175 2209/2209/2209
f 2214/2214/2214 2208/2208/2208 2203/2203/2203
f 2179/2179/2179 2203/2203/2203 2190/2190/2190
f 2193/2193/2193 2118/2118/2118 2191/2191/2191
f 2206/2206/2206 2205/2205/2205 2204/2204/2204
f 2205/2205/2205 2181/2181/2181 2198/2198/2198
f 2191/2191/2191 2188/2188/2188 2193/2193/2193
f 2212/2212/2212 2213/2213/2213 2209/2209/2209
f 2186/2186/2186 2182/2182/2182 2163/2163/2163
f 2207/2207/2207 2210/2210/2210 2211/2211/2211
f 2159/2159/2159 2192/2192/2192 2122/2122/2122
f 2150/2150/2150 2209/2209/2209 2151/2151/2151
f 2206/2206/2206 2207/2207/2207 2208/2208/2208
f 2190/2190/2190 2188/2188/2188 2189/2189/2189
f 2200/2200/2200 2157/2157/2157 2197/2197/2197
f 2198/2198/2198 2204/2204/2204 2205/2205/2205
f 2203/2203/2203 2182/2182/2182 2190/2190/2190
f 2165/2165/2165 2168/2168/2168 2147/2147/2147
f 2145/2145/2145 2160/2160/2160 2155/2155/2155
f 2166/2166/2166 2168/2168/2168 2169/2169/2169
f 2170/2170/2170 2202/2202/2202 2169/2169/2169
f 2167/2167/2167 2147/2147/2147 2168/2168/2168
f 2168/2168/2168 2165/2165/2165 2169/2169/2169
f 2170/2170/2170 2165/2165/2165 2153/2153/2153
f 2154/2154/2154 2147/2147/2147 2167/2167/2167
f 2170/2170/2170 2201/2201/2201 2202/2202/2202
f 2157/2157/2157 2177/2177/2177 2158/2158/2158
f 2195/2195/2195 2159/2159/2159 2178/2178/2178
f 2121/2121/2121 2195/2195/2195 2178/2178/2178
f 2121/2121/2121 2138/2138/2138 2196/2196/2196
f 2162/2162/2162 2164/2164/2164 2171/2171/2171
f 2199/2199/2199 2149/2149/2149 2174/2174/2174
f 2147/2147/2147 2148/2148/2148 2165/2165/2165
f 2150/2150/2150 2199/2199/2199 2174/2174/2174
f 2153/2153/2153 2201/2201/2201 2170/2170/2170
f 2196/2196/2196 2195/2195/2195 2121/2121/2121
f 2197/2197/2197 2157/2157/2157 2195/2195/2195
f 2156/2156/2156 2175/2175/2175 2144/2144/2144
f 2195/2195/2195 2157/2157/2157 2159/2159/2159
f 2157/2157/2157 2200/2200/2200 2177/2177/2177
f 2180/2180/2180 2184/2184/2184 2176/2176/2176
f 2192/2192/2192 2158/2158/2158 2191/2191/2191
f 2175/2175/2175 2146/2146/2146 2144/2144/2144
f 2199/2199/2199 2150/2150/2150 2149/2149/2149
f 2188/2188/2188 2191/2191/2191 2194/2194/2194
f 2185/2185/2185 2158/2158/2158 2176/2176/2176
f 2189/2189/2189 2179/2179/2179 2190/2190/2190
f 2198/2198/2198 2181/2181/2181 2180/2180/2180
f 2149/2149/2149 2143/2143/2143 2139/2139/2139
f 2121/2121/2121 2178/2178/2178 2122/2122/2122
f 2163/2163/2163 2171/2171/2171 2186/2186/2186
f 2171/2171/2171 2163/2163/2163 2162/2162/2162
f 2186/2186/2186 2171/2171/2171 2187/2187/2187
f 2119/2119/2119 2187/2187/2187 2171/2171/2171
f 2195/2195/2195 2196/2196/2196 2197/2197/2197
f 2187/2187/2187 2119/2119/2119 2118/2118/2118
f 2184/2184/2184 2191/2191/2191 2185/2185/2185
f 2118/2118/2118 2193/2193/2193 2187/2187/2187
f 2189/2189/2189 2194/2194/2194 2184/2184/2184
f 2193/2193/2193 2188/2188/2188 2187/2187/2187
f 2118/2118/2118 2122/2122/2122 2192/2192/2192
f 2124/2124/2124 2164/2164/2164 2141/2141/2141
f 2164/2164/2164 2124/2124/2124 2126/2126/2126
f 2192/2192/2192 2191/2191/2191 2118/2118/2118
f 2185/2185/2185 2191/2191/2191 2158/2158/2158
f 2190/2190/2190 2182/2182/2182 2188/2188/2188
f 2179/2179/2179 2189/2189/2189 2180/2180/2180
f 2186/2186/2186 2187/2187/2187 2188/2188/2188
f 2174/2174/2174 2164/2164/2164 2163/2163/2163
f 2176/2176/2176 2184/2184/2184 2185/2185/2185
f 2176/2176/2176 2183/2183/2183 2180/2180/2180
f 2163/2163/2163 2182/2182/2182 2150/2150/2150
f 2171/2171/2171 2164/2164/2164 2133/2133/2133
f 2179/2179/2179 2180/2180/2180 2181/2181/2181
f 2164/2164/2164 2174/2174/2174 2141/2141/2141
f 2174/2174/2174 2163/2163/2163 2150/2150/2150
f 2122/2122/2122 2178/2178/2178 2159/2159/2159
f 2176/2176/2176 2158/2158/2158 2177/2177/2177
f 2146/2146/2146 2175/2175/2175 2148/2148/2148
f 2151/2151/2151 2143/2143/2143 2149/2149/2149
f 2164/2164/2164 2126/2126/2126 2133/2133/2133
f 2144/2144/2144 2143/2143/2143 2156/2156/2156
f 2141/2141/2141 2174/2174/2174 2149/2149/2149
f 2142/2142/2142 2144/2144/2144 2146/2146/2146
f 2124/2124/2124 2141/2141/2141 2125/2125/2125
f 2125/2125/2125 2155/2155/2155 2173/2173/2173
f 2173/2173/2173 2172/2172/2172 2125/2125/2125
f 2172/2172/2172 2134/2134/2134 2125/2125/2125
f 2137/2137/2137 2134/2134/2134 2172/2172/2172
f 2133/2133/2133 2119/2119/2119 2171/2171/2171
f 2129/2129/2129 2128/2128/2128 2131/2131/2131
f 2169/2169/2169 2165/2165/2165 2170/2170/2170
f 2166/2166/2166 2167/2167/2167 2168/2168/2168
f 2165/2165/2165 2148/2148/2148 2153/2153/2153
f 2162/2162/2162 2163/2163/2163 2164/2164/2164
f 2155/2155/2155 2160/2160/2160 2161/2161/2161
f 2157/2157/2157 2158/2158/2158 2159/2159/2159
f 2143/2143/2143 2151/2151/2151 2156/2156/2156
f 2125/2125/2125 2140/2140/2140 2155/2155/2155
f 2141/2141/2141 2149/2149/2149 2139/2139/2139
f 2125/2125/2125 2141/2141/2141 2140/2140/2140
f 2155/2155/2155 2140/2140/2140 2142/2142/2142
f 2154/2154/2154 2145/2145/2145 2147/2147/2147
f 2148/2148/2148 2152/2152/2152 2153/2153/2153
f 2149/2149/2149 2150/2150/2150 2151/2151/2151
f 2146/2146/2146 2148/2148/2148 2147/2147/2147
f 2142/2142/2142 2140/2140/2140 2139/2139/2139
f 2145/2145/2145 2146/2146/2146 2147/2147/2147
f 2143/2143/2143 2142/2142/2142 2139/2139/2139
f 2142/2142/2142 2143/2143/2143 2144/2144/2144
f 2139/2139/2139 2140/2140/2140 2141/2141/2141
f 2136/2136/2136 2132/2132/2132 2130/2130/2130
f 2131/2131/2131 2125/2125/2125 2135/2135/2135
f 2132/2132/2132 2138/2138/2138 2121/2121/2121
f 2130/2130/2130 2129/2129/2129 2131/2131/2131
f 2135/2135/2135 2130/2130/2130 2131/2131/2131
f 2137/2137/2137 2135/2135/2135 2134/2134/2134
f 2128/2128/2128 2119/2119/2119 2133/2133/2133
f 2128/2128/2128 2120/2120/2120 2119/2119/2119
f 2129/2129/2129 2122/2122/2122 2120/2120/2120
f 2122/2122/2122 2129/2129/2129 2123/2123/2123
f 2135/2135/2135 2136/2136/2136 2130/2130/2130
f 2121/2121/2121 2127/2127/2127 2132/2132/2132
f 2128/2128/2128 2129/2129/2129 2120/2120/2120
f 2125/2125/2125 2134/2134/2134 2135/2135/2135
f 2128/2128/2128 2133/2133/2133 2126/2126/2126
f 2130/2130/2130 2132/2132/2132 2127/2127/2127
f 2131/2131/2131 2128/2128/2128 2125/2125/2125
f 2120/2120/2120 2122/2122/2122 2118/2118/2118
f 2129/2129/2129 2130/2130/2130 2127/2127/2127
f 2129/2129/2129 2127/2127/2127 2123/2123/2123
f 2128/2128/2128 2126/2126/2126 2125/2125/2125
f 2121/2121/2121 2123/2123/2123 2127/2127/2127
f 2124/2124/2124 2125/2125/2125 2126/2126/2126
f 2121/2121/2121 2122/2122/2122 2123/2123/2123
f 2118/2118/2118 2119/2119/2119 2120/2120/2120
f 2105/2105/2105 2060/2060/2060 2098/2098/2098
f 2089/2089/2089 2075/2075/2075 2074/2074/2074
f 2090/2090/2090 2067/2067/2067 2038/2038/2038
f 2060/2060/2060 2100/2100/2100 2059/2059/2059
f 2033/2033/2033 2035/2035/2035 2109/2109/2109
f 2099/2099/2099 2108/2108/2108 2081/2081/2081
f 2100/2100/2100 2070/2070/2070 2101/2101/2101
f 2043/2043/2043 2045/2045/2045 2085/2085/2085
f 2039/2039/2039 2083/2083/2083 2102/2102/2102
f 2110/2110/2110 2084/2084/2084 2102/2102/2102
f 2082/2082/2082 2112/2112/2112 2111/2111/2111
f 2093/2093/2093 2112/2112/2112 2108/2108/2108
f 2055/2055/2055 2034/2034/2034 2046/2046/2046
f 2111/2111/2111 2110/2110/2110 2082/2082/2082
f 2084/2084/2084 2054/2054/2054 2043/2043/2043
f 2079/2079/2079 2090/2090/2090 2037/2037/2037
f 2061/2061/2061 2049/2049/2049 2062/2062/2062
f 2112/2112/2112 2062/2062/2062 2055/2055/2055
f 2061/2061/2061 2050/2050/2050 2049/2049/2049
f 2093/2093/2093 2062/2062/2062 2112/2112/2112
f 2103/2103/2103 2105/2105/2105 2064/2064/2064
f 2041/2041/2041 2030/2030/2030 2029/2029/2029
f 2051/2051/2051 2080/2080/2080 2052/2052/2052
f 2086/2086/2086 2074/2074/2074 2058/2058/2058
f 2076/2076/2076 2061/2061/2061 2103/2103/2103
f 2059/2059/2059 2088/2088/2088 2086/2086/2086
f 2106/2106/2106 2034/2034/2034 2033/2033/2033
f 2049/2049/2049 2087/2087/2087 2066/2066/2066
f 2082/2082/2082 2110/2110/2110 2083/2083/2083
f 2108/2108/2108 2112/2112/2112 2081/2081/2081
f 2085/2085/2085 2037/2037/2037 2084/2084/2084
f 2065/2065/2065 2115/2115/2115 2048/2048/2048
f 2077/2077/2077 2076/2076/2076 2064/2064/2064
f 2054/2054/2054 2084/2084/2084 2111/2111/2111
f 2074/2074/2074 2073/2073/2073 2058/2058/2058
f 2102/2102/2102 2084/2084/2084 2037/2037/2037
f 2115/2115/2115 2095/2095/2095 2048/2048/2048
f 2103/2103/2103 2061/2061/2061 2113/2113/2113
f 2055/2055/2055 2062/2062/2062 2049/2049/2049
f 2037/2037/2037 2045/2045/2045 2079/2079/2079
f 2048/2048/2048 2094/2094/2094 2047/2047/2047
f 2104/2104/2104 2063/2063/2063 2093/2093/2093
f 2114/2114/2114 2069/2069/2069 2029/2029/2029
f 2055/2055/2055 2049/2049/2049 2066/2066/2066
f 2081/2081/2081 2039/2039/2039 2099/2099/2099
f 2047/2047/2047 2029/2029/2029 2028/2028/2028
f 2087/2087/2087 2080/2080/2080 2053/2053/2053
f 2069/2069/2069 2091/2091/2091 2041/2041/2041
f 2033/2033/2033 2032/2032/2032 2107/2107/2107
f 2104/2104/2104 2103/2103/2103 2113/2113/2113
f 2060/2060/2060 2057/2057/2057 2098/2098/2098
f 2105/2105/2105 2099/2099/2099 2060/2060/2060
f 2097/2097/2097 2096/2096/2096 2057/2057/2057
f 2077/2077/2077 2064/2064/2064 2028/2028/2028
f 2104/2104/2104 2113/2113/2113 2063/2063/2063
f 2078/2078/2078 2068/2068/2068 2067/2067/2067
f 2105/2105/2105 2093/2093/2093 2108/2108/2108
f 2056/2056/2056 2097/2097/2097 2057/2057/2057
f 2065/2065/2065 2105/2105/2105 2098/2098/2098
f 2107/2107/2107 2044/2044/2044 2046/2046/2046
f 2100/2100/2100 2101/2101/2101 2088/2088/2088
f 2091/2091/2091 2069/2069/2069 2114/2114/2114
f 2086/2086/2086 2089/2089/2089 2074/2074/2074
f 2028/2028/2028 2030/2030/2030 2077/2077/2077
f 2070/2070/2070 2099/2099/2099 2039/2039/2039
f 2033/2033/2033 2034/2034/2034 2036/2036/2036
f 2047/2047/2047 2117/2117/2117 2114/2114/2114
f 2039/2039/2039 2081/2081/2081 2083/2083/2083
f 2036/2036/2036 2035/2035/2035 2033/2033/2033
f 2100/2100/2100 2099/2099/2099 2070/2070/2070
f 2106/2106/2106 2046/2046/2046 2034/2034/2034
f 2047/2047/2047 2094/2094/2094 2117/2117/2117
f 2114/2114/2114 2092/2092/2092 2091/2091/2091
f 2105/2105/2105 2104/2104/2104 2093/2093/2093
f 2037/2037/2037 2085/2085/2085 2045/2045/2045
f 2059/2059/2059 2086/2086/2086 2057/2057/2057
f 2033/2033/2033 2107/2107/2107 2106/2106/2106
f 2116/2116/2116 2031/2031/2031 2109/2109/2109
f 2090/2090/2090 2079/2079/2079 2067/2067/2067
f 2064/2064/2064 2076/2076/2076 2103/2103/2103
f 2068/2068/2068 2078/2078/2078 2045/2045/2045
f 2057/2057/2057 2096/2096/2096 2098/2098/2098
f 2071/2071/2071 2038/2038/2038 2068/2068/2068
f 2097/2097/2097 2115/2115/2115 2065/2065/2065
f 2055/2055/2055 2046/2046/2046 2043/2043/2043
f 2070/2070/2070 2038/2038/2038 2071/2071/2071
f 2054/2054/2054 2111/2111/2111 2112/2112/2112
f 2083/2083/2083 2110/2110/2110 2102/2102/2102
f 2050/2050/2050 2077/2077/2077 2030/2030/2030
f 2064/2064/2064 2048/2048/2048 2028/2028/2028
f 2088/2088/2088 2059/2059/2059 2100/2100/2100
f 2050/2050/2050 2041/2041/2041 2040/2040/2040
f 2041/2041/2041 2050/2050/2050 2030/2030/2030
f 2114/2114/2114 2029/2029/2029 2047/2047/2047
f 2112/2112/2112 2082/2082/2082 2081/2081/2081
f 2061/2061/2061 2063/2063/2063 2113/2113/2113
f 2109/2109/2109 2031/2031/2031 2033/2033/2033
f 2097/2097/2097 2065/2065/2065 2098/2098/2098
f 2039/2039/2039 2038/2038/2038 2070/2070/2070
f 2054/2054/2054 2112/2112/2112 2055/2055/2055
f 2042/2042/2042 2041/2041/2041 2091/2091/2091
f 2084/2084/2084 2110/2110/2110 2111/2111/2111
f 2049/2049/2049 2040/2040/2040 2087/2087/2087
f 2109/2109/2109 2035/2035/2035 2052/2052/2052
f 2108/2108/2108 2099/2099/2099 2105/2105/2105
f 2046/2046/2046 2106/2106/2106 2107/2107/2107
f 2064/2064/2064 2105/2105/2105 2065/2065/2065
f 2103/2103/2103 2104/2104/2104 2105/2105/2105
f 2039/2039/2039 2102/2102/2102 2037/2037/2037
f 2079/2079/2079 2078/2078/2078 2067/2067/2067
f 2055/2055/2055 2066/2066/2066 2034/2034/2034
f 2070/2070/2070 2072/2072/2072 2101/2101/2101
f 2060/2060/2060 2099/2099/2099 2100/2100/2100
f 2096/2096/2096 2097/2097/2097 2098/2098/2098
f 2050/2050/2050 2061/2061/2061 2076/2076/2076
f 2094/2094/2094 2048/2048/2048 2095/2095/2095
f 2093/2093/2093 2063/2063/2063 2062/2062/2062
f 2051/2051/2051 2035/2035/2035 2034/2034/2034
f 2042/2042/2042 2091/2091/2091 2092/2092/2092
f 2037/2037/2037 2090/2090/2090 2038/2038/2038
f 2086/2086/2086 2088/2088/2088 2089/2089/2089
f 2066/2066/2066 2087/2087/2087 2053/2053/2053
f 2086/2086/2086 2058/2058/2058 2057/2057/2057
f 2084/2084/2084 2043/2043/2043 2085/2085/2085
f 2081/2081/2081 2082/2082/2082 2083/2083/2083
f 2053/2053/2053 2080/2080/2080 2051/2051/2051
f 2045/2045/2045 2078/2078/2078 2079/2079/2079
f 2076/2076/2076 2077/2077/2077 2050/2050/2050
f 2073/2073/2073 2074/2074/2074 2075/2075/2075
f 2070/2070/2070 2071/2071/2071 2072/2072/2072
f 2041/2041/2041 2029/2029/2029 2069/2069/2069
f 2038/2038/2038 2067/2067/2067 2068/2068/2068
f 2053/2053/2053 2034/2034/2034 2066/2066/2066
f 2048/2048/2048 2064/2064/2064 2065/2065/2065
f 2061/2061/2061 2062/2062/2062 2063/2063/2063
f 2059/2059/2059 2057/2057/2057 2060/2060/2060
f 2056/2056/2056 2057/2057/2057 2058/2058/2058
f 2043/2043/2043 2054/2054/2054 2055/2055/2055
f 2051/2051/2051 2034/2034/2034 2053/2053/2053
f 2051/2051/2051 2052/2052/2052 2035/2035/2035
f 2040/2040/2040 2049/2049/2049 2050/2050/2050
f 2047/2047/2047 2028/2028/2028 2048/2048/2048
f 2046/2046/2046 2044/2044/2044 2043/2043/2043
f 2043/2043/2043 2044/2044/2044 2045/2045/2045
f 2040/2040/2040 2041/2041/2041 2042/2042/2042
f 2037/2037/2037 2038/2038/2038 2039/2039/2039
f 2034/2034/2034 2035/2035/2035 2036/2036/2036
f 2031/2031/2031 2032/2032/2032 2033/2033/2033
f 2028/2028/2028 2029/2029/2029 2030/2030/2030
f 574/574/574 583/583/583 556/556/556
f 567/567/567 570/570/570 585/585/585
f 574/574/574 570/570/570 564/564/564
f 545/545/545 521/521/521 572/572/572
f 543/543/543 529/529/529 526/526/526
f 522/522/522 560/560/560 542/542/542
f 544/544/544 546/546/546 560/560/560
f 549/549/549 552/552/552 586/586/586
f 539/539/539 515/515/515 540/540/540
f 538/538/538 585/585/585 576/576/576
f 543/543/543 540/540/540 529/529/529
f 579/579/579 577/577/577 555/555/555
f 585/585/585 570/570/570 556/556/556
f 280/280/280 278/278/278 277/277/277
f 520/520/520 560/560/560 522/522/522
f 276/276/276 281/281/281 282/282/282
f 517/517/517 557/557/557 540/540/540
f 547/547/547 526/526/526 525/525/525
f 560/560/560 520/520/520 544/544/544
f 542/542/542 562/562/562 553/553/553
f 538/538/538 516/516/516 515/515/515
f 587/587/587 588/588/588 589/589/589
f 590/590/590 591/591/591 592/592/592
f 593/593/593 594/594/594 595/595/595
f 596/596/596 597/597/597 598/598/598
f 280/280/280 274/274/274 278/278/278
f 593/593/593 595/595/595 590/590/590
f 596/596/596 599/599/599 597/597/597
f 281/281/281 276/276/276 283/283/283
f 594/594/594 596/596/596 600/600/600
f 593/593/593 596/596/596 594/594/594
f 598/598/598 600/600/600 596/596/596
f 601/601/601 590/590/590 588/588/588
f 592/592/592 602/602/602 603/603/603
f 604/604/604 597/597/597 599/599/599
f 592/592/592 591/591/591 602/602/602
f 596/596/596 605/605/605 599/599/599
f 1975/1975/1975 2003/2003/2003 1998/1998/1998
f 1955/1955/1955 2015/2015/2015 2011/2011/2011
f 1970/1970/1970 1953/1953/1953 2005/2005/2005
f 1956/1956/1956 1996/1996/1996 1961/1961/1961
f 2012/2012/2012 1960/1960/1960 2004/2004/2004
f 1951/1951/1951 1981/1981/1981 1977/1977/1977
f 2024/2024/2024 2020/2020/2020 2018/2018/2018
f 1984/1984/1984 2001/2001/2001 1982/1982/1982
f 2015/2015/2015 1955/1955/1955 1990/1990/1990
f 1984/1984/1984 1972/1972/1972 2013/2013/2013
f 1975/1975/1975 1990/1990/1990 1991/1991/1991
f 1962/1962/1962 1996/1996/1996 2020/2020/2020
f 2025/2025/2025 2014/2014/2014 1962/1962/1962
f 1985/1985/1985 1971/1971/1971 1963/1963/1963
f 1986/1986/1986 1966/1966/1966 2009/2009/2009
f 1955/1955/1955 2018/2018/2018 1996/1996/1996
f 2013/2013/2013 2001/2001/2001 1984/1984/1984
f 1972/1972/1972 1994/1994/1994 2002/2002/2002
f 1958/1958/1958 1953/1953/1953 1970/1970/1970
f 1975/1975/1975 2006/2006/2006 1976/1976/1976
f 2018/2018/2018 2019/2019/2019 2024/2024/2024
f 1962/1962/1962 1961/1961/1961 1996/1996/1996
f 2011/2011/2011 2019/2019/2019 1955/1955/1955
f 2019/2019/2019 2011/2011/2011 2010/2010/2010
f 2019/2019/2019 2022/2022/2022 2024/2024/2024
f 1993/1993/1993 2023/2023/2023 1973/1973/1973
f 1995/1995/1995 1976/1976/1976 1974/1974/1974
f 2022/2022/2022 2019/2019/2019 2010/2010/2010
f 2000/2000/2000 2022/2022/2022 2010/2010/2010
f 2001/2001/2001 2000/2000/2000 2010/2010/2010
f 1991/1991/1991 2003/2003/2003 1975/1975/1975
f 2017/2017/2017 2021/2021/2021 1997/1997/1997
f 1996/1996/1996 2018/2018/2018 2020/2020/2020
f 2002/2002/2002 1994/1994/1994 2000/2000/2000
f 1975/1975/1975 1998/1998/1998 1997/1997/1997
f 2012/2012/2012 1956/1956/1956 1961/1961/1961
f 1984/1984/1984 1983/1983/1983 1953/1953/1953
f 1982/1982/1982 1990/1990/1990 1983/1983/1983
f 2018/2018/2018 1955/1955/1955 2019/2019/2019
f 1954/1954/1954 1956/1956/1956 2012/2012/2012
f 1965/1965/1965 1977/1977/1977 1985/1985/1985
f 1997/1997/1997 2016/2016/2016 1975/1975/1975
f 2012/2012/2012 2004/2004/2004 2003/2003/2003
f 1969/1969/1969 1988/1988/1988 1970/1970/1970
f 1984/1984/1984 1953/1953/1953 1958/1958/1958
f 1997/1997/1997 1999/1999/1999 2017/2017/2017
f 1995/1995/1995 1951/1951/1951 1953/1953/1953
f 1990/1990/1990 1982/1982/1982 2015/2015/2015
f 1977/1977/1977 1965/1965/1965 1951/1951/1951
f 1971/1971/1971 1985/1985/1985 1986/1986/1986
f 1975/1975/1975 2016/2016/2016 1968/1968/1968
f 2008/2008/2008 2004/2004/2004 2007/2007/2007
f 1995/1995/1995 1974/1974/1974 1967/1967/1967
f 1975/1975/1975 1953/1953/1953 1983/1983/1983
f 2001/2001/2001 2011/2011/2011 1982/1982/1982
f 1993/1993/1993 1973/1973/1973 1957/1957/1957
f 1978/1978/1978 1967/1967/1967 1966/1966/1966
f 1958/1958/1958 1957/1957/1957 1984/1984/1984
f 2013/2013/2013 1972/1972/1972 2002/2002/2002
f 1957/1957/1957 1972/1972/1972 1984/1984/1984
f 1974/1974/1974 1976/1976/1976 2006/2006/2006
f 1953/1953/1953 1976/1976/1976 1995/1995/1995
f 1985/1985/1985 1966/1966/1966 1986/1986/1986
f 1974/1974/1974 2006/2006/2006 1968/1968/1968
f 1986/1986/1986 1979/1979/1979 1971/1971/1971
f 1961/1961/1961 1960/1960/1960 2012/2012/2012
f 1995/1995/1995 1967/1967/1967 1981/1981/1981
f 2015/2015/2015 1982/1982/1982 2011/2011/2011
f 1981/1981/1981 1978/1978/1978 1977/1977/1977
f 1962/1962/1962 2014/2014/2014 1960/1960/1960
f 2005/2005/2005 1971/1971/1971 1970/1970/1970
f 2001/2001/2001 2013/2013/2013 2002/2002/2002
f 1977/1977/1977 1966/1966/1966 1985/1985/1985
f 2003/2003/2003 1999/1999/1999 1998/1998/1998
f 1989/1989/1989 1959/1959/1959 1958/1958/1958
f 1952/1952/1952 1965/1965/1965 1964/1964/1964
f 1987/1987/1987 1980/1980/1980 1979/1979/1979
f 1964/1964/1964 2005/2005/2005 1952/1952/1952
f 1965/1965/1965 1952/1952/1952 1951/1951/1951
f 2005/2005/2005 1953/1953/1953 1952/1952/1952
f 2012/2012/2012 2003/2003/2003 1954/1954/1954
f 1964/1964/1964 1963/1963/1963 2005/2005/2005
f 2010/2010/2010 2011/2011/2011 2001/2001/2001
f 1992/1992/1992 2009/2009/2009 1966/1966/1966
f 1989/1989/1989 1958/1958/1958 1970/1970/1970
f 2004/2004/2004 2008/2008/2008 1999/1999/1999
f 2004/2004/2004 1960/1960/1960 2007/2007/2007
f 1975/1975/1975 1968/1968/1968 2006/2006/2006
f 1955/1955/1955 1954/1954/1954 1991/1991/1991
f 1983/1983/1983 1990/1990/1990 1975/1975/1975
f 1971/1971/1971 2005/2005/2005 1963/1963/1963
f 2003/2003/2003 2004/2004/2004 1999/1999/1999
f 1991/1991/1991 1954/1954/1954 2003/2003/2003
f 2000/2000/2000 2001/2001/2001 2002/2002/2002
f 1997/1997/1997 1998/1998/1998 1999/1999/1999
f 1955/1955/1955 1996/1996/1996 1956/1956/1956
f 1981/1981/1981 1951/1951/1951 1995/1995/1995
f 1972/1972/1972 1973/1973/1973 1994/1994/1994
f 1959/1959/1959 1993/1993/1993 1957/1957/1957
f 1992/1992/1992 1966/1966/1966 1968/1968/1968
f 1990/1990/1990 1955/1955/1955 1991/1991/1991
f 1970/1970/1970 1988/1988/1988 1989/1989/1989
f 1979/1979/1979 1986/1986/1986 1987/1987/1987
f 1965/1965/1965 1985/1985/1985 1963/1963/1963
f 1982/1982/1982 1983/1983/1983 1984/1984/1984
f 1978/1978/1978 1981/1981/1981 1967/1967/1967
f 1979/1979/1979 1969/1969/1969 1971/1971/1971
f 1969/1969/1969 1979/1979/1979 1980/1980/1980
f 1977/1977/1977 1978/1978/1978 1966/1966/1966
f 1953/1953/1953 1975/1975/1975 1976/1976/1976
f 1967/1967/1967 1974/1974/1974 1968/1968/1968
f 1972/1972/1972 1957/1957/1957 1973/1973/1973
f 1969/1969/1969 1970/1970/1970 1971/1971/1971
f 1966/1966/1966 1967/1967/1967 1968/1968/1968
f 1963/1963/1963 1964/1964/1964 1965/1965/1965
f 1960/1960/1960 1961/1961/1961 1962/1962/1962
f 1957/1957/1957 1958/1958/1958 1959/1959/1959
f 1954/1954/1954 1955/1955/1955 1956/1956/1956
f 1951/1951/1951 1952/1952/1952 1953/1953/1953
f 1925/1925/1925 1898/1898/1898 1926/1926/1926
f 1899/1899/1899 1879/1879/1879 1885/1885/1885
f 1879/1879/1879 1899/1899/1899 1901/1901/1901
f 1884/1884/1884 1880/1880/1880 1901/1901/1901
f 1884/1884/1884 1905/1905/1905 1944/1944/1944
f 1898/1898/1898 1925/1925/1925 1899/1899/1899
f 1941/1941/1941 1936/1936/1936 1925/1925/1925
f 1941/1941/1941 1925/1925/1925 1924/1924/1924
f 1882/1882/1882 1884/1884/1884 1944/1944/1944
f 1941/1941/1941 1907/1907/1907 1906/1906/1906
f 1923/1923/1923 1890/1890/1890 1886/1886/1886
f 1881/1881/1881 1897/1897/1897 1885/1885/1885
f 1941/1941/1941 1906/1906/1906 1910/1910/1910
f 1899/1899/1899 1905/1905/1905 1901/1901/1901
f 1919/1919/1919 1917/1917/1917 1950/1950/1950
f 1903/1903/1903 1921/1921/1921 1949/1949/1949
f 1883/1883/1883 1890/1890/1890 1892/1892/1892
f 1916/1916/1916 1885/1885/1885 1897/1897/1897
f 1941/1941/1941 1924/1924/1924 1907/1907/1907
f 1918/1918/1918 1926/1926/1926 1919/1919/1919
f 1889/1889/1889 1886/1886/1886 1882/1882/1882
f 1932/1932/1932 1937/1937/1937 1920/1920/1920
f 1884/1884/1884 1883/1883/1883 1880/1880/1880
f 1881/1881/1881 1894/1894/1894 1896/1896/1896
f 1912/1912/1912 1931/1931/1931 1920/1920/1920
f 1924/1924/1924 1918/1918/1918 1907/1907/1907
f 1898/1898/1898 1885/1885/1885 1916/1916/1916
f 1886/1886/1886 1889/1889/1889 1915/1915/1915
f 1914/1914/1914 1948/1948/1948 1947/1947/1947
f 1940/1940/1940 1948/1948/1948 1904/1904/1904
f 1909/1909/1909 1941/1941/1941 1910/1910/1910
f 1898/1898/1898 1916/1916/1916 1926/1926/1926
f 1888/1888/1888 1904/1904/1904 1948/1948/1948
f 1940/1940/1940 1903/1903/1903 1949/1949/1949
f 1940/1940/1940 1946/1946/1946 1948/1948/1948
f 1888/1888/1888 1948/1948/1948 1914/1914/1914
f 1944/1944/1944 1902/1902/1902 1882/1882/1882
f 1902/1902/1902 1944/1944/1944 1939/1939/1939
f 1903/1903/1903 1912/1912/1912 1920/1920/1920
f 1946/1946/1946 1947/1947/1947 1948/1948/1948
f 1945/1945/1945 1933/1933/1933 1931/1931/1931
f 1912/1912/1912 1943/1943/1943 1931/1931/1931
f 1943/1943/1943 1939/1939/1939 1944/1944/1944
f 1899/1899/1899 1925/1925/1925 1936/1936/1936
f 1933/1933/1933 1945/1945/1945 1905/1905/1905
f 1945/1945/1945 1931/1931/1931 1943/1943/1943
f 1880/1880/1880 1883/1883/1883 1894/1894/1894
f 1905/1905/1905 1945/1945/1945 1943/1943/1943
f 1943/1943/1943 1912/1912/1912 1939/1939/1939
f 1905/1905/1905 1935/1935/1935 1933/1933/1933
f 1935/1935/1935 1934/1934/1934 1933/1933/1933
f 1893/1893/1893 1928/1928/1928 1895/1895/1895
f 1943/1943/1943 1944/1944/1944 1905/1905/1905
f 1894/1894/1894 1892/1892/1892 1895/1895/1895
f 1895/1895/1895 1892/1892/1892 1893/1893/1893
f 1899/1899/1899 1936/1936/1936 1905/1905/1905
f 1890/1890/1890 1923/1923/1923 1891/1891/1891
f 1885/1885/1885 1898/1898/1898 1900/1900/1900
f 1885/1885/1885 1900/1900/1900 1899/1899/1899
f 1918/1918/1918 1924/1924/1924 1926/1926/1926
f 1896/1896/1896 1895/1895/1895 1897/1897/1897
f 1917/1917/1917 1919/1919/1919 1916/1916/1916
f 1880/1880/1880 1894/1894/1894 1881/1881/1881
f 1927/1927/1927 1942/1942/1942 1928/1928/1928
f 1897/1897/1897 1928/1928/1928 1942/1942/1942
f 1936/1936/1936 1941/1941/1941 1909/1909/1909
f 1892/1892/1892 1894/1894/1894 1883/1883/1883
f 1887/1887/1887 1889/1889/1889 1882/1882/1882
f 1926/1926/1926 1916/1916/1916 1919/1919/1919
f 1904/1904/1904 1903/1903/1903 1940/1940/1940
f 1889/1889/1889 1888/1888/1888 1914/1914/1914
f 1935/1935/1935 1936/1936/1936 1934/1934/1934
f 1909/1909/1909 1938/1938/1938 1934/1934/1934
f 1912/1912/1912 1902/1902/1902 1939/1939/1939
f 1937/1937/1937 1934/1934/1934 1938/1938/1938
f 1911/1911/1911 1938/1938/1938 1909/1909/1909
f 1934/1934/1934 1936/1936/1936 1909/1909/1909
f 1934/1934/1934 1937/1937/1937 1932/1932/1932
f 1935/1935/1935 1905/1905/1905 1936/1936/1936
f 1931/1931/1931 1933/1933/1933 1932/1932/1932
f 1932/1932/1932 1933/1933/1933 1934/1934/1934
f 1897/1897/1897 1895/1895/1895 1928/1928/1928
f 1920/1920/1920 1931/1931/1931 1932/1932/1932
f 1923/1923/1923 1886/1886/1886 1915/1915/1915
f 1888/1888/1888 1887/1887/1887 1904/1904/1904
f 1922/1922/1922 1929/1929/1929 1930/1930/1930
f 1929/1929/1929 1922/1922/1922 1920/1920/1920
f 1927/1927/1927 1928/1928/1928 1893/1893/1893
f 1924/1924/1924 1925/1925/1925 1926/1926/1926
f 1891/1891/1891 1923/1923/1923 1893/1893/1893
f 1922/1922/1922 1921/1921/1921 1920/1920/1920
f 1907/1907/1907 1919/1919/1919 1913/1913/1913
f 1903/1903/1903 1920/1920/1920 1921/1921/1921
f 1890/1890/1890 1883/1883/1883 1886/1886/1886
f 1887/1887/1887 1882/1882/1882 1902/1902/1902
f 1907/1907/1907 1918/1918/1918 1919/1919/1919
f 1916/1916/1916 1897/1897/1897 1917/1917/1917
f 1914/1914/1914 1915/1915/1915 1889/1889/1889
f 1908/1908/1908 1907/1907/1907 1913/1913/1913
f 1887/1887/1887 1902/1902/1902 1904/1904/1904
f 1912/1912/1912 1903/1903/1903 1902/1902/1902
f 1909/1909/1909 1910/1910/1910 1911/1911/1911
f 1906/1906/1906 1907/1907/1907 1908/1908/1908
f 1884/1884/1884 1901/1901/1901 1905/1905/1905
f 1902/1902/1902 1903/1903/1903 1904/1904/1904
f 1901/1901/1901 1880/1880/1880 1879/1879/1879
f 1898/1898/1898 1899/1899/1899 1900/1900/1900
f 1896/1896/1896 1897/1897/1897 1881/1881/1881
f 1894/1894/1894 1895/1895/1895 1896/1896/1896
f 1892/1892/1892 1891/1891/1891 1893/1893/1893
f 1890/1890/1890 1891/1891/1891 1892/1892/1892
f 1887/1887/1887 1888/1888/1888 1889/1889/1889
f 1883/1883/1883 1882/1882/1882 1886/1886/1886
f 1879/1879/1879 1881/1881/1881 1885/1885/1885
f 1882/1882/1882 1883/1883/1883 1884/1884/1884
f 1879/1879/1879 1880/1880/1880 1881/1881/1881
f 1864/1864/1864 1861/1861/1861 1854/1854/1854
f 1874/1874/1874 1860/1860/1860 1866/1866/1866
f 1844/1844/1844 1868/1868/1868 1849/1849/1849
f 1876/1876/1876 1823/1823/1823 1825/1825/1825
f 1829/1829/1829 1876/1876/1876 1839/1839/1839
f 1874/1874/1874 1866/1866/1866 1862/1862/1862
f 1874/1874/1874 1826/1826/1826 1854/1854/1854
f 1823/1823/1823 1876/1876/1876 1829/1829/1829
f 1871/1871/1871 1829/1829/1829 1839/1839/1839
f 1845/1845/1845 1840/1840/1840 1836/1836/1836
f 1863/1863/1863 1858/1858/1858 1859/1859/1859
f 1831/1831/1831 1823/1823/1823 1829/1829/1829
f 1826/1826/1826 1862/1862/1862 1873/1873/1873
f 1845/1845/1845 1836/1836/1836 1867/1867/1867
f 597/597/597 606/606/606 598/598/598
f 1863/1863/1863 1859/1859/1859 1826/1826/1826
f 1863/1863/1863 1826/1826/1826 1873/1873/1873
f 1870/1870/1870 1867/1867/1867 1859/1859/1859
f 1878/1878/1878 1871/1871/1871 1839/1839/1839
f 1839/1839/1839 1819/1819/1819 1878/1878/1878
f 1818/1818/1818 1877/1877/1877 1819/1819/1819
f 1846/1846/1846 1850/1850/1850 1852/1852/1852
f 1819/1819/1819 1877/1877/1877 1878/1878/1878
f 1854/1854/1854 1853/1853/1853 1864/1864/1864
f 1876/1876/1876 1825/1825/1825 1839/1839/1839
f 1867/1867/1867 1836/1836/1836 1848/1848/1848
f 1854/1854/1854 1860/1860/1860 1874/1874/1874
f 1872/1872/1872 1875/1875/1875 1816/1816/1816
f 1857/1857/1857 1870/1870/1870 1859/1859/1859
f 1826/1826/1826 1833/1833/1833 1854/1854/1854
f 1874/1874/1874 1862/1862/1862 1826/1826/1826
f 1825/1825/1825 1817/1817/1817 1816/1816/1816
f 1865/1865/1865 1864/1864/1864 1853/1853/1853
f 1852/1852/1852 1865/1865/1865 1853/1853/1853
f 1823/1823/1823 1847/1847/1847 1835/1835/1835
f 1844/1844/1844 1849/1849/1849 1840/1840/1840
f 1858/1858/1858 1857/1857/1857 1859/1859/1859
f 1862/1862/1862 1863/1863/1863 1873/1873/1873
f 1816/1816/1816 1815/1815/1815 1872/1872/1872
f 1871/1871/1871 1869/1869/1869 1829/1829/1829
f 1845/1845/1845 1867/1867/1867 1870/1870/1870
f 1830/1830/1830 1829/1829/1829 1869/1869/1869
f 1851/1851/1851 1849/1849/1849 1868/1868/1868
f 1838/1838/1838 1843/1843/1843 1836/1836/1836
f 1827/1827/1827 1847/1847/1847 1831/1831/1831
f 1855/1855/1855 1865/1865/1865 1852/1852/1852
f 1825/1825/1825 1824/1824/1824 1817/1817/1817
f 1836/1836/1836 1835/1835/1835 1847/1847/1847
f 1850/1850/1850 1842/1842/1842 1855/1855/1855
f 1867/1867/1867 1848/1848/1848 1859/1859/1859
f 1862/1862/1862 1866/1866/1866 1858/1858/1858
f 1827/1827/1827 1826/1826/1826 1848/1848/1848
f 1861/1861/1861 1864/1864/1864 1865/1865/1865
f 1862/1862/1862 1858/1858/1858 1863/1863/1863
f 1860/1860/1860 1854/1854/1854 1861/1861/1861
f 1848/1848/1848 1826/1826/1826 1859/1859/1859
f 1856/1856/1856 1857/1857/1857 1858/1858/1858
f 1850/1850/1850 1832/1832/1832 1834/1834/1834
f 1822/1822/1822 1840/1840/1840 1849/1849/1849
f 1850/1850/1850 1855/1855/1855 1852/1852/1852
f 1853/1853/1853 1854/1854/1854 1833/1833/1833
f 1853/1853/1853 1833/1833/1833 1846/1846/1846
f 1852/1852/1852 1853/1853/1853 1846/1846/1846
f 1846/1846/1846 1832/1832/1832 1850/1850/1850
f 1849/1849/1849 1820/1820/1820 1822/1822/1822
f 1835/1835/1835 1824/1824/1824 1823/1823/1823
f 1851/1851/1851 1821/1821/1821 1849/1849/1849
f 1841/1841/1841 1831/1831/1831 1830/1830/1830
f 601/601/601 588/588/588 587/587/587
f 1842/1842/1842 1850/1850/1850 1834/1834/1834
f 1822/1822/1822 1837/1837/1837 1840/1840/1840
f 598/598/598 607/607/607 608/608/608
f 1827/1827/1827 1831/1831/1831 1841/1841/1841
f 1821/1821/1821 1820/1820/1820 1849/1849/1849
f 1836/1836/1836 1847/1847/1847 1827/1827/1827
f 1836/1836/1836 1827/1827/1827 1848/1848/1848
f 1838/1838/1838 1837/1837/1837 1822/1822/1822
f 1828/1828/1828 1827/1827/1827 1841/1841/1841
f 1847/1847/1847 1823/1823/1823 1831/1831/1831
f 1826/1826/1826 1828/1828/1828 1833/1833/1833
f 1834/1834/1834 1841/1841/1841 1830/1830/1830
f 1833/1833/1833 1832/1832/1832 1846/1846/1846
f 1844/1844/1844 1840/1840/1840 1845/1845/1845
f 1821/1821/1821 1843/1843/1843 1838/1838/1838
f 1830/1830/1830 1842/1842/1842 1834/1834/1834
f 1841/1841/1841 1834/1834/1834 1828/1828/1828
f 1836/1836/1836 1840/1840/1840 1837/1837/1837
f 1819/1819/1819 1839/1839/1839 1825/1825/1825
f 1815/1815/1815 1817/1817/1817 1824/1824/1824
f 1838/1838/1838 1822/1822/1822 1821/1821/1821
f 1836/1836/1836 1837/1837/1837 1838/1838/1838
f 590/590/590 601/601/601 591/591/591
f 1832/1832/1832 1828/1828/1828 1834/1834/1834
f 1816/1816/1816 1819/1819/1819 1825/1825/1825
f 1832/1832/1832 1833/1833/1833 1828/1828/1828
f 1829/1829/1829 1830/1830/1830 1831/1831/1831
f 1826/1826/1826 1827/1827/1827 1828/1828/1828
f 1823/1823/1823 1824/1824/1824 1825/1825/1825
f 1820/1820/1820 1821/1821/1821 1822/1822/1822
f 1818/1818/1818 1819/1819/1819 1816/1816/1816
f 1815/1815/1815 1816/1816/1816 1817/1817/1817
f 1769/1769/1769 1797/1797/1797 1763/1763/1763
f 1780/1780/1780 1798/1798/1798 1779/1779/1779
f 1786/1786/1786 1765/1765/1765 1802/1802/1802
f 1776/1776/1776 1785/1785/1785 1777/1777/1777
f 1770/1770/1770 1811/1811/1811 1775/1775/1775
f 1775/1775/1775 1776/1776/1776 1808/1808/1808
f 1768/1768/1768 1803/1803/1803 1784/1784/1784
f 1797/1797/1797 1769/1769/1769 1808/1808/1808
f 1779/1779/1779 1786/1786/1786 1802/1802/1802
f 1757/1757/1757 1785/1785/1785 1771/1771/1771
f 1807/1807/1807 1792/1792/1792 1794/1794/1794
f 1788/1788/1788 1812/1812/1812 1754/1754/1754
f 1769/1769/1769 1758/1758/1758 1770/1770/1770
f 1776/1776/1776 1811/1811/1811 1770/1770/1770
f 1774/1774/1774 1798/1798/1798 1772/1772/1772
f 1810/1810/1810 1799/1799/1799 1774/1774/1774
f 1772/1772/1772 1813/1813/1813 1773/1773/1773
f 1808/1808/1808 1776/1776/1776 1807/1807/1807
f 1787/1787/1787 1800/1800/1800 1804/1804/1804
f 1806/1806/1806 1756/1756/1756 1755/1755/1755
f 1799/1799/1799 1814/1814/1814 1766/1766/1766
f 1754/1754/1754 1789/1789/1789 1788/1788/1788
f 1761/1761/1761 1760/1760/1760 1768/1768/1768
f 1784/1784/1784 1759/1759/1759 1758/1758/1758
f 1784/1784/1784 1803/1803/1803 1759/1759/1759
f 1802/1802/1802 1762/1762/1762 1761/1761/1761
f 1760/1760/1760 1809/1809/1809 1803/1803/1803
f 1781/1781/1781 1783/1783/1783 1795/1795/1795
f 1792/1792/1792 1807/1807/1807 1776/1776/1776
f 1794/1794/1794 1792/1792/1792 1795/1795/1795
f 1767/1767/1767 1766/1766/1766 1814/1814/1814
f 1772/1772/1772 1812/1812/1812 1813/1813/1813
f 1763/1763/1763 1761/1761/1761 1769/1769/1769
f 1812/1812/1812 1772/1772/1772 1754/1754/1754
f 1779/1779/1779 1761/1761/1761 1764/1764/1764
f 1786/1786/1786 1779/1779/1779 1798/1798/1798
f 1804/1804/1804 1789/1789/1789 1754/1754/1754
f 1784/1784/1784 1758/1758/1758 1769/1769/1769
f 1776/1776/1776 1775/1775/1775 1811/1811/1811
f 1797/1797/1797 1805/1805/1805 1764/1764/1764
f 1780/1780/1780 1806/1806/1806 1755/1755/1755
f 1766/1766/1766 1765/1765/1765 1774/1774/1774
f 1801/1801/1801 1790/1790/1790 1789/1789/1789
f 1756/1756/1756 1794/1794/1794 1800/1800/1800
f 1762/1762/1762 1809/1809/1809 1760/1760/1760
f 1807/1807/1807 1806/1806/1806 1805/1805/1805
f 1764/1764/1764 1806/1806/1806 1780/1780/1780
f 1808/1808/1808 1769/1769/1769 1775/1775/1775
f 1801/1801/1801 1794/1794/1794 1793/1793/1793
f 1795/1795/1795 1792/1792/1792 1796/1796/1796
f 1810/1810/1810 1774/1774/1774 1773/1773/1773
f 1762/1762/1762 1765/1765/1765 1809/1809/1809
f 1794/1794/1794 1806/1806/1806 1807/1807/1807
f 1800/1800/1800 1787/1787/1787 1756/1756/1756
f 1807/1807/1807 1797/1797/1797 1808/1808/1808
f 1797/1797/1797 1807/1807/1807 1805/1805/1805
f 1756/1756/1756 1806/1806/1806 1794/1794/1794
f 1764/1764/1764 1805/1805/1805 1806/1806/1806
f 1801/1801/1801 1789/1789/1789 1800/1800/1800
f 1800/1800/1800 1789/1789/1789 1804/1804/1804
f 1785/1785/1785 1757/1757/1757 1777/1777/1777
f 1758/1758/1758 1757/1757/1757 1771/1771/1771
f 1755/1755/1755 1754/1754/1754 1772/1772/1772
f 1787/1787/1787 1804/1804/1804 1754/1754/1754
f 1779/1779/1779 1802/1802/1802 1761/1761/1761
f 1778/1778/1778 1792/1792/1792 1776/1776/1776
f 1803/1803/1803 1768/1768/1768 1760/1760/1760
f 1802/1802/1802 1765/1765/1765 1762/1762/1762
f 1755/1755/1755 1772/1772/1772 1780/1780/1780
f 1800/1800/1800 1794/1794/1794 1801/1801/1801
f 1766/1766/1766 1774/1774/1774 1799/1799/1799
f 1780/1780/1780 1772/1772/1772 1798/1798/1798
f 1798/1798/1798 1774/1774/1774 1786/1786/1786
f 1797/1797/1797 1764/1764/1764 1763/1763/1763
f 1776/1776/1776 1770/1770/1770 1785/1785/1785
f 1782/1782/1782 1781/1781/1781 1796/1796/1796
f 1781/1781/1781 1795/1795/1795 1796/1796/1796
f 1796/1796/1796 1792/1792/1792 1791/1791/1791
f 1793/1793/1793 1794/1794/1794 1795/1795/1795
f 1791/1791/1791 1792/1792/1792 1778/1778/1778
f 1788/1788/1788 1789/1789/1789 1790/1790/1790
f 1756/1756/1756 1787/1787/1787 1754/1754/1754
f 1765/1765/1765 1786/1786/1786 1774/1774/1774
f 1771/1771/1771 1785/1785/1785 1770/1770/1770
f 1784/1784/1784 1769/1769/1769 1768/1768/1768
f 1781/1781/1781 1782/1782/1782 1783/1783/1783
f 1779/1779/1779 1764/1764/1764 1780/1780/1780
f 1776/1776/1776 1777/1777/1777 1778/1778/1778
f 1769/1769/1769 1770/1770/1770 1775/1775/1775
f 1772/1772/1772 1773/1773/1773 1774/1774/1774
f 1770/1770/1770 1758/1758/1758 1771/1771/1771
f 1768/1768/1768 1769/1769/1769 1761/1761/1761
f 1765/1765/1765 1766/1766/1766 1767/1767/1767
f 1761/1761/1761 1763/1763/1763 1764/1764/1764
f 1760/1760/1760 1761/1761/1761 1762/1762/1762
f 1757/1757/1757 1758/1758/1758 1759/1759/1759
f 1754/1754/1754 1755/1755/1755 1756/1756/1756
f 1730/1730/1730 1700/1700/1700 1699/1699/1699
f 1723/1723/1723 1746/1746/1746 1724/1724/1724
f 1710/1710/1710 1698/1698/1698 1711/1711/1711
f 1700/1700/1700 1730/1730/1730 1726/1726/1726
f 1711/1711/1711 1699/1699/1699 1701/1701/1701
f 1700/1700/1700 1722/1722/1722 1701/1701/1701
f 1726/1726/1726 1730/1730/1730 1727/1727/1727
f 1742/1742/1742 1700/1700/1700 1726/1726/1726
f 1701/1701/1701 1709/1709/1709 1711/1711/1711
f 1736/1736/1736 1718/1718/1718 1717/1717/1717
f 1712/1712/1712 1734/1734/1734 1713/1713/1713
f 1698/1698/1698 1697/1697/1697 1711/1711/1711
f 1708/1708/1708 1738/1738/1738 1737/1737/1737
f 1722/1722/1722 1709/1709/1709 1701/1701/1701
f 1728/1728/1728 1722/1722/1722 1742/1742/1742
f 1731/1731/1731 1739/1739/1739 1732/1732/1732
f 1753/1753/1753 1747/1747/1747 1718/1718/1718
f 1702/1702/1702 1740/1740/1740 1738/1738/1738
f 1738/1738/1738 1708/1708/1708 1702/1702/1702
f 1744/1744/1744 1725/1725/1725 1719/1719/1719
f 1747/1747/1747 1749/1749/1749 1751/1751/1751
f 1716/1716/1716 1718/1718/1718 1735/1735/1735
f 1751/1751/1751 1731/1731/1731 1735/1735/1735
f 1751/1751/1751 1735/1735/1735 1752/1752/1752
f 1735/1735/1735 1747/1747/1747 1752/1752/1752
f 1725/1725/1725 1721/1721/1721 1753/1753/1753
f 1734/1734/1734 1716/1716/1716 1735/1735/1735
f 1725/1725/1725 1753/1753/1753 1718/1718/1718
f 1744/1744/1744 1715/1715/1715 1725/1725/1725
f 1728/1728/1728 1742/1742/1742 1726/1726/1726
f 1751/1751/1751 1749/1749/1749 1748/1748/1748
f 1749/1749/1749 1721/1721/1721 1722/1722/1722
f 1751/1751/1751 1750/1750/1750 1731/1731/1731
f 1733/1733/1733 1732/1732/1732 1745/1745/1745
f 1722/1722/1722 1728/1728/1728 1749/1749/1749
f 1740/1740/1740 1741/1741/1741 1745/1745/1745
f 1748/1748/1748 1728/1728/1728 1727/1727/1727
f 1702/1702/1702 1724/1724/1724 1740/1740/1740
f 1750/1750/1750 1739/1739/1739 1731/1731/1731
f 1710/1710/1710 1721/1721/1721 1715/1715/1715
f 1739/1739/1739 1750/1750/1750 1748/1748/1748
f 1748/1748/1748 1727/1727/1727 1739/1739/1739
f 1721/1721/1721 1747/1747/1747 1753/1753/1753
f 1747/1747/1747 1721/1721/1721 1749/1749/1749
f 1715/1715/1715 1721/1721/1721 1725/1725/1725
f 1751/1751/1751 1752/1752/1752 1747/1747/1747
f 1741/1741/1741 1733/1733/1733 1745/1745/1745
f 1741/1741/1741 1743/1743/1743 1713/1713/1713
f 1715/1715/1715 1744/1744/1744 1706/1706/1706
f 1750/1750/1750 1751/1751/1751 1748/1748/1748
f 1748/1748/1748 1749/1749/1749 1728/1728/1728
f 1718/1718/1718 1747/1747/1747 1735/1735/1735
f 1741/1741/1741 1724/1724/1724 1743/1743/1743
f 1724/1724/1724 1746/1746/1746 1743/1743/1743
f 1732/1732/1732 1739/1739/1739 1738/1738/1738
f 1737/1737/1737 1727/1727/1727 1730/1730/1730
f 1721/1721/1721 1710/1710/1710 1709/1709/1709
f 1738/1738/1738 1727/1727/1727 1737/1737/1737
f 1740/1740/1740 1745/1745/1745 1732/1732/1732
f 1719/1719/1719 1706/1706/1706 1744/1744/1744
f 1740/1740/1740 1724/1724/1724 1741/1741/1741
f 1733/1733/1733 1713/1713/1713 1735/1735/1735
f 1743/1743/1743 1714/1714/1714 1713/1713/1713
f 1700/1700/1700 1742/1742/1742 1722/1722/1722
f 1733/1733/1733 1741/1741/1741 1713/1713/1713
f 1735/1735/1735 1731/1731/1731 1733/1733/1733
f 1732/1732/1732 1738/1738/1738 1740/1740/1740
f 1724/1724/1724 1702/1702/1702 1704/1704/1704
f 1727/1727/1727 1738/1738/1738 1739/1739/1739
f 1737/1737/1737 1730/1730/1730 1729/1729/1729
f 1710/1710/1710 1715/1715/1715 1695/1695/1695
f 1729/1729/1729 1708/1708/1708 1737/1737/1737
f 1736/1736/1736 1719/1719/1719 1718/1718/1718
f 1713/1713/1713 1734/1734/1734 1735/1735/1735
f 1731/1731/1731 1732/1732/1732 1733/1733/1733
f 1729/1729/1729 1730/1730/1730 1699/1699/1699
f 1726/1726/1726 1727/1727/1727 1728/1728/1728
f 1718/1718/1718 1719/1719/1719 1725/1725/1725
f 1698/1698/1698 1710/1710/1710 1695/1695/1695
f 1723/1723/1723 1724/1724/1724 1704/1704/1704
f 1697/1697/1697 1699/1699/1699 1711/1711/1711
f 1721/1721/1721 1709/1709/1709 1722/1722/1722
f 1705/1705/1705 1720/1720/1720 1697/1697/1697
f 1707/1707/1707 1706/1706/1706 1719/1719/1719
f 1716/1716/1716 1717/1717/1717 1718/1718/1718
f 1715/1715/1715 1706/1706/1706 1695/1695/1695
f 1712/1712/1712 1713/1713/1713 1714/1714/1714
f 1709/1709/1709 1710/1710/1710 1711/1711/1711
f 1708/1708/1708 1703/1703/1703 1702/1702/1702
f 1707/1707/1707 1696/1696/1696 1695/1695/1695
f 1706/1706/1706 1707/1707/1707 1695/1695/1695
f 1697/1697/1697 1696/1696/1696 1705/1705/1705
f 1702/1702/1702 1703/1703/1703 1704/1704/1704
f 1699/1699/1699 1700/1700/1700 1701/1701/1701
f 1697/1697/1697 1698/1698/1698 1695/1695/1695
f 1695/1695/1695 1696/1696/1696 1697/1697/1697
f 282/282/282 278/278/278 274/274/274
f 274/274/274 280/280/280 284/284/284
f 274/274/274 276/276/276 282/282/282
f 275/275/275 274/274/274 284/284/284
f 275/275/275 283/283/283 276/276/276
f 606/606/606 607/607/607 598/598/598
f 285/285/285 286/286/286 287/287/287
f 288/288/288 289/289/289 290/290/290
f 289/289/289 286/286/286 285/285/285
f 287/287/287 286/286/286 291/291/291
f 609/609/609 602/602/602 591/591/591
f 610/610/610 593/593/593 592/592/592
f 261/261/261 283/283/283 260/260/260
f 286/286/286 288/288/288 273/273/273
f 288/288/288 286/286/286 289/289/289
f 590/590/590 592/592/592 593/593/593
f 267/267/267 287/287/287 291/291/291
f 603/603/603 610/610/610 592/592/592
f 611/611/611 612/612/612 613/613/613
f 614/614/614 615/615/615 616/616/616
f 267/267/267 292/292/292 287/287/287
f 293/293/293 294/294/294 283/283/283
f 293/293/293 275/275/275 295/295/295
f 267/267/267 266/266/266 292/292/292
f 288/288/288 290/290/290 296/296/296
f 275/275/275 297/297/297 295/295/295
f 273/273/273 288/288/288 296/296/296
f 298/298/298 291/291/291 269/269/269
f 614/614/614 617/617/617 618/618/618
f 290/290/290 299/299/299 296/296/296
f 269/269/269 291/291/291 286/286/286
f 298/298/298 300/300/300 291/291/291
f 296/296/296 301/301/301 273/273/273
f 300/300/300 268/268/268 267/267/267
f 269/269/269 286/286/286 273/273/273
f 291/291/291 300/300/300 267/267/267
f 293/293/293 295/295/295 296/296/296
f 619/619/619 620/620/620 621/621/621
f 301/301/301 296/296/296 295/295/295
f 296/296/296 299/299/299 293/293/293
f 622/622/622 623/623/623 612/612/612
f 294/294/294 260/260/260 283/283/283
f 301/301/301 295/295/295 297/297/297
f 301/301/301 270/270/270 273/273/273
f 293/293/293 283/283/283 275/275/275
f 624/624/624 625/625/625 626/626/626
f 623/623/623 627/627/627 620/620/620
f 301/301/301 297/297/297 270/270/270
f 302/302/302 303/303/303 304/304/304
f 305/305/305 262/262/262 264/264/264
f 264/264/264 306/306/306 305/305/305
f 307/307/307 297/297/297 284/284/284
f 303/303/303 277/277/277 304/304/304
f 262/262/262 305/305/305 263/263/263
f 628/628/628 629/629/629 630/630/630
f 612/612/612 623/623/623 613/613/613
f 631/631/631 632/632/632 633/633/633
f 308/308/308 309/309/309 310/310/310
f 634/634/634 635/635/635 636/636/636
f 308/308/308 303/303/303 309/309/309
f 307/307/307 311/311/311 297/297/297
f 637/637/637 638/638/638 633/633/633
f 277/277/277 303/303/303 308/308/308
f 633/633/633 632/632/632 639/639/639
f 640/640/640 635/635/635 638/638/638
f 310/310/310 312/312/312 313/313/313
f 277/277/277 308/308/308 313/313/313
f 641/641/641 642/642/642 643/643/643
f 613/613/613 623/623/623 620/620/620
f 313/313/313 307/307/307 277/277/277
f 309/309/309 303/303/303 302/302/302
f 277/277/277 279/279/279 304/304/304
f 280/280/280 307/307/307 284/284/284
f 644/644/644 619/619/619 621/621/621
f 307/307/307 280/280/280 277/277/277
f 645/645/645 646/646/646 624/624/624
f 297/297/297 275/275/275 284/284/284
f 270/270/270 297/297/297 311/311/311
f 625/625/625 646/646/646 612/612/612
f 308/308/308 310/310/310 313/313/313
f 621/621/621 620/620/620 627/627/627
f 631/631/631 617/617/617 647/647/647
f 313/313/313 312/312/312 311/311/311
f 313/313/313 311/311/311 307/307/307
f 647/647/647 617/617/617 630/630/630
f 615/615/615 648/648/648 616/616/616
f 258/258/258 257/257/257 268/268/268
f 314/314/314 315/315/315 316/316/316
f 649/649/649 643/643/643 646/646/646
f 317/317/317 318/318/318 319/319/319
f 621/621/621 650/650/650 651/651/651
f 320/320/320 321/321/321 322/322/322
f 649/649/649 652/652/652 643/643/643
f 625/625/625 612/612/612 611/611/611
f 323/323/323 324/324/324 317/317/317
f 325/325/325 326/326/326 327/327/327
f 648/648/648 618/618/618 631/631/631
f 328/328/328 329/329/329 330/330/330
f 1585/1585/1585 1693/1693/1693 1619/1619/1619
f 1623/1623/1623 1622/1622/1622 1638/1638/1638
f 1637/1637/1637 1607/1607/1607 1631/1631/1631
f 1658/1658/1658 1650/1650/1650 1641/1641/1641
f 1598/1598/1598 1656/1656/1656 1694/1694/1694
f 1662/1662/1662 1612/1612/1612 1663/1663/1663
f 1605/1605/1605 1655/1655/1655 1588/1588/1588
f 1651/1651/1651 1617/1617/1617 1649/1649/1649
f 1578/1578/1578 1585/1585/1585 1579/1579/1579
f 1629/1629/1629 1636/1636/1636 1675/1675/1675
f 1591/1591/1591 1590/1590/1590 1624/1624/1624
f 1623/1623/1623 1615/1615/1615 1657/1657/1657
f 1600/1600/1600 1599/1599/1599 1671/1671/1671
f 1582/1582/1582 1581/1581/1581 1604/1604/1604
f 1654/1654/1654 1605/1605/1605 1612/1612/1612
f 1606/1606/1606 1685/1685/1685 1577/1577/1577
f 1626/1626/1626 1633/1633/1633 1589/1589/1589
f 1613/1613/1613 1615/1615/1615 1623/1623/1623
f 1673/1673/1673 1581/1581/1581 1659/1659/1659
f 1611/1611/1611 1624/1624/1624 1636/1636/1636
f 1581/1581/1581 1666/1666/1666 1604/1604/1604
f 1657/1657/1657 1652/1652/1652 1621/1621/1621
f 1610/1610/1610 1589/1589/1589 1591/1591/1591
f 1654/1654/1654 1612/1612/1612 1662/1662/1662
f 1669/1669/1669 1603/1603/1603 1644/1644/1644
f 1593/1593/1593 1579/1579/1579 1627/1627/1627
f 1640/1640/1640 1628/1628/1628 1629/1629/1629
f 1693/1693/1693 1690/1690/1690 1619/1619/1619
f 1583/1583/1583 1619/1619/1619 1691/1691/1691
f 1670/1670/1670 1590/1590/1590 1683/1683/1683
f 1579/1579/1579 1606/1606/1606 1577/1577/1577
f 1693/1693/1693 1578/1578/1578 1690/1690/1690
f 1581/1581/1581 1673/1673/1673 1666/1666/1666
f 1685/1685/1685 1689/1689/1689 1688/1688/1688
f 1649/1649/1649 1617/1617/1617 1616/1616/1616
f 1587/1587/1587 1582/1582/1582 1604/1604/1604
f 1639/1639/1639 1613/1613/1613 1623/1623/1623
f 1678/1678/1678 1679/1679/1679 1676/1676/1676
f 1625/1625/1625 1680/1680/1680 1682/1682/1682
f 1661/1661/1661 1639/1639/1639 1638/1638/1638
f 1577/1577/1577 1685/1685/1685 1578/1578/1578
f 1618/1618/1618 1634/1634/1634 1641/1641/1641
f 1597/1597/1597 1594/1594/1594 1593/1593/1593
f 1629/1629/1629 1635/1635/1635 1640/1640/1640
f 1678/1678/1678 1682/1682/1682 1680/1680/1680
f 1686/1686/1686 1690/1690/1690 1578/1578/1578
f 1608/1608/1608 1685/1685/1685 1606/1606/1606
f 1638/1638/1638 1580/1580/1580 1661/1661/1661
f 1685/1685/1685 1684/1684/1684 1689/1689/1689
f 1614/1614/1614 1600/1600/1600 1651/1651/1651
f 1625/1625/1625 1685/1685/1685 1608/1608/1608
f 1602/1602/1602 1635/1635/1635 1675/1675/1675
f 1588/1588/1588 1655/1655/1655 1599/1599/1599
f 1596/1596/1596 1683/1683/1683 1632/1632/1632
f 1643/1643/1643 1657/1657/1657 1674/1674/1674
f 1686/1686/1686 1688/1688/1688 1690/1690/1690
f 1607/1607/1607 1637/1637/1637 1679/1679/1679
f 1688/1688/1688 1689/1689/1689 1687/1687/1687
f 1688/1688/1688 1692/1692/1692 1690/1690/1690
f 1657/1657/1657 1643/1643/1643 1652/1652/1652
f 1627/1627/1627 1618/1618/1618 1597/1597/1597
f 1677/1677/1677 1681/1681/1681 1676/1676/1676
f 1589/1589/1589 1609/1609/1609 1627/1627/1627
f 1651/1651/1651 1597/1597/1597 1617/1617/1617
f 1637/1637/1637 1676/1676/1676 1679/1679/1679
f 1687/1687/1687 1692/1692/1692 1688/1688/1688
f 1625/1625/1625 1607/1607/1607 1680/1680/1680
f 1674/1674/1674 1657/1657/1657 1650/1650/1650
f 1578/1578/1578 1693/1693/1693 1585/1585/1585
f 1692/1692/1692 1691/1691/1691 1690/1690/1690
f 1690/1690/1690 1691/1691/1691 1619/1619/1619
f 1621/1621/1621 1652/1652/1652 1645/1645/1645
f 1669/1669/1669 1650/1650/1650 1658/1658/1658
f 1687/1687/1687 1689/1689/1689 1684/1684/1684
f 1686/1686/1686 1685/1685/1685 1688/1688/1688
f 1641/1641/1641 1616/1616/1616 1618/1618/1618
f 1684/1684/1684 1682/1682/1682 1687/1687/1687
f 1682/1682/1682 1684/1684/1684 1625/1625/1625
f 1618/1618/1618 1617/1617/1617 1597/1597/1597
f 1578/1578/1578 1685/1685/1685 1686/1686/1686
f 1684/1684/1684 1685/1685/1685 1625/1625/1625
f 1590/1590/1590 1632/1632/1632 1683/1683/1683
f 1681/1681/1681 1682/1682/1682 1678/1678/1678
f 1601/1601/1601 1634/1634/1634 1602/1602/1602
f 1650/1650/1650 1615/1615/1615 1614/1614/1614
f 1678/1678/1678 1676/1676/1676 1681/1681/1681
f 1680/1680/1680 1607/1607/1607 1678/1678/1678
f 1678/1678/1678 1607/1607/1607 1679/1679/1679
f 1669/1669/1669 1601/1601/1601 1603/1603/1603
f 1637/1637/1637 1592/1592/1592 1676/1676/1676
f 1647/1647/1647 1677/1677/1677 1676/1676/1676
f 1647/1647/1647 1676/1676/1676 1592/1592/1592
f 1597/1597/1597 1651/1651/1651 1598/1598/1598
f 1675/1675/1675 1635/1635/1635 1629/1629/1629
f 1669/1669/1669 1643/1643/1643 1674/1674/1674
f 1600/1600/1600 1671/1671/1671 1651/1651/1651
f 1614/1614/1614 1613/1613/1613 1600/1600/1600
f 1607/1607/1607 1606/1606/1606 1630/1630/1630
f 1626/1626/1626 1579/1579/1579 1584/1584/1584
f 1611/1611/1611 1629/1629/1629 1609/1609/1609
f 1669/1669/1669 1658/1658/1658 1601/1601/1601
f 1587/1587/1587 1586/1586/1586 1668/1668/1668
f 1674/1674/1674 1650/1650/1650 1669/1669/1669
f 1666/1666/1666 1673/1673/1673 1665/1665/1665
f 1634/1634/1634 1618/1618/1618 1635/1635/1635
f 1652/1652/1652 1643/1643/1643 1642/1642/1642
f 1662/1662/1662 1664/1664/1664 1654/1654/1654
f 1627/1627/1627 1597/1597/1597 1593/1593/1593
f 1666/1666/1666 1663/1663/1663 1612/1612/1612
f 1593/1593/1593 1630/1630/1630 1606/1606/1606
f 1582/1582/1582 1660/1660/1660 1580/1580/1580
f 1660/1660/1660 1582/1582/1582 1653/1653/1653
f 1640/1640/1640 1618/1618/1618 1628/1628/1628
f 1587/1587/1587 1668/1668/1668 1653/1653/1653
f 1649/1649/1649 1616/1616/1616 1641/1641/1641
f 1665/1665/1665 1672/1672/1672 1664/1664/1664
f 1666/1666/1666 1612/1612/1612 1604/1604/1604
f 1653/1653/1653 1668/1668/1668 1660/1660/1660
f 1661/1661/1661 1660/1660/1660 1668/1668/1668
f 1588/1588/1588 1620/1620/1620 1605/1605/1605
f 1667/1667/1667 1638/1638/1638 1645/1645/1645
f 1638/1638/1638 1622/1622/1622 1621/1621/1621
f 1624/1624/1624 1610/1610/1610 1591/1591/1591
f 1668/1668/1668 1586/1586/1586 1639/1639/1639
f 1594/1594/1594 1646/1646/1646 1592/1592/1592
f 1633/1633/1633 1626/1626/1626 1632/1632/1632
f 1663/1663/1663 1665/1665/1665 1664/1664/1664
f 1651/1651/1651 1671/1671/1671 1656/1656/1656
f 1670/1670/1670 1624/1624/1624 1590/1590/1590
f 1644/1644/1644 1643/1643/1643 1669/1669/1669
f 1621/1621/1621 1623/1623/1623 1657/1657/1657
f 1580/1580/1580 1659/1659/1659 1581/1581/1581
f 1668/1668/1668 1639/1639/1639 1661/1661/1661
f 1659/1659/1659 1638/1638/1638 1667/1667/1667
f 1586/1586/1586 1613/1613/1613 1639/1639/1639
f 1665/1665/1665 1663/1663/1663 1666/1666/1666
f 1592/1592/1592 1631/1631/1631 1630/1630/1630
f 1633/1633/1633 1590/1590/1590 1589/1589/1589
f 1600/1600/1600 1586/1586/1586 1588/1588/1588
f 1662/1662/1662 1663/1663/1663 1664/1664/1664
f 1592/1592/1592 1630/1630/1630 1593/1593/1593
f 1580/1580/1580 1660/1660/1660 1661/1661/1661
f 1580/1580/1580 1638/1638/1638 1659/1659/1659
f 1658/1658/1658 1641/1641/1641 1601/1601/1601
f 1609/1609/1609 1589/1589/1589 1610/1610/1610
f 1657/1657/1657 1615/1615/1615 1650/1650/1650
f 1650/1650/1650 1649/1649/1649 1641/1641/1641
f 1651/1651/1651 1656/1656/1656 1598/1598/1598
f 1654/1654/1654 1655/1655/1655 1605/1605/1605
f 1609/1609/1609 1618/1618/1618 1627/1627/1627
f 1587/1587/1587 1653/1653/1653 1582/1582/1582
f 1605/1605/1605 1620/1620/1620 1587/1587/1587
f 1642/1642/1642 1645/1645/1645 1652/1652/1652
f 1614/1614/1614 1651/1651/1651 1649/1649/1649
f 1613/1613/1613 1586/1586/1586 1600/1600/1600
f 1648/1648/1648 1650/1650/1650 1614/1614/1614
f 1632/1632/1632 1626/1626/1626 1596/1596/1596
f 1650/1650/1650 1648/1648/1648 1649/1649/1649
f 1648/1648/1648 1614/1614/1614 1649/1649/1649
f 1592/1592/1592 1646/1646/1646 1647/1647/1647
f 1593/1593/1593 1606/1606/1606 1579/1579/1579
f 1626/1626/1626 1584/1584/1584 1596/1596/1596
f 1621/1621/1621 1645/1645/1645 1638/1638/1638
f 1609/1609/1609 1628/1628/1628 1618/1618/1618
f 1642/1642/1642 1643/1643/1643 1644/1644/1644
f 1634/1634/1634 1601/1601/1601 1641/1641/1641
f 1618/1618/1618 1640/1640/1640 1635/1635/1635
f 1638/1638/1638 1639/1639/1639 1623/1623/1623
f 1631/1631/1631 1592/1592/1592 1637/1637/1637
f 1629/1629/1629 1611/1611/1611 1636/1636/1636
f 1634/1634/1634 1635/1635/1635 1602/1602/1602
f 1585/1585/1585 1584/1584/1584 1579/1579/1579
f 1632/1632/1632 1590/1590/1590 1633/1633/1633
f 1630/1630/1630 1631/1631/1631 1607/1607/1607
f 1628/1628/1628 1609/1609/1609 1629/1629/1629
f 1627/1627/1627 1626/1626/1626 1589/1589/1589
f 1579/1579/1579 1626/1626/1626 1627/1627/1627
f 1608/1608/1608 1607/1607/1607 1625/1625/1625
f 1610/1610/1610 1624/1624/1624 1611/1611/1611
f 1621/1621/1621 1622/1622/1622 1623/1623/1623
f 1588/1588/1588 1587/1587/1587 1620/1620/1620
f 1585/1585/1585 1619/1619/1619 1583/1583/1583
f 1616/1616/1616 1617/1617/1617 1618/1618/1618
f 1613/1613/1613 1614/1614/1614 1615/1615/1615
f 1604/1604/1604 1612/1612/1612 1605/1605/1605
f 1609/1609/1609 1610/1610/1610 1611/1611/1611
f 1606/1606/1606 1607/1607/1607 1608/1608/1608
f 1587/1587/1587 1604/1604/1604 1605/1605/1605
f 1601/1601/1601 1602/1602/1602 1603/1603/1603
f 1599/1599/1599 1600/1600/1600 1588/1588/1588
f 1594/1594/1594 1597/1597/1597 1598/1598/1598
f 1584/1584/1584 1595/1595/1595 1596/1596/1596
f 1592/1592/1592 1593/1593/1593 1594/1594/1594
f 1589/1589/1589 1590/1590/1590 1591/1591/1591
f 1586/1586/1586 1587/1587/1587 1588/1588/1588
f 1583/1583/1583 1584/1584/1584 1585/1585/1585
f 1580/1580/1580 1581/1581/1581 1582/1582/1582
f 1577/1577/1577 1578/1578/1578 1579/1579/1579
f 1544/1544/1544 1570/1570/1570 1547/1547/1547
f 1548/1548/1548 1547/1547/1547 1572/1572/1572
f 1558/1558/1558 1573/1573/1573 1571/1571/1571
f 1556/1556/1556 1541/1541/1541 1545/1545/1545
f 1527/1527/1527 1568/1568/1568 1561/1561/1561
f 1562/1562/1562 1534/1534/1534 1525/1525/1525
f 1576/1576/1576 1575/1575/1575 1536/1536/1536
f 1567/1567/1567 1576/1576/1576 1536/1536/1536
f 1569/1569/1569 1571/1571/1571 1574/1574/1574
f 1536/1536/1536 1543/1543/1543 1523/1523/1523
f 1575/1575/1575 1537/1537/1537 1536/1536/1536
f 1574/1574/1574 1571/1571/1571 1573/1573/1573
f 1531/1531/1531 1530/1530/1530 1546/1546/1546
f 1530/1530/1530 1532/1532/1532 1566/1566/1566
f 1571/1571/1571 1569/1569/1569 1544/1544/1544
f 1558/1558/1558 1557/1557/1557 1573/1573/1573
f 1544/1544/1544 1547/1547/1547 1542/1542/1542
f 1544/1544/1544 1536/1536/1536 1538/1538/1538
f 1572/1572/1572 1547/1547/1547 1570/1570/1570
f 1568/1568/1568 1527/1527/1527 1523/1523/1523
f 1552/1552/1552 1534/1534/1534 1562/1562/1562
f 1558/1558/1558 1544/1544/1544 1538/1538/1538
f 1544/1544/1544 1558/1558/1558 1571/1571/1571
f 1549/1549/1549 1556/1556/1556 1526/1526/1526
f 1558/1558/1558 1564/1564/1564 1554/1554/1554
f 1559/1559/1559 1557/1557/1557 1554/1554/1554
f 1530/1530/1530 1543/1543/1543 1542/1542/1542
f 1544/1544/1544 1569/1569/1569 1570/1570/1570
f 1546/1546/1546 1548/1548/1548 1531/1531/1531
f 1523/1523/1523 1543/1543/1543 1568/1568/1568
f 1567/1567/1567 1536/1536/1536 1522/1522/1522
f 1538/1538/1538 1564/1564/1564 1558/1558/1558
f 1528/1528/1528 1565/1565/1565 1551/1551/1551
f 1564/1564/1564 1538/1538/1538 1537/1537/1537
f 1527/1527/1527 1565/1565/1565 1528/1528/1528
f 1536/1536/1536 1523/1523/1523 1522/1522/1522
f 1536/1536/1536 1544/1544/1544 1543/1543/1543
f 1561/1561/1561 1566/1566/1566 1527/1527/1527
f 1524/1524/1524 1523/1523/1523 1529/1529/1529
f 1566/1566/1566 1561/1561/1561 1530/1530/1530
f 1529/1529/1529 1562/1562/1562 1524/1524/1524
f 1568/1568/1568 1543/1543/1543 1561/1561/1561
f 1535/1535/1535 1552/1552/1552 1539/1539/1539
f 1526/1526/1526 1567/1567/1567 1522/1522/1522
f 1565/1565/1565 1527/1527/1527 1566/1566/1566
f 1551/1551/1551 1550/1550/1550 1528/1528/1528
f 1562/1562/1562 1529/1529/1529 1550/1550/1550
f 1562/1562/1562 1550/1550/1550 1552/1552/1552
f 1553/1553/1553 1563/1563/1563 1554/1554/1554
f 1535/1535/1535 1534/1534/1534 1552/1552/1552
f 1564/1564/1564 1537/1537/1537 1554/1554/1554
f 1546/1546/1546 1542/1542/1542 1547/1547/1547
f 1529/1529/1529 1528/1528/1528 1550/1550/1550
f 1560/1560/1560 1554/1554/1554 1563/1563/1563
f 1525/1525/1525 1524/1524/1524 1562/1562/1562
f 1530/1530/1530 1561/1561/1561 1543/1543/1543
f 1529/1529/1529 1523/1523/1523 1527/1527/1527
f 1537/1537/1537 1555/1555/1555 1554/1554/1554
f 1559/1559/1559 1554/1554/1554 1560/1560/1560
f 1554/1554/1554 1557/1557/1557 1558/1558/1558
f 1549/1549/1549 1533/1533/1533 1541/1541/1541
f 1549/1549/1549 1541/1541/1541 1556/1556/1556
f 1553/1553/1553 1554/1554/1554 1555/1555/1555
f 1550/1550/1550 1551/1551/1551 1552/1552/1552
f 1542/1542/1542 1546/1546/1546 1530/1530/1530
f 1549/1549/1549 1526/1526/1526 1525/1525/1525
f 1549/1549/1549 1525/1525/1525 1533/1533/1533
f 1546/1546/1546 1547/1547/1547 1548/1548/1548
f 1545/1545/1545 1541/1541/1541 1540/1540/1540
f 1542/1542/1542 1543/1543/1543 1544/1544/1544
f 1540/1540/1540 1541/1541/1541 1535/1535/1535
f 1541/1541/1541 1533/1533/1533 1535/1535/1535
f 1535/1535/1535 1539/1539/1539 1540/1540/1540
f 1536/1536/1536 1537/1537/1537 1538/1538/1538
f 1534/1534/1534 1535/1535/1535 1533/1533/1533
f 1533/1533/1533 1525/1525/1525 1534/1534/1534
f 1530/1530/1530 1531/1531/1531 1532/1532/1532
f 1527/1527/1527 1528/1528/1528 1529/1529/1529
f 1525/1525/1525 1526/1526/1526 1522/1522/1522
f 1522/1522/1522 1524/1524/1524 1525/1525/1525
f 1522/1522/1522 1523/1523/1523 1524/1524/1524
f 622/622/622 612/612/612 646/646/646
f 320/320/320 331/331/331 329/329/329
f 631/631/631 638/638/638 653/653/653
f 630/630/630 617/617/617 614/614/614
f 627/627/627 623/623/623 622/622/622
f 647/647/647 654/654/654 631/631/631
f 620/620/620 619/619/619 613/613/613
f 630/630/630 655/655/655 656/656/656
f 631/631/631 618/618/618 617/617/617
f 633/633/633 638/638/638 631/631/631
f 657/657/657 626/626/626 625/625/625
f 626/626/626 658/658/658 645/645/645
f 625/625/625 611/611/611 657/657/657
f 629/629/629 655/655/655 630/630/630
f 626/626/626 645/645/645 624/624/624
f 659/659/659 660/660/660 641/641/641
f 634/634/634 653/653/653 635/635/635
f 645/645/645 658/658/658 628/628/628
f 661/661/661 616/616/616 634/634/634
f 614/614/614 628/628/628 630/630/630
f 1513/1513/1513 1512/1512/1512 1520/1520/1520
f 1514/1514/1514 1513/1513/1513 1521/1521/1521
f 616/616/616 628/628/628 614/614/614
f 662/662/662 658/658/658 626/626/626
f 647/647/647 630/630/630 656/656/656
f 663/663/663 629/629/629 658/658/658
f 631/631/631 653/653/653 648/648/648
f 1514/1514/1514 1515/1515/1515 1511/1511/1511
f 1519/1519/1519 1521/1521/1521 1513/1513/1513
f 627/627/627 650/650/650 621/621/621
f 1514/1514/1514 1521/1521/1521 1515/1515/1515
f 664/664/664 665/665/665 619/619/619
f 654/654/654 632/632/632 631/631/631
f 1515/1515/1515 1521/1521/1521 1519/1519/1519
f 648/648/648 614/614/614 618/618/618
f 622/622/622 646/646/646 643/643/643
f 616/616/616 659/659/659 652/652/652
f 628/628/628 649/649/649 666/666/666
f 616/616/616 649/649/649 628/628/628
f 640/640/640 638/638/638 637/637/637
f 659/659/659 661/661/661 660/660/660
f 613/613/613 619/619/619 665/665/665
f 659/659/659 641/641/641 652/652/652
f 616/616/616 652/652/652 649/649/649
f 666/666/666 646/646/646 645/645/645
f 615/615/615 614/614/614 648/648/648
f 616/616/616 648/648/648 653/653/653
f 1519/1519/1519 1517/1517/1517 1515/1515/1515
f 616/616/616 661/661/661 659/659/659
f 1515/1515/1515 1516/1516/1516 1511/1511/1511
f 1511/1511/1511 1510/1510/1510 1514/1514/1514
f 1507/1507/1507 1512/1512/1512 1510/1510/1510
f 621/621/621 651/651/651 644/644/644
f 1509/1509/1509 1507/1507/1507 1510/1510/1510
f 1508/1508/1508 1506/1506/1506 1512/1512/1512
f 1513/1513/1513 1514/1514/1514 1510/1510/1510
f 658/658/658 662/662/662 663/663/663
f 619/619/619 644/644/644 664/664/664
f 1513/1513/1513 1510/1510/1510 1512/1512/1512
f 1508/1508/1508 1512/1512/1512 1507/1507/1507
f 649/649/649 646/646/646 666/666/666
f 1509/1509/1509 1510/1510/1510 1511/1511/1511
f 663/663/663 655/655/655 629/629/629
f 646/646/646 625/625/625 624/624/624
f 660/660/660 642/642/642 641/641/641
f 653/653/653 638/638/638 635/635/635
f 616/616/616 653/653/653 634/634/634
f 652/652/652 641/641/641 643/643/643
f 666/666/666 645/645/645 628/628/628
f 634/634/634 636/636/636 661/661/661
f 629/629/629 628/628/628 658/658/658
f 667/667/667 668/668/668 669/669/669
f 318/318/318 317/317/317 324/324/324
f 400/400/400 395/395/395 435/435/435
f 671/671/671 672/672/672 673/673/673
f 674/674/674 671/671/671 675/675/675
f 674/674/674 672/672/672 671/671/671
f 676/676/676 674/674/674 675/675/675
f 351/351/351 342/342/342 349/349/349
f 672/672/672 674/674/674 668/668/668
f 676/676/676 668/668/668 674/674/674
f 318/318/318 324/324/324 382/382/382
f 672/672/672 668/668/668 677/677/677
f 434/434/434 417/417/417 424/424/424
f 676/676/676 669/669/669 668/668/668
f 670/670/670 667/667/667 669/669/669
f 376/376/376 373/373/373 377/377/377
f 326/326/326 325/325/325 401/401/401
f 673/673/673 672/672/672 678/678/678
f 679/679/679 680/680/680 681/681/681
f 682/682/682 683/683/683 684/684/684
f 685/685/685 686/686/686 680/680/680
f 687/687/687 688/688/688 689/689/689
f 1402/1402/1402 1404/1404/1404 1504/1504/1504
f 1452/1452/1452 1451/1451/1451 1468/1468/1468
f 1444/1444/1444 1463/1463/1463 1495/1495/1495
f 1502/1502/1502 1413/1413/1413 1501/1501/1501
f 1469/1469/1469 1471/1471/1471 1474/1474/1474
f 1456/1456/1456 1503/1503/1503 1447/1447/1447
f 1477/1477/1477 1479/1479/1479 1412/1412/1412
f 1492/1492/1492 1426/1426/1426 1406/1406/1406
f 1478/1478/1478 1438/1438/1438 1402/1402/1402
f 1489/1489/1489 1480/1480/1480 1470/1470/1470
f 1497/1497/1497 1404/1404/1404 1487/1487/1487
f 1438/1438/1438 1478/1478/1478 1477/1477/1477
f 1505/1505/1505 1501/1501/1501 1479/1479/1479
f 1467/1467/1467 1424/1424/1424 1423/1423/1423
f 1438/1438/1438 1490/1490/1490 1470/1470/1470
f 1474/1474/1474 1441/1441/1441 1469/1469/1469
f 1392/1392/1392 1423/1423/1423 1499/1499/1499
f 1403/1403/1403 1469/1469/1469 1441/1441/1441
f 1415/1415/1415 1429/1429/1429 1416/1416/1416
f 1480/1480/1480 1493/1493/1493 1470/1470/1470
f 1438/1438/1438 1470/1470/1470 1469/1469/1469
f 1413/1413/1413 1412/1412/1412 1501/1501/1501
f 1490/1490/1490 1438/1438/1438 1477/1477/1477
f 1398/1398/1398 1426/1426/1426 1425/1425/1425
f 1501/1501/1501 1505/1505/1505 1502/1502/1502
f 1383/1383/1383 1456/1456/1456 1386/1386/1386
f 1404/1404/1404 1403/1403/1403 1487/1487/1487
f 1504/1504/1504 1478/1478/1478 1402/1402/1402
f 1503/1503/1503 1456/1456/1456 1394/1394/1394
f 1439/1439/1439 1441/1441/1441 1475/1475/1475
f 1448/1448/1448 1474/1474/1474 1491/1491/1491
f 1444/1444/1444 1499/1499/1499 1423/1423/1423
f 1480/1480/1480 1420/1420/1420 1493/1493/1493
f 1420/1420/1420 1491/1491/1491 1471/1471/1471
f 1473/1473/1473 1483/1483/1483 1397/1397/1397
f 1456/1456/1456 1383/1383/1383 1394/1394/1394
f 1452/1452/1452 1388/1388/1388 1386/1386/1386
f 1489/1489/1489 1490/1490/1490 1414/1414/1414
f 1480/1480/1480 1415/1415/1415 1420/1420/1420
f 1477/1477/1477 1414/1414/1414 1490/1490/1490
f 1447/1447/1447 1503/1503/1503 1496/1496/1496
f 1491/1491/1491 1420/1420/1420 1492/1492/1492
f 1466/1466/1466 1437/1437/1437 1461/1461/1461
f 1421/1421/1421 1476/1476/1476 1398/1398/1398
f 1439/1439/1439 1447/1447/1447 1440/1440/1440
f 1471/1471/1471 1491/1491/1491 1474/1474/1474
f 1462/1462/1462 1419/1419/1419 1418/1418/1418
f 1502/1502/1502 1446/1446/1446 1413/1413/1413
f 1425/1425/1425 1420/1420/1420 1421/1421/1421
f 1494/1494/1494 1445/1445/1445 1498/1498/1498
f 1416/1416/1416 1428/1428/1428 1417/1417/1417
f 1428/1428/1428 1488/1488/1488 1417/1417/1417
f 1492/1492/1492 1420/1420/1420 1426/1426/1426
f 1417/1417/1417 1455/1455/1455 1415/1415/1415
f 1405/1405/1405 1448/1448/1448 1492/1492/1492
f 1448/1448/1448 1447/1447/1447 1439/1439/1439
f 1427/1427/1427 1489/1489/1489 1414/1414/1414
f 1416/1416/1416 1429/1429/1429 1428/1428/1428
f 1494/1494/1494 1428/1428/1428 1427/1427/1427
f 1452/1452/1452 1407/1407/1407 1451/1451/1451
f 1463/1463/1463 1444/1444/1444 1422/1422/1422
f 1488/1488/1488 1482/1482/1482 1417/1417/1417
f 1460/1460/1460 1436/1436/1436 1473/1473/1473
f 1487/1487/1487 1441/1441/1441 1440/1440/1440
f 1425/1425/1425 1421/1421/1421 1398/1398/1398
f 1492/1492/1492 1406/1406/1406 1405/1405/1405
f 1414/1414/1414 1477/1477/1477 1412/1412/1412
f 1452/1452/1452 1386/1386/1386 1456/1456/1456
f 1412/1412/1412 1479/1479/1479 1501/1501/1501
f 1494/1494/1494 1498/1498/1498 1495/1495/1495
f 1470/1470/1470 1493/1493/1493 1471/1471/1471
f 1495/1495/1495 1463/1463/1463 1428/1428/1428
f 1435/1435/1435 1454/1454/1454 1436/1436/1436
f 1448/1448/1448 1439/1439/1439 1474/1474/1474
f 1448/1448/1448 1405/1405/1405 1407/1407/1407
f 1476/1476/1476 1417/1417/1417 1481/1481/1481
f 1495/1495/1495 1498/1498/1498 1444/1444/1444
f 1462/1462/1462 1418/1418/1418 1406/1406/1406
f 1494/1494/1494 1413/1413/1413 1445/1445/1445
f 1396/1396/1396 1459/1459/1459 1397/1397/1397
f 1411/1411/1411 1500/1500/1500 1485/1485/1485
f 1480/1480/1480 1489/1489/1489 1429/1429/1429
f 1407/1407/1407 1406/1406/1406 1419/1419/1419
f 1446/1446/1446 1499/1499/1499 1444/1444/1444
f 1414/1414/1414 1413/1413/1413 1427/1427/1427
f 1494/1494/1494 1427/1427/1427 1413/1413/1413
f 1481/1481/1481 1482/1482/1482 1408/1408/1408
f 1482/1482/1482 1488/1488/1488 1409/1409/1409
f 1444/1444/1444 1498/1498/1498 1445/1445/1445
f 1457/1457/1457 1472/1472/1472 1433/1433/1433
f 1451/1451/1451 1419/1419/1419 1462/1462/1462
f 1396/1396/1396 1476/1476/1476 1481/1481/1481
f 1497/1497/1497 1487/1487/1487 1447/1447/1447
f 1445/1445/1445 1413/1413/1413 1446/1446/1446
f 1496/1496/1496 1497/1497/1497 1447/1447/1447
f 1463/1463/1463 1422/1422/1422 1409/1409/1409
f 1427/1427/1427 1429/1429/1429 1489/1489/1489
f 1484/1484/1484 1462/1462/1462 1435/1435/1435
f 1481/1481/1481 1458/1458/1458 1396/1396/1396
f 1494/1494/1494 1495/1495/1495 1428/1428/1428
f 1476/1476/1476 1455/1455/1455 1417/1417/1417
f 1451/1451/1451 1484/1484/1484 1468/1468/1468
f 1438/1438/1438 1469/1469/1469 1403/1403/1403
f 1493/1493/1493 1420/1420/1420 1471/1471/1471
f 1491/1491/1491 1492/1492/1492 1448/1448/1448
f 1476/1476/1476 1396/1396/1396 1398/1398/1398
f 1410/1410/1410 1409/1409/1409 1422/1422/1422
f 1409/1409/1409 1408/1408/1408 1482/1482/1482
f 1489/1489/1489 1470/1470/1470 1490/1490/1490
f 1407/1407/1407 1452/1452/1452 1456/1456/1456
f 1462/1462/1462 1484/1484/1484 1451/1451/1451
f 1423/1423/1423 1422/1422/1422 1444/1444/1444
f 1439/1439/1439 1475/1475/1475 1474/1474/1474
f 1408/1408/1408 1400/1400/1400 1458/1458/1458
f 1453/1453/1453 1452/1452/1452 1468/1468/1468
f 1436/1436/1436 1454/1454/1454 1483/1483/1483
f 1411/1411/1411 1423/1423/1423 1392/1392/1392
f 1434/1434/1434 1450/1450/1450 1431/1431/1431
f 1447/1447/1447 1487/1487/1487 1440/1440/1440
f 1435/1435/1435 1466/1466/1466 1484/1484/1484
f 1466/1466/1466 1465/1465/1465 1484/1484/1484
f 1401/1401/1401 1408/1408/1408 1410/1410/1410
f 1397/1397/1397 1483/1483/1483 1454/1454/1454
f 1435/1435/1435 1462/1462/1462 1454/1454/1454
f 1426/1426/1426 1462/1462/1462 1406/1406/1406
f 1485/1485/1485 1423/1423/1423 1411/1411/1411
f 1422/1422/1422 1424/1424/1424 1401/1401/1401
f 1401/1401/1401 1424/1424/1424 1399/1399/1399
f 1400/1400/1400 1408/1408/1408 1401/1401/1401
f 1472/1472/1472 1397/1397/1397 1459/1459/1459
f 1437/1437/1437 1466/1466/1466 1435/1435/1435
f 1408/1408/1408 1458/1458/1458 1481/1481/1481
f 1431/1431/1431 1443/1443/1443 1433/1433/1433
f 1488/1488/1488 1428/1428/1428 1409/1409/1409
f 1487/1487/1487 1403/1403/1403 1441/1441/1441
f 1442/1442/1442 1460/1460/1460 1457/1457/1457
f 1423/1423/1423 1486/1486/1486 1467/1467/1467
f 1423/1423/1423 1485/1485/1485 1486/1486/1486
f 1484/1484/1484 1465/1465/1465 1468/1468/1468
f 1399/1399/1399 1424/1424/1424 1467/1467/1467
f 1434/1434/1434 1400/1400/1400 1399/1399/1399
f 1458/1458/1458 1433/1433/1433 1459/1459/1459
f 1436/1436/1436 1483/1483/1483 1473/1473/1473
f 1430/1430/1430 1443/1443/1443 1431/1431/1431
f 1481/1481/1481 1417/1417/1417 1482/1482/1482
f 1480/1480/1480 1429/1429/1429 1415/1415/1415
f 1472/1472/1472 1459/1459/1459 1433/1433/1433
f 1473/1473/1473 1472/1472/1472 1457/1457/1457
f 1477/1477/1477 1478/1478/1478 1479/1479/1479
f 1455/1455/1455 1476/1476/1476 1421/1421/1421
f 1441/1441/1441 1474/1474/1474 1475/1475/1475
f 1433/1433/1433 1458/1458/1458 1400/1400/1400
f 1434/1434/1434 1399/1399/1399 1450/1450/1450
f 1400/1400/1400 1434/1434/1434 1433/1433/1433
f 1473/1473/1473 1457/1457/1457 1460/1460/1460
f 1436/1436/1436 1460/1460/1460 1437/1437/1437
f 1397/1397/1397 1472/1472/1472 1473/1473/1473
f 1469/1469/1469 1470/1470/1470 1471/1471/1471
f 1457/1457/1457 1443/1443/1443 1442/1442/1442
f 1453/1453/1453 1468/1468/1468 1465/1465/1465
f 1454/1454/1454 1462/1462/1462 1398/1398/1398
f 1401/1401/1401 1410/1410/1410 1422/1422/1422
f 1464/1464/1464 1466/1466/1466 1461/1461/1461
f 1399/1399/1399 1467/1467/1467 1450/1450/1450
f 1464/1464/1464 1465/1465/1465 1466/1466/1466
f 1463/1463/1463 1409/1409/1409 1428/1428/1428
f 1462/1462/1462 1426/1426/1426 1398/1398/1398
f 1437/1437/1437 1460/1460/1460 1461/1461/1461
f 1396/1396/1396 1458/1458/1458 1459/1459/1459
f 1433/1433/1433 1443/1443/1443 1457/1457/1457
f 1407/1407/1407 1456/1456/1456 1447/1447/1447
f 1421/1421/1421 1415/1415/1415 1455/1455/1455
f 1398/1398/1398 1397/1397/1397 1454/1454/1454
f 1432/1432/1432 1431/1431/1431 1449/1449/1449
f 1388/1388/1388 1452/1452/1452 1453/1453/1453
f 1419/1419/1419 1451/1451/1451 1407/1407/1407
f 1449/1449/1449 1431/1431/1431 1450/1450/1450
f 1407/1407/1407 1447/1447/1447 1448/1448/1448
f 1444/1444/1444 1445/1445/1445 1446/1446/1446
f 1430/1430/1430 1442/1442/1442 1443/1443/1443
f 1439/1439/1439 1440/1440/1440 1441/1441/1441
f 1402/1402/1402 1438/1438/1438 1403/1403/1403
f 1435/1435/1435 1436/1436/1436 1437/1437/1437
f 1431/1431/1431 1433/1433/1433 1434/1434/1434
f 1430/1430/1430 1431/1431/1431 1432/1432/1432
f 1427/1427/1427 1428/1428/1428 1429/1429/1429
f 1425/1425/1425 1426/1426/1426 1420/1420/1420
f 1422/1422/1422 1423/1423/1423 1424/1424/1424
f 1420/1420/1420 1415/1415/1415 1421/1421/1421
f 1418/1418/1418 1419/1419/1419 1406/1406/1406
f 1415/1415/1415 1416/1416/1416 1417/1417/1417
f 1412/1412/1412 1413/1413/1413 1414/1414/1414
f 1411/1411/1411 1392/1392/1392 1391/1391/1391
f 1408/1408/1408 1409/1409/1409 1410/1410/1410
f 1405/1405/1405 1406/1406/1406 1407/1407/1407
f 1402/1402/1402 1403/1403/1403 1404/1404/1404
f 1399/1399/1399 1400/1400/1400 1401/1401/1401
f 1396/1396/1396 1397/1397/1397 1398/1398/1398
f 1392/1392/1392 1395/1395/1395 1393/1393/1393
f 1389/1389/1389 1383/1383/1383 1382/1382/1382
f 1390/1390/1390 1394/1394/1394 1383/1383/1383
f 1391/1391/1391 1392/1392/1392 1393/1393/1393
f 1389/1389/1389 1390/1390/1390 1383/1383/1383
f 1382/1382/1382 1384/1384/1384 1385/1385/1385
f 1386/1386/1386 1385/1385/1385 1383/1383/1383
f 1383/1383/1383 1385/1385/1385 1384/1384/1384
f 1388/1388/1388 1387/1387/1387 1386/1386/1386
f 1385/1385/1385 1386/1386/1386 1387/1387/1387
f 1382/1382/1382 1383/1383/1383 1384/1384/1384
f 1366/1366/1366 1359/1359/1359 1372/1372/1372
f 1321/1321/1321 1375/1375/1375 1335/1335/1335
f 1331/1331/1331 1368/1368/1368 1341/1341/1341
f 1357/1357/1357 1345/1345/1345 1358/1358/1358
f 1370/1370/1370 1338/1338/1338 1376/1376/1376
f 1375/1375/1375 1361/1361/1361 1336/1336/1336
f 1321/1321/1321 1379/1379/1379 1381/1381/1381
f 1378/1378/1378 1346/1346/1346 1357/1357/1357
f 1316/1316/1316 1360/1360/1360 1330/1330/1330
f 1367/1367/1367 1352/1352/1352 1324/1324/1324
f 1367/1367/1367 1324/1324/1324 1326/1326/1326
f 1330/1330/1330 1329/1329/1329 1316/1316/1316
f 1372/1372/1372 1332/1332/1332 1342/1342/1342
f 1376/1376/1376 1344/1344/1344 1378/1378/1378
f 1339/1339/1339 1338/1338/1338 1370/1370/1370
f 1354/1354/1354 1356/1356/1356 1353/1353/1353
f 1311/1311/1311 1310/1310/1310 1380/1380/1380
f 1376/1376/1376 1338/1338/1338 1344/1344/1344
f 1339/1339/1339 1348/1348/1348 1351/1351/1351
f 1334/1334/1334 1340/1340/1340 1357/1357/1357
f 1348/1348/1348 1315/1315/1315 1349/1349/1349
f 1369/1369/1369 1381/1381/1381 1379/1379/1379
f 1333/1333/1333 1346/1346/1346 1368/1368/1368
f 1334/1334/1334 1322/1322/1322 1335/1335/1335
f 1360/1360/1360 1334/1334/1334 1336/1336/1336
f 1315/1315/1315 1339/1339/1339 1316/1316/1316
f 1323/1323/1323 1358/1358/1358 1379/1379/1379
f 1347/1347/1347 1362/1362/1362 1337/1337/1337
f 1346/1346/1346 1345/1345/1345 1357/1357/1357
f 1317/1317/1317 1316/1316/1316 1329/1329/1329
f 1370/1370/1370 1357/1357/1357 1340/1340/1340
f 1319/1319/1319 1311/1311/1311 1351/1351/1351
f 1369/1369/1369 1353/1353/1353 1381/1381/1381
f 1315/1315/1315 1348/1348/1348 1339/1339/1339
f 1331/1331/1331 1342/1342/1342 1332/1332/1332
f 1378/1378/1378 1357/1357/1357 1376/1376/1376
f 1356/1356/1356 1371/1371/1371 1365/1365/1365
f 1317/1317/1317 1320/1320/1320 1349/1349/1349
f 1381/1381/1381 1374/1374/1374 1321/1321/1321
f 1374/1374/1374 1381/1381/1381 1367/1367/1367
f 1325/1325/1325 1324/1324/1324 1353/1353/1353
f 1367/1367/1367 1330/1330/1330 1374/1374/1374
f 1322/1322/1322 1334/1334/1334 1357/1357/1357
f 1317/1317/1317 1326/1326/1326 1327/1327/1327
f 1337/1337/1337 1362/1362/1362 1364/1364/1364
f 1339/1339/1339 1351/1351/1351 1347/1347/1347
f 1367/1367/1367 1381/1381/1381 1352/1352/1352
f 1330/1330/1330 1375/1375/1375 1374/1374/1374
f 1352/1352/1352 1381/1381/1381 1353/1353/1353
f 1380/1380/1380 1310/1310/1310 1371/1371/1371
f 1361/1361/1361 1375/1375/1375 1330/1330/1330
f 1379/1379/1379 1321/1321/1321 1323/1323/1323
f 1335/1335/1335 1375/1375/1375 1336/1336/1336
f 1350/1350/1350 1349/1349/1349 1320/1320/1320
f 1312/1312/1312 1368/1368/1368 1344/1344/1344
f 1311/1311/1311 1377/1377/1377 1351/1351/1351
f 1323/1323/1323 1322/1322/1322 1358/1358/1358
f 1351/1351/1351 1348/1348/1348 1350/1350/1350
f 1356/1356/1356 1355/1355/1355 1371/1371/1371
f 1309/1309/1309 1365/1365/1365 1310/1310/1310
f 1378/1378/1378 1344/1344/1344 1346/1346/1346
f 1351/1351/1351 1377/1377/1377 1373/1373/1373
f 1319/1319/1319 1350/1350/1350 1320/1320/1320
f 1314/1314/1314 1368/1368/1368 1312/1312/1312
f 1357/1357/1357 1370/1370/1370 1376/1376/1376
f 1364/1364/1364 1343/1343/1343 1337/1337/1337
f 1374/1374/1374 1375/1375/1375 1321/1321/1321
f 1344/1344/1344 1338/1338/1338 1337/1337/1337
f 1356/1356/1356 1325/1325/1325 1353/1353/1353
f 1347/1347/1347 1351/1351/1351 1373/1373/1373
f 1331/1331/1331 1333/1333/1333 1368/1368/1368
f 1359/1359/1359 1332/1332/1332 1372/1372/1372
f 1328/1328/1328 1309/1309/1309 1318/1318/1318
f 1328/1328/1328 1365/1365/1365 1309/1309/1309
f 1310/1310/1310 1365/1365/1365 1371/1371/1371
f 1370/1370/1370 1340/1340/1340 1339/1339/1339
f 1353/1353/1353 1369/1369/1369 1354/1354/1354
f 1332/1332/1332 1359/1359/1359 1345/1345/1345
f 1344/1344/1344 1368/1368/1368 1346/1346/1346
f 1326/1326/1326 1330/1330/1330 1367/1367/1367
f 1365/1365/1365 1325/1325/1325 1356/1356/1356
f 1358/1358/1358 1359/1359/1359 1366/1366/1366
f 1318/1318/1318 1309/1309/1309 1319/1319/1319
f 1322/1322/1322 1321/1321/1321 1335/1335/1335
f 1365/1365/1365 1328/1328/1328 1325/1325/1325
f 1360/1360/1360 1340/1340/1340 1334/1334/1334
f 1312/1312/1312 1344/1344/1344 1343/1343/1343
f 1362/1362/1362 1363/1363/1363 1364/1364/1364
f 1336/1336/1336 1361/1361/1361 1360/1360/1360
f 1330/1330/1330 1360/1360/1360 1361/1361/1361
f 1329/1329/1329 1326/1326/1326 1317/1317/1317
f 1345/1345/1345 1333/1333/1333 1332/1332/1332
f 1318/1318/1318 1327/1327/1327 1328/1328/1328
f 1340/1340/1340 1360/1360/1360 1316/1316/1316
f 1345/1345/1345 1359/1359/1359 1358/1358/1358
f 1357/1357/1357 1358/1358/1358 1322/1322/1322
f 1317/1317/1317 1327/1327/1327 1318/1318/1318
f 1354/1354/1354 1355/1355/1355 1356/1356/1356
f 1352/1352/1352 1353/1353/1353 1324/1324/1324
f 1317/1317/1317 1349/1349/1349 1315/1315/1315
f 1319/1319/1319 1351/1351/1351 1350/1350/1350
f 1348/1348/1348 1349/1349/1349 1350/1350/1350
f 1313/1313/1313 1312/1312/1312 1343/1343/1343
f 1337/1337/1337 1339/1339/1339 1347/1347/1347
f 1345/1345/1345 1346/1346/1346 1333/1333/1333
f 1343/1343/1343 1344/1344/1344 1337/1337/1337
f 1317/1317/1317 1318/1318/1318 1320/1320/1320
f 1341/1341/1341 1342/1342/1342 1331/1331/1331
f 1309/1309/1309 1311/1311/1311 1319/1319/1319
f 1339/1339/1339 1340/1340/1340 1316/1316/1316
f 1337/1337/1337 1338/1338/1338 1339/1339/1339
f 1334/1334/1334 1335/1335/1335 1336/1336/1336
f 1331/1331/1331 1332/1332/1332 1333/1333/1333
f 1326/1326/1326 1329/1329/1329 1330/1330/1330
f 1328/1328/1328 1327/1327/1327 1325/1325/1325
f 1326/1326/1326 1325/1325/1325 1327/1327/1327
f 1324/1324/1324 1325/1325/1325 1326/1326/1326
f 1321/1321/1321 1322/1322/1322 1323/1323/1323
f 1318/1318/1318 1319/1319/1319 1320/1320/1320
f 1315/1315/1315 1316/1316/1316 1317/1317/1317
f 1312/1312/1312 1313/1313/1313 1314/1314/1314
f 1309/1309/1309 1310/1310/1310 1311/1311/1311
f 1247/1247/1247 1308/1308/1308 1240/1240/1240
f 1274/1274/1274 1295/1295/1295 1249/1249/1249
f 1278/1278/1278 1263/1263/1263 1261/1261/1261
f 1296/1296/1296 1270/1270/1270 1244/1244/1244
f 1240/1240/1240 1308/1308/1308 1238/1238/1238
f 1262/1262/1262 1270/1270/1270 1298/1298/1298
f 1294/1294/1294 1308/1308/1308 1247/1247/1247
f 1300/1300/1300 1292/1292/1292 1294/1294/1294
f 1300/1300/1300 1249/1249/1249 1302/1302/1302
f 1275/1275/1275 1264/1264/1264 1282/1282/1282
f 1293/1293/1293 1238/1238/1238 1308/1308/1308
f 1249/1249/1249 1306/1306/1306 1302/1302/1302
f 1247/1247/1247 1300/1300/1300 1294/1294/1294
f 1270/1270/1270 1293/1293/1293 1298/1298/1298
f 1249/1249/1249 1300/1300/1300 1247/1247/1247
f 1238/1238/1238 1296/1296/1296 1244/1244/1244
f 1248/1248/1248 1251/1251/1251 1265/1265/1265
f 1251/1251/1251 1256/1256/1256 1265/1265/1265
f 1241/1241/1241 1243/1243/1243 1301/1301/1301
f 1302/1302/1302 1306/1306/1306 1301/1301/1301
f 1308/1308/1308 1294/1294/1294 1293/1293/1293
f 1297/1297/1297 1243/1243/1243 1298/1298/1298
f 1302/1302/1302 1297/1297/1297 1300/1300/1300
f 1306/1306/1306 1295/1295/1295 1301/1301/1301
f 1299/1299/1299 1307/1307/1307 1304/1304/1304
f 1256/1256/1256 1251/1251/1251 1250/1250/1250
f 1307/1307/1307 1299/1299/1299 1289/1289/1289
f 1289/1289/1289 1303/1303/1303 1307/1307/1307
f 1305/1305/1305 1291/1291/1291 1299/1299/1299
f 1304/1304/1304 1307/1307/1307 1303/1303/1303
f 1254/1254/1254 1267/1267/1267 1255/1255/1255
f 1249/1249/1249 1295/1295/1295 1306/1306/1306
f 1280/1280/1280 1257/1257/1257 1272/1272/1272
f 1291/1291/1291 1305/1305/1305 1285/1285/1285
f 1241/1241/1241 1301/1301/1301 1295/1295/1295
f 1279/1279/1279 1253/1253/1253 1291/1291/1291
f 1286/1286/1286 1254/1254/1254 1261/1261/1261
f 1248/1248/1248 1240/1240/1240 1239/1239/1239
f 1304/1304/1304 1305/1305/1305 1299/1299/1299
f 1285/1285/1285 1279/1279/1279 1291/1291/1291
f 1303/1303/1303 1289/1289/1289 1288/1288/1288
f 1296/1296/1296 1293/1293/1293 1270/1270/1270
f 1243/1243/1243 1297/1297/1297 1302/1302/1302
f 1262/1262/1262 1298/1298/1298 1243/1243/1243
f 1280/1280/1280 1267/1267/1267 1295/1295/1295
f 1301/1301/1301 1243/1243/1243 1302/1302/1302
f 1290/1290/1290 1253/1253/1253 1255/1255/1255
f 1291/1291/1291 1290/1290/1290 1299/1299/1299
f 1300/1300/1300 1297/1297/1297 1292/1292/1292
f 1290/1290/1290 1289/1289/1289 1299/1299/1299
f 1288/1288/1288 1255/1255/1255 1267/1267/1267
f 1267/1267/1267 1241/1241/1241 1295/1295/1295
f 1297/1297/1297 1293/1293/1293 1292/1292/1292
f 1293/1293/1293 1297/1297/1297 1298/1298/1298
f 1293/1293/1293 1296/1296/1296 1238/1238/1238
f 1280/1280/1280 1295/1295/1295 1274/1274/1274
f 1292/1292/1292 1293/1293/1293 1294/1294/1294
f 1268/1268/1268 1267/1267/1267 1254/1254/1254
f 1289/1289/1289 1290/1290/1290 1255/1255/1255
f 1290/1290/1290 1291/1291/1291 1253/1253/1253
f 1283/1283/1283 1271/1271/1271 1287/1287/1287
f 1255/1255/1255 1288/1288/1288 1289/1289/1289
f 1266/1266/1266 1275/1275/1275 1277/1277/1277
f 1261/1261/1261 1258/1258/1258 1286/1286/1286
f 1285/1285/1285 1281/1281/1281 1279/1279/1279
f 1268/1268/1268 1242/1242/1242 1241/1241/1241
f 1279/1279/1279 1278/1278/1278 1253/1253/1253
f 1260/1260/1260 1286/1286/1286 1258/1258/1258
f 1282/1282/1282 1281/1281/1281 1284/1284/1284
f 1281/1281/1281 1263/1263/1263 1279/1279/1279
f 1258/1258/1258 1261/1261/1261 1263/1263/1263
f 1262/1262/1262 1286/1286/1286 1270/1270/1270
f 1266/1266/1266 1287/1287/1287 1271/1271/1271
f 1271/1271/1271 1286/1286/1286 1266/1266/1266
f 1263/1263/1263 1259/1259/1259 1258/1258/1258
f 1264/1264/1264 1275/1275/1275 1259/1259/1259
f 1268/1268/1268 1254/1254/1254 1242/1242/1242
f 1270/1270/1270 1286/1286/1286 1271/1271/1271
f 1278/1278/1278 1261/1261/1261 1253/1253/1253
f 1266/1266/1266 1286/1286/1286 1260/1260/1260
f 1271/1271/1271 1273/1273/1273 1244/1244/1244
f 1264/1264/1264 1263/1263/1263 1281/1281/1281
f 1256/1256/1256 1245/1245/1245 1265/1265/1265
f 1282/1282/1282 1276/1276/1276 1275/1275/1275
f 1262/1262/1262 1242/1242/1242 1254/1254/1254
f 1262/1262/1262 1254/1254/1254 1286/1286/1286
f 1273/1273/1273 1252/1252/1252 1251/1251/1251
f 1284/1284/1284 1281/1281/1281 1285/1285/1285
f 1273/1273/1273 1271/1271/1271 1283/1283/1283
f 1275/1275/1275 1266/1266/1266 1259/1259/1259
f 1281/1281/1281 1282/1282/1282 1264/1264/1264
f 1274/1274/1274 1257/1257/1257 1280/1280/1280
f 1239/1239/1239 1273/1273/1273 1251/1251/1251
f 1278/1278/1278 1279/1279/1279 1263/1263/1263
f 1239/1239/1239 1251/1251/1251 1248/1248/1248
f 1275/1275/1275 1276/1276/1276 1277/1277/1277
f 1249/1249/1249 1257/1257/1257 1274/1274/1274
f 1273/1273/1273 1239/1239/1239 1244/1244/1244
f 1250/1250/1250 1269/1269/1269 1256/1256/1256
f 1272/1272/1272 1257/1257/1257 1269/1269/1269
f 1249/1249/1249 1245/1245/1245 1257/1257/1257
f 1244/1244/1244 1270/1270/1270 1271/1271/1271
f 1257/1257/1257 1256/1256/1256 1269/1269/1269
f 1241/1241/1241 1267/1267/1267 1268/1268/1268
f 1259/1259/1259 1266/1266/1266 1260/1260/1260
f 1265/1265/1265 1245/1245/1245 1248/1248/1248
f 1259/1259/1259 1263/1263/1263 1264/1264/1264
f 1243/1243/1243 1242/1242/1242 1262/1262/1262
f 1254/1254/1254 1253/1253/1253 1261/1261/1261
f 1258/1258/1258 1259/1259/1259 1260/1260/1260
f 1245/1245/1245 1256/1256/1256 1257/1257/1257
f 1253/1253/1253 1254/1254/1254 1255/1255/1255
f 1250/1250/1250 1251/1251/1251 1252/1252/1252
f 1246/1246/1246 1240/1240/1240 1248/1248/1248
f 1245/1245/1245 1249/1249/1249 1247/1247/1247
f 1246/1246/1246 1248/1248/1248 1245/1245/1245
f 1247/1247/1247 1240/1240/1240 1245/1245/1245
f 1245/1245/1245 1240/1240/1240 1246/1246/1246
f 1239/1239/1239 1238/1238/1238 1244/1244/1244
f 1241/1241/1241 1242/1242/1242 1243/1243/1243
f 1238/1238/1238 1239/1239/1239 1240/1240/1240
f 1165/1165/1165 1202/1202/1202 1166/1166/1166
f 1236/1236/1236 1226/1226/1226 1194/1194/1194
f 1187/1187/1187 1201/1201/1201 1237/1237/1237
f 1226/1226/1226 1207/1207/1207 1194/1194/1194
f 1207/1207/1207 1195/1195/1195 1194/1194/1194
f 690/690/690 691/691/691 692/692/692
f 1202/1202/1202 1235/1235/1235 1222/1222/1222
f 1224/1224/1224 1166/1166/1166 1222/1222/1222
f 1194/1194/1194 1196/1196/1196 1236/1236/1236
f 1207/1207/1207 1227/1227/1227 1220/1220/1220
f 1215/1215/1215 1192/1192/1192 1218/1218/1218
f 693/693/693 694/694/694 695/695/695
f 696/696/696 697/697/697 698/698/698
f 1235/1235/1235 1202/1202/1202 1212/1212/1212
f 1205/1205/1205 1202/1202/1202 1233/1233/1233
f 1206/1206/1206 1205/1205/1205 1233/1233/1233
f 697/697/697 696/696/696 699/699/699
f 1182/1182/1182 1170/1170/1170 1172/1172/1172
f 1233/1233/1233 1202/1202/1202 1203/1203/1203
f 1191/1191/1191 1218/1218/1218 1192/1192/1192
f 698/698/698 700/700/700 701/701/701
f 1180/1180/1180 1225/1225/1225 1234/1234/1234
f 1233/1233/1233 1231/1231/1231 1206/1206/1206
f 1215/1215/1215 1232/1232/1232 1214/1214/1214
f 1206/1206/1206 1231/1231/1231 1204/1204/1204
f 698/698/698 701/701/701 696/696/696
f 1163/1163/1163 1162/1162/1162 1167/1167/1167
f 702/702/702 693/693/693 695/695/695
f 700/700/700 698/698/698 703/703/703
f 1229/1229/1229 1209/1209/1209 1211/1211/1211
f 1174/1174/1174 1173/1173/1173 1168/1168/1168
f 704/704/704 705/705/705 706/706/706
f 1188/1188/1188 1228/1228/1228 1200/1200/1200
f 704/704/704 707/707/707 694/694/694
f 1219/1219/1219 1216/1216/1216 1221/1221/1221
f 1198/1198/1198 1203/1203/1203 1165/1165/1165
f 1166/1166/1166 1224/1224/1224 1186/1186/1186
f 1228/1228/1228 1211/1211/1211 1200/1200/1200
f 1163/1163/1163 1167/1167/1167 1199/1199/1199
f 1211/1211/1211 1228/1228/1228 1229/1229/1229
f 1207/1207/1207 1226/1226/1226 1227/1227/1227
f 1174/1174/1174 1168/1168/1168 1167/1167/1167
f 1213/1213/1213 1195/1195/1195 1207/1207/1207
f 708/708/708 704/704/704 706/706/706
f 1186/1186/1186 1209/1209/1209 1183/1183/1183
f 1195/1195/1195 1213/1213/1213 1197/1197/1197
f 709/709/709 708/708/708 706/706/706
f 1174/1174/1174 1188/1188/1188 1200/1200/1200
f 704/704/704 708/708/708 707/707/707
f 1211/1211/1211 1209/1209/1209 1210/1210/1210
f 1193/1193/1193 1216/1216/1216 1219/1219/1219
f 1189/1189/1189 1197/1197/1197 1213/1213/1213
f 707/707/707 708/708/708 710/710/710
f 1190/1190/1190 1213/1213/1213 1207/1207/1207
f 1168/1168/1168 1189/1189/1189 1169/1169/1169
f 711/711/711 712/712/712 709/709/709
f 1216/1216/1216 1211/1211/1211 1221/1221/1221
f 1224/1224/1224 1223/1223/1223 1186/1186/1186
f 1186/1186/1186 1223/1223/1223 1210/1210/1210
f 1181/1181/1181 1190/1190/1190 1170/1170/1170
f 1193/1193/1193 1219/1219/1219 1191/1191/1191
f 1166/1166/1166 1202/1202/1202 1222/1222/1222
f 1210/1210/1210 1221/1221/1221 1211/1211/1211
f 1163/1163/1163 1199/1199/1199 1181/1181/1181
f 1207/1207/1207 1220/1220/1220 1208/1208/1208
f 1211/1211/1211 1175/1175/1175 1200/1200/1200
f 1217/1217/1217 1191/1191/1191 1219/1219/1219
f 709/709/709 712/712/712 708/708/708
f 1217/1217/1217 1218/1218/1218 1191/1191/1191
f 1201/1201/1201 1182/1182/1182 1172/1172/1172
f 1216/1216/1216 1193/1193/1193 1211/1211/1211
f 1190/1190/1190 1207/1207/1207 1171/1171/1171
f 713/713/713 708/708/708 712/712/712
f 1214/1214/1214 1192/1192/1192 1215/1215/1215
f 708/708/708 713/713/713 710/710/710
f 1190/1190/1190 1189/1189/1189 1213/1213/1213
f 1202/1202/1202 1205/1205/1205 1212/1212/1212
f 1193/1193/1193 1175/1175/1175 1211/1211/1211
f 714/714/714 715/715/715 716/716/716
f 1181/1181/1181 1169/1169/1169 1189/1189/1189
f 1209/1209/1209 1186/1186/1186 1210/1210/1210
f 1208/1208/1208 1172/1172/1172 1171/1171/1171
f 1207/1207/1207 1208/1208/1208 1171/1171/1171
f 1169/1169/1169 1181/1181/1181 1199/1199/1199
f 1167/1167/1167 1188/1188/1188 1174/1174/1174
f 1204/1204/1204 1205/1205/1205 1206/1206/1206
f 1175/1175/1175 1192/1192/1192 1173/1173/1173
f 1202/1202/1202 1165/1165/1165 1203/1203/1203
f 1166/1166/1166 1186/1186/1186 1164/1164/1164
f 1187/1187/1187 1182/1182/1182 1201/1201/1201
f 1198/1198/1198 1185/1185/1185 1177/1177/1177
f 1163/1163/1163 1181/1181/1181 1176/1176/1176
f 1198/1198/1198 1177/1177/1177 1179/1179/1179
f 717/717/717 715/715/715 714/714/714
f 718/718/718 719/719/719 715/715/715
f 1174/1174/1174 1200/1200/1200 1175/1175/1175
f 1167/1167/1167 1169/1169/1169 1199/1199/1199
f 719/719/719 718/718/718 720/720/720
f 721/721/721 720/720/720 718/718/718
f 695/695/695 688/688/688 722/722/722
f 702/702/702 695/695/695 723/723/723
f 1198/1198/1198 1165/1165/1165 1185/1185/1185
f 1189/1189/1189 1168/1168/1168 1197/1197/1197
f 1190/1190/1190 1171/1171/1171 1170/1170/1170
f 697/697/697 724/724/724 723/723/723
f 1194/1194/1194 1195/1195/1195 1196/1196/1196
f 722/722/722 723/723/723 695/695/695
f 683/683/683 682/682/682 725/725/725
f 1193/1193/1193 1192/1192/1192 1175/1175/1175
f 717/717/717 714/714/714 726/726/726
f 1191/1191/1191 1192/1192/1192 1193/1193/1193
f 1181/1181/1181 1189/1189/1189 1190/1190/1190
f 1162/1162/1162 1188/1188/1188 1167/1167/1167
f 1187/1187/1187 1176/1176/1176 1182/1182/1182
f 1183/1183/1183 1164/1164/1164 1186/1186/1186
f 1164/1164/1164 1185/1185/1185 1165/1165/1165
f 1181/1181/1181 1170/1170/1170 1182/1182/1182
f 717/717/717 718/718/718 715/715/715
f 1185/1185/1185 1164/1164/1164 1184/1184/1184
f 1183/1183/1183 1184/1184/1184 1164/1164/1164
f 1181/1181/1181 1182/1182/1182 1176/1176/1176
f 699/699/699 724/724/724 697/697/697
f 727/727/727 728/728/728 729/729/729
f 730/730/730 688/688/688 687/687/687
f 698/698/698 697/697/697 731/731/731
f 732/732/732 733/733/733 734/734/734
f 735/735/735 736/736/736 701/701/701
f 692/692/692 737/737/737 738/738/738
f 711/711/711 718/718/718 717/717/717
f 739/739/739 740/740/740 714/714/714
f 1177/1177/1177 1178/1178/1178 1179/1179/1179
f 1176/1176/1176 1161/1161/1161 1163/1163/1163
f 1173/1173/1173 1174/1174/1174 1175/1175/1175
f 739/739/739 741/741/741 740/740/740
f 1170/1170/1170 1171/1171/1171 1172/1172/1172
f 1167/1167/1167 1168/1168/1168 1169/1169/1169
f 717/717/717 726/726/726 742/742/742
f 718/718/718 711/711/711 709/709/709
f 1164/1164/1164 1165/1165/1165 1166/1166/1166
f 1161/1161/1161 1162/1162/1162 1163/1163/1163
f 1159/1159/1159 1160/1160/1160 1127/1127/1127
f 1110/1110/1110 1146/1146/1146 1111/1111/1111
f 1140/1140/1140 1152/1152/1152 1143/1143/1143
f 1126/1126/1126 1128/1128/1128 1108/1108/1108
f 1119/1119/1119 1122/1122/1122 1120/1120/1120
f 1134/1134/1134 1136/1136/1136 1129/1129/1129
f 1158/1158/1158 1147/1147/1147 1130/1130/1130
f 1117/1117/1117 1115/1115/1115 1114/1114/1114
f 1137/1137/1137 1156/1156/1156 1146/1146/1146
f 1159/1159/1159 1127/1127/1127 1116/1116/1116
f 1154/1154/1154 1157/1157/1157 1148/1148/1148
f 1148/1148/1148 1157/1157/1157 1130/1130/1130
f 1146/1146/1146 1148/1148/1148 1111/1111/1111
f 1159/1159/1159 1116/1116/1116 1113/1113/1113
f 1130/1130/1130 1111/1111/1111 1148/1148/1148
f 1126/1126/1126 1135/1135/1135 1134/1134/1134
f 1142/1142/1142 1141/1141/1141 1144/1144/1144
f 1143/1143/1143 1156/1156/1156 1137/1137/1137
f 1127/1127/1127 1160/1160/1160 1135/1135/1135
f 1134/1134/1134 1129/1129/1129 1128/1128/1128
f 1117/1117/1117 1112/1112/1112 1125/1125/1125
f 1109/1109/1109 1114/1114/1114 1113/1113/1113
f 1126/1126/1126 1127/1127/1127 1135/1135/1135
f 1134/1134/1134 1128/1128/1128 1126/1126/1126
f 1110/1110/1110 1114/1114/1114 1121/1121/1121
f 1115/1115/1115 1159/1159/1159 1113/1113/1113
f 1111/1111/1111 1130/1130/1130 1132/1132/1132
f 1140/1140/1140 1145/1145/1145 1152/1152/1152
f 1130/1130/1130 1157/1157/1157 1158/1158/1158
f 1108/1108/1108 1107/1107/1107 1126/1126/1126
f 1156/1156/1156 1149/1149/1149 1146/1146/1146
f 1137/1137/1137 1118/1118/1118 1138/1138/1138
f 1155/1155/1155 1149/1149/1149 1156/1156/1156
f 1108/1108/1108 1128/1128/1128 1121/1121/1121
f 1117/1117/1117 1110/1110/1110 1112/1112/1112
f 1124/1124/1124 1120/1120/1120 1122/1122/1122
f 1148/1148/1148 1149/1149/1149 1154/1154/1154
f 1146/1146/1146 1110/1110/1110 1122/1122/1122
f 1146/1146/1146 1122/1122/1122 1119/1119/1119
f 1150/1150/1150 1152/1152/1152 1145/1145/1145
f 1152/1152/1152 1151/1151/1151 1153/1153/1153
f 1145/1145/1145 1144/1144/1144 1150/1150/1150
f 1150/1150/1150 1151/1151/1151 1152/1152/1152
f 1113/1113/1113 1107/1107/1107 1109/1109/1109
f 1124/1124/1124 1121/1121/1121 1128/1128/1128
f 1126/1126/1126 1107/1107/1107 1116/1116/1116
f 1123/1123/1123 1122/1122/1122 1110/1110/1110
f 1145/1145/1145 1140/1140/1140 1142/1142/1142
f 1148/1148/1148 1146/1146/1146 1149/1149/1149
f 1130/1130/1130 1147/1147/1147 1131/1131/1131
f 1137/1137/1137 1146/1146/1146 1119/1119/1119
f 1142/1142/1142 1144/1144/1144 1145/1145/1145
f 1140/1140/1140 1137/1137/1137 1139/1139/1139
f 1121/1121/1121 1124/1124/1124 1123/1123/1123
f 1140/1140/1140 1143/1143/1143 1137/1137/1137
f 1140/1140/1140 1141/1141/1141 1142/1142/1142
f 1137/1137/1137 1119/1119/1119 1118/1118/1118
f 1121/1121/1121 1109/1109/1109 1108/1108/1108
f 1121/1121/1121 1123/1123/1123 1110/1110/1110
f 1137/1137/1137 1138/1138/1138 1139/1139/1139
f 1133/1133/1133 1136/1136/1136 1134/1134/1134
f 1133/1133/1133 1134/1134/1134 1135/1135/1135
f 1130/1130/1130 1131/1131/1131 1132/1132/1132
f 1124/1124/1124 1128/1128/1128 1129/1129/1129
f 1126/1126/1126 1116/1116/1116 1127/1127/1127
f 1115/1115/1115 1117/1117/1117 1125/1125/1125
f 1122/1122/1122 1123/1123/1123 1124/1124/1124
f 1114/1114/1114 1109/1109/1109 1121/1121/1121
f 1118/1118/1118 1119/1119/1119 1120/1120/1120
f 1117/1117/1117 1114/1114/1114 1110/1110/1110
f 1116/1116/1116 1107/1107/1107 1113/1113/1113
f 1113/1113/1113 1114/1114/1114 1115/1115/1115
f 1110/1110/1110 1111/1111/1111 1112/1112/1112
f 1107/1107/1107 1108/1108/1108 1109/1109/1109
f 997/997/997 1001/1001/1001 998/998/998
f 1052/1052/1052 1096/1096/1096 1050/1050/1050
f 1089/1089/1089 1100/1100/1100 1017/1017/1017
f 1074/1074/1074 1051/1051/1051 1104/1104/1104
f 1093/1093/1093 1106/1106/1106 1105/1105/1105
f 1069/1069/1069 1060/1060/1060 1089/1089/1089
f 1036/1036/1036 1066/1066/1066 1082/1082/1082
f 1084/1084/1084 1074/1074/1074 1104/1104/1104
f 1094/1094/1094 1077/1077/1077 1083/1083/1083
f 1044/1044/1044 1041/1041/1041 1000/1000/1000
f 1082/1082/1082 1066/1066/1066 1083/1083/1083
f 1100/1100/1100 1015/1015/1015 1017/1017/1017
f 1077/1077/1077 1094/1094/1094 1103/1103/1103
f 1089/1089/1089 1017/1017/1017 1101/1101/1101
f 1097/1097/1097 1001/1001/1001 997/997/997
f 1017/1017/1017 1016/1016/1016 1101/1101/1101
f 1059/1059/1059 1069/1069/1069 1101/1101/1101
f 1059/1059/1059 1101/1101/1101 1096/1096/1096
f 1051/1051/1051 1058/1058/1058 1052/1052/1052
f 1051/1051/1051 1063/1063/1063 1104/1104/1104
f 1092/1092/1092 1093/1093/1093 1105/1105/1105
f 1066/1066/1066 1036/1036/1036 1064/1064/1064
f 1045/1045/1045 1036/1036/1036 1082/1082/1082
f 1055/1055/1055 1094/1094/1094 1083/1083/1083
f 1101/1101/1101 1016/1016/1016 1062/1062/1062
f 1078/1078/1078 1077/1077/1077 1103/1103/1103
f 1063/1063/1063 1084/1084/1084 1104/1104/1104
f 1079/1079/1079 1070/1070/1070 1068/1068/1068
f 1071/1071/1071 1084/1084/1084 1078/1078/1078
f 1019/1019/1019 1010/1010/1010 1037/1037/1037
f 1071/1071/1071 1078/1078/1078 1103/1103/1103
f 1083/1083/1083 1077/1077/1077 1045/1045/1045
f 1103/1103/1103 1094/1094/1094 1071/1071/1071
f 1091/1091/1091 1090/1090/1090 1054/1054/1054
f 1077/1077/1077 1023/1023/1023 1045/1045/1045
f 1037/1037/1037 1010/1010/1010 1076/1076/1076
f 1073/1073/1073 1090/1090/1090 1056/1056/1056
f 1076/1076/1076 1063/1063/1063 1037/1037/1037
f 1043/1043/1043 1062/1062/1062 1016/1016/1016
f 1063/1063/1063 1050/1050/1050 1037/1037/1037
f 1076/1076/1076 1010/1010/1010 1009/1009/1009
f 1064/1064/1064 1056/1056/1056 1065/1065/1065
f 1062/1062/1062 1038/1038/1038 1096/1096/1096
f 1083/1083/1083 1066/1066/1066 1055/1055/1055
f 1091/1091/1091 1095/1095/1095 1090/1090/1090
f 1015/1015/1015 1088/1088/1088 1102/1102/1102
f 1069/1069/1069 1089/1089/1089 1101/1101/1101
f 1056/1056/1056 1095/1095/1095 1057/1057/1057
f 1084/1084/1084 1071/1071/1071 1074/1074/1074
f 1073/1073/1073 1053/1053/1053 1054/1054/1054
f 1015/1015/1015 1102/1102/1102 1098/1098/1098
f 1088/1088/1088 1100/1100/1100 1089/1089/1089
f 1062/1062/1062 1096/1096/1096 1101/1101/1101
f 1098/1098/1098 1031/1031/1031 1015/1015/1015
f 1100/1100/1100 1088/1088/1088 1015/1015/1015
f 1059/1059/1059 1096/1096/1096 1052/1052/1052
f 1013/1013/1013 1053/1053/1053 1029/1029/1029
f 1053/1053/1053 1036/1036/1036 1029/1029/1029
f 1058/1058/1058 1051/1051/1051 1074/1074/1074
f 1003/1003/1003 1002/1002/1002 1099/1099/1099
f 1031/1031/1031 1098/1098/1098 1004/1004/1004
f 1011/1011/1011 1045/1045/1045 1023/1023/1023
f 1065/1065/1065 1056/1056/1056 1055/1055/1055
f 1001/1001/1001 1097/1097/1097 1093/1093/1093
f 1091/1091/1091 1057/1057/1057 1095/1095/1095
f 1075/1075/1075 1009/1009/1009 1023/1023/1023
f 1038/1038/1038 1050/1050/1050 1096/1096/1096
f 1090/1090/1090 1095/1095/1095 1056/1056/1056
f 1055/1055/1055 1071/1071/1071 1094/1094/1094
f 1093/1093/1093 1092/1092/1092 1001/1001/1001
f 1044/1044/1044 1001/1001/1001 1092/1092/1092
f 1057/1057/1057 1091/1091/1091 1087/1087/1087
f 1061/1061/1061 1060/1060/1060 1058/1058/1058
f 1080/1080/1080 1049/1049/1049 1070/1070/1070
f 1074/1074/1074 1061/1061/1061 1058/1058/1058
f 1054/1054/1054 1090/1090/1090 1073/1073/1073
f 1058/1058/1058 1060/1060/1060 1069/1069/1069
f 1088/1088/1088 1089/1089/1089 1060/1060/1060
f 1072/1072/1072 1057/1057/1057 1087/1087/1087
f 1061/1061/1061 1071/1071/1071 1048/1048/1048
f 1067/1067/1067 1072/1072/1072 1085/1085/1085
f 1084/1084/1084 1063/1063/1063 1075/1075/1075
f 1067/1067/1067 1071/1071/1071 1072/1072/1072
f 1048/1048/1048 1068/1068/1068 1070/1070/1070
f 1075/1075/1075 1023/1023/1023 1077/1077/1077
f 1085/1085/1085 1072/1072/1072 1086/1086/1086
f 1075/1075/1075 1078/1078/1078 1084/1084/1084
f 1065/1065/1065 1055/1055/1055 1066/1066/1066
f 1082/1082/1082 1083/1083/1083 1045/1045/1045
f 1067/1067/1067 1048/1048/1048 1071/1071/1071
f 1040/1040/1040 1022/1022/1022 1025/1025/1025
f 1063/1063/1063 1076/1076/1076 1075/1075/1075
f 1081/1081/1081 1080/1080/1080 1079/1079/1079
f 1070/1070/1070 1079/1079/1079 1080/1080/1080
f 1077/1077/1077 1078/1078/1078 1075/1075/1075
f 1036/1036/1036 1073/1073/1073 1064/1064/1064
f 1075/1075/1075 1076/1076/1076 1009/1009/1009
f 1022/1022/1022 1040/1040/1040 1034/1034/1034
f 1064/1064/1064 1073/1073/1073 1056/1056/1056
f 1071/1071/1071 1061/1061/1061 1074/1074/1074
f 1036/1036/1036 1053/1053/1053 1073/1073/1073
f 1060/1060/1060 1048/1048/1048 1047/1047/1047
f 1055/1055/1055 1057/1057/1057 1072/1072/1072
f 1071/1071/1071 1055/1055/1055 1072/1072/1072
f 1034/1034/1034 1040/1040/1040 1039/1039/1039
f 1014/1014/1014 1011/1011/1011 1042/1042/1042
f 1070/1070/1070 1049/1049/1049 1048/1048/1048
f 1036/1036/1036 1045/1045/1045 1014/1014/1014
f 1069/1069/1069 1059/1059/1059 1058/1058/1058
f 1050/1050/1050 1038/1038/1038 1037/1037/1037
f 1030/1030/1030 1042/1042/1042 1011/1011/1011
f 1030/1030/1030 1011/1011/1011 1019/1019/1019
f 1046/1046/1046 1024/1024/1024 1042/1042/1042
f 1067/1067/1067 1068/1068/1068 1048/1048/1048
f 1064/1064/1064 1065/1065/1065 1066/1066/1066
f 1030/1030/1030 1046/1046/1046 1042/1042/1042
f 1032/1032/1032 1000/1000/1000 1041/1041/1041
f 1063/1063/1063 1051/1051/1051 1050/1050/1050
f 1046/1046/1046 1033/1033/1033 1025/1025/1025
f 1062/1062/1062 1043/1043/1043 1038/1038/1038
f 1019/1019/1019 1038/1038/1038 1007/1007/1007
f 1013/1013/1013 1020/1020/1020 1053/1053/1053
f 1040/1040/1040 1025/1025/1025 1033/1033/1033
f 1048/1048/1048 1060/1060/1060 1061/1061/1061
f 1046/1046/1046 1030/1030/1030 1018/1018/1018
f 1058/1058/1058 1059/1059/1059 1052/1052/1052
f 1055/1055/1055 1056/1056/1056 1057/1057/1057
f 1032/1032/1032 998/998/998 1000/1000/1000
f 1032/1032/1032 1040/1040/1040 1033/1033/1033
f 1033/1033/1033 1046/1046/1046 1018/1018/1018
f 1043/1043/1043 1008/1008/1008 1038/1038/1038
f 1033/1033/1033 1018/1018/1018 1006/1006/1006
f 1053/1053/1053 1020/1020/1020 1054/1054/1054
f 1050/1050/1050 1051/1051/1051 1052/1052/1052
f 1047/1047/1047 1048/1048/1048 1049/1049/1049
f 1016/1016/1016 1028/1028/1028 1043/1043/1043
f 1035/1035/1035 1005/1005/1005 1027/1027/1027
f 1028/1028/1028 1016/1016/1016 1015/1015/1015
f 1024/1024/1024 1046/1046/1046 1025/1025/1025
f 1045/1045/1045 1011/1011/1011 1014/1014/1014
f 1032/1032/1032 1006/1006/1006 998/998/998
f 1044/1044/1044 1000/1000/1000 1001/1001/1001
f 1043/1043/1043 1028/1028/1028 1008/1008/1008
f 1028/1028/1028 1027/1027/1027 1008/1008/1008
f 1008/1008/1008 1007/1007/1007 1038/1038/1038
f 1006/1006/1006 1035/1035/1035 998/998/998
f 1005/1005/1005 1035/1035/1035 1006/1006/1006
f 1028/1028/1028 1015/1015/1015 1031/1031/1031
f 1005/1005/1005 1008/1008/1008 1027/1027/1027
f 1041/1041/1041 1040/1040/1040 1032/1032/1032
f 1025/1025/1025 1022/1022/1022 1012/1012/1012
f 1014/1014/1014 1042/1042/1042 1024/1024/1024
f 1039/1039/1039 1040/1040/1040 1041/1041/1041
f 1031/1031/1031 1004/1004/1004 1003/1003/1003
f 1037/1037/1037 1038/1038/1038 1019/1019/1019
f 1029/1029/1029 1036/1036/1036 1014/1014/1014
f 998/998/998 1035/1035/1035 999/999/999
f 1034/1034/1034 1021/1021/1021 1022/1022/1022
f 1006/1006/1006 1032/1032/1032 1033/1033/1033
f 1026/1026/1026 1028/1028/1028 1031/1031/1031
f 1024/1024/1024 1012/1012/1012 1014/1014/1014
f 1019/1019/1019 1018/1018/1018 1030/1030/1030
f 1013/1013/1013 1029/1029/1029 1014/1014/1014
f 1026/1026/1026 1027/1027/1027 1028/1028/1028
f 1024/1024/1024 1025/1025/1025 1012/1012/1012
f 1009/1009/1009 1011/1011/1011 1023/1023/1023
f 1019/1019/1019 1007/1007/1007 1018/1018/1018
f 1012/1012/1012 1022/1022/1022 1021/1021/1021
f 1012/1012/1012 1021/1021/1021 1020/1020/1020
f 1020/1020/1020 1013/1013/1013 1012/1012/1012
f 1010/1010/1010 1019/1019/1019 1011/1011/1011
f 1007/1007/1007 1006/1006/1006 1018/1018/1018
f 1015/1015/1015 1016/1016/1016 1017/1017/1017
f 1012/1012/1012 1013/1013/1013 1014/1014/1014
f 1009/1009/1009 1010/1010/1010 1011/1011/1011
f 1008/1008/1008 1005/1005/1005 1007/1007/1007
f 1005/1005/1005 1006/1006/1006 1007/1007/1007
f 1002/1002/1002 1003/1003/1003 1004/1004/1004
f 1000/1000/1000 998/998/998 1001/1001/1001
f 997/997/997 998/998/998 999/999/999
f 327/327/327 326/326/326 332/332/332
f 741/741/741 739/739/739 743/743/743
f 717/717/717 740/740/740 741/741/741
f 333/333/333 320/320/320 322/322/322
f 334/334/334 330/330/330 329/329/329
f 731/731/731 697/697/697 723/723/723
f 703/703/703 698/698/698 731/731/731
f 335/335/335 336/336/336 337/337/337
f 681/681/681 684/684/684 744/744/744
f 338/338/338 339/339/339 316/316/316
f 679/679/679 735/735/735 685/685/685
f 340/340/340 341/341/341 342/342/342
f 722/722/722 730/730/730 703/703/703
f 731/731/731 722/722/722 703/703/703
f 343/343/343 344/344/344 345/345/345
f 346/346/346 343/343/343 347/347/347
f 745/745/745 686/686/686 746/746/746
f 348/348/348 349/349/349 350/350/350
f 730/730/730 722/722/722 688/688/688
f 700/700/700 746/746/746 686/686/686
f 679/679/679 747/747/747 735/735/735
f 340/340/340 351/351/351 352/352/352
f 731/731/731 723/723/723 722/722/722
f 335/335/335 353/353/353 354/354/354
f 355/355/355 323/323/323 356/356/356
f 323/323/323 317/317/317 357/357/357
f 358/358/358 359/359/359 360/360/360
f 335/335/335 354/354/354 336/336/336
f 747/747/747 748/748/748 735/735/735
f 361/361/361 362/362/362 363/363/363
f 319/319/319 318/318/318 364/364/364
f 701/701/701 685/685/685 735/735/735
f 749/749/749 725/725/725 682/682/682
f 692/692/692 750/750/750 737/737/737
f 732/732/732 724/724/724 699/699/699
f 365/365/365 366/366/366 367/367/367
f 368/368/368 369/369/369 347/347/347
f 352/352/352 351/351/351 370/370/370
f 691/691/691 751/751/751 752/752/752
f 349/349/349 348/348/348 361/361/361
f 349/349/349 342/342/342 350/350/350
f 752/752/752 750/750/750 691/691/691
f 348/348/348 362/362/362 361/361/361
f 753/753/753 754/754/754 755/755/755
f 359/359/359 324/324/324 355/355/355
f 371/371/371 372/372/372 373/373/373
f 374/374/374 375/375/375 338/338/338
f 375/375/375 376/376/376 377/377/377
f 331/331/331 334/334/334 329/329/329
f 338/338/338 375/375/375 377/377/377
f 378/378/378 356/356/356 357/357/357
f 379/379/379 380/380/380 381/381/381
f 382/382/382 324/324/324 383/383/383
f 377/377/377 325/325/325 338/338/338
f 375/375/375 374/374/374 384/384/384
f 756/756/756 757/757/757 739/739/739
f 682/682/682 745/745/745 749/749/749
f 711/711/711 717/717/717 741/741/741
f 379/379/379 385/385/385 373/373/373
f 315/315/315 386/386/386 316/316/316
f 373/373/373 385/385/385 371/371/371
f 332/332/332 387/387/387 322/322/322
f 375/375/375 384/384/384 376/376/376
f 379/379/379 388/388/388 380/380/380
f 346/346/346 347/347/347 369/369/369
f 389/389/389 390/390/390 391/391/391
f 741/741/741 758/758/758 711/711/711
f 391/391/391 386/386/386 389/389/389
f 392/392/392 381/381/381 380/380/380
f 381/381/381 385/385/385 379/379/379
f 759/759/759 760/760/760 761/761/761
f 325/325/325 393/393/393 338/338/338
f 384/384/384 391/391/391 379/379/379
f 386/386/386 391/391/391 384/384/384
f 373/373/373 372/372/372 377/377/377
f 368/368/368 394/394/394 341/341/341
f 395/395/395 360/360/360 396/396/396
f 762/762/762 763/763/763 764/764/764
f 394/394/394 342/342/342 341/341/341
f 390/390/390 380/380/380 391/391/391
f 339/339/339 327/327/327 328/328/328
f 728/728/728 727/727/727 765/765/765
f 766/766/766 767/767/767 768/768/768
f 397/397/397 398/398/398 399/399/399
f 740/740/740 717/717/717 742/742/742
f 379/379/379 391/391/391 388/388/388
f 990/990/990 992/992/992 995/995/995
f 993/993/993 996/996/996 992/992/992
f 769/769/769 728/728/728 765/765/765
f 995/995/995 992/992/992 996/996/996
f 745/745/745 746/746/746 703/703/703
f 703/703/703 746/746/746 700/700/700
f 744/744/744 683/683/683 770/770/770
f 748/748/748 733/733/733 735/735/735
f 771/771/771 769/769/769 772/772/772
f 769/769/769 765/765/765 772/772/772
f 773/773/773 774/774/774 775/775/775
f 776/776/776 738/738/738 777/777/777
f 778/778/778 749/749/749 779/779/779
f 780/780/780 728/728/728 781/781/781
f 770/770/770 778/778/778 782/782/782
f 783/783/783 751/751/751 784/784/784
f 358/358/358 400/400/400 363/363/363
f 752/752/752 783/783/783 785/785/785
f 781/781/781 728/728/728 769/769/769
f 786/786/786 787/787/787 766/766/766
f 788/788/788 737/737/737 750/750/750
f 738/738/738 789/789/789 790/790/790
f 791/791/791 792/792/792 793/793/793
f 783/783/783 782/782/782 785/785/785
f 792/792/792 794/794/794 795/795/795
f 783/783/783 784/784/784 782/782/782
f 796/796/796 766/766/766 787/787/787
f 715/715/715 754/754/754 797/797/797
f 736/736/736 696/696/696 701/701/701
f 733/733/733 699/699/699 736/736/736
f 700/700/700 686/686/686 685/685/685
f 992/992/992 989/989/989 994/994/994
f 683/683/683 744/744/744 684/684/684
f 736/736/736 699/699/699 696/696/696
f 685/685/685 701/701/701 700/700/700
f 768/768/768 753/753/753 786/786/786
f 755/755/755 715/715/715 719/719/719
f 987/987/987 989/989/989 988/988/988
f 689/689/689 798/798/798 799/799/799
f 989/989/989 987/987/987 994/994/994
f 754/754/754 715/715/715 755/755/755
f 799/799/799 687/687/687 689/689/689
f 715/715/715 797/797/797 716/716/716
f 771/771/771 761/761/761 769/769/769
f 770/770/770 773/773/773 775/775/775
f 766/766/766 768/768/768 786/786/786
f 800/800/800 801/801/801 802/802/802
f 788/788/788 782/782/782 778/778/778
f 736/736/736 735/735/735 733/733/733
f 992/992/992 994/994/994 993/993/993
f 750/750/750 692/692/692 691/691/691
f 785/785/785 750/750/750 752/752/752
f 379/379/379 373/373/373 376/376/376
f 780/780/780 738/738/738 776/776/776
f 682/682/682 684/684/684 745/745/745
f 803/803/803 777/777/777 738/738/738
f 391/391/391 380/380/380 388/388/388
f 377/377/377 372/372/372 401/401/401
f 681/681/681 775/775/775 766/766/766
f 769/769/769 761/761/761 781/781/781
f 760/760/760 790/790/790 789/789/789
f 750/750/750 785/785/785 788/788/788
f 793/793/793 804/804/804 791/791/791
f 989/989/989 992/992/992 990/990/990
f 988/988/988 989/989/989 991/991/991
f 728/728/728 780/780/780 729/729/729
f 805/805/805 800/800/800 795/795/795
f 984/984/984 988/988/988 991/991/991
f 986/986/986 987/987/987 984/984/984
f 989/989/989 990/990/990 991/991/991
f 984/984/984 987/987/987 988/988/988
f 984/984/984 985/985/985 986/986/986
f 761/761/761 760/760/760 789/789/789
f 370/370/370 402/402/402 352/352/352
f 401/401/401 325/325/325 377/377/377
f 374/374/374 386/386/386 384/384/384
f 351/351/351 349/349/349 370/370/370
f 773/773/773 784/784/784 774/774/774
f 325/325/325 327/327/327 393/393/393
f 317/317/317 403/403/403 404/404/404
f 390/390/390 405/405/405 406/406/406
f 405/405/405 407/407/407 406/406/406
f 408/408/408 409/409/409 410/410/410
f 411/411/411 357/357/357 404/404/404
f 748/748/748 806/806/806 733/733/733
f 409/409/409 412/412/412 413/413/413
f 382/382/382 414/414/414 364/364/364
f 380/380/380 415/415/415 392/392/392
f 409/409/409 408/408/408 412/412/412
f 410/410/410 415/415/415 408/408/408
f 416/416/416 413/413/413 412/412/412
f 805/805/805 801/801/801 800/800/800
f 681/681/681 744/744/744 775/775/775
f 781/781/781 789/789/789 738/738/738
f 796/796/796 681/681/681 766/766/766
f 770/770/770 782/782/782 784/784/784
f 764/764/764 767/767/767 774/774/774
f 406/406/406 412/412/412 408/408/408
f 760/760/760 763/763/763 790/790/790
f 758/758/758 802/802/802 801/801/801
f 767/767/767 766/766/766 775/775/775
f 792/792/792 795/795/795 793/793/793
f 412/412/412 406/406/406 416/416/416
f 415/415/415 390/390/390 408/408/408
f 768/768/768 767/767/767 807/807/807
f 770/770/770 775/775/775 744/744/744
f 714/714/714 756/756/756 739/739/739
f 405/405/405 390/390/390 389/389/389
f 406/406/406 408/408/408 390/390/390
f 315/315/315 314/314/314 405/405/405
f 380/380/380 390/390/390 415/415/415
f 417/417/417 418/418/418 419/419/419
f 350/350/350 342/342/342 394/394/394
f 407/407/407 416/416/416 406/406/406
f 405/405/405 314/314/314 407/407/407
f 389/389/389 315/315/315 405/405/405
f 751/751/751 691/691/691 808/808/808
f 774/774/774 762/762/762 764/764/764
f 690/690/690 738/738/738 790/790/790
f 420/420/420 334/334/334 421/421/421
f 808/808/808 763/763/763 762/762/762
f 763/763/763 808/808/808 691/691/691
f 796/796/796 679/679/679 681/681/681
f 775/775/775 774/774/774 767/767/767
f 751/751/751 774/774/774 784/784/784
f 738/738/738 780/780/780 781/781/781
f 421/421/421 334/334/334 422/422/422
f 423/423/423 421/421/421 422/422/422
f 402/402/402 424/424/424 419/419/419
f 425/425/425 426/426/426 348/348/348
f 427/427/427 358/358/358 362/362/362
f 394/394/394 336/336/336 428/428/428
f 404/404/404 357/357/357 317/317/317
f 350/350/350 429/429/429 425/425/425
f 763/763/763 690/690/690 790/790/790
f 767/767/767 760/760/760 759/759/759
f 772/772/772 765/765/765 727/727/727
f 683/683/683 725/725/725 778/778/778
f 684/684/684 680/680/680 686/686/686
f 764/764/764 760/760/760 767/767/767
f 745/745/745 684/684/684 686/686/686
f 733/733/733 732/732/732 699/699/699
f 773/773/773 770/770/770 784/784/784
f 691/691/691 690/690/690 763/763/763
f 751/751/751 808/808/808 774/774/774
f 680/680/680 684/684/684 681/681/681
f 781/781/781 761/761/761 789/789/789
f 760/760/760 764/764/764 763/763/763
f 751/751/751 783/783/783 752/752/752
f 847/847/847 857/857/857 947/947/947
f 856/856/856 895/895/895 857/857/857
f 947/947/947 846/846/846 945/945/945
f 891/891/891 881/881/881 883/883/883
f 846/846/846 889/889/889 844/844/844
f 920/920/920 901/901/901 918/918/918
f 854/854/854 851/851/851 903/903/903
f 929/929/929 933/933/933 863/863/863
f 876/876/876 936/936/936 956/956/956
f 889/889/889 846/846/846 857/857/857
f 927/927/927 867/867/867 921/921/921
f 887/887/887 847/847/847 947/947/947
f 968/968/968 983/983/983 969/969/969
f 853/853/853 855/855/855 901/901/901
f 952/952/952 950/950/950 949/949/949
f 877/877/877 936/936/936 876/876/876
f 876/876/876 869/869/869 868/868/868
f 940/940/940 911/911/911 933/933/933
f 962/962/962 848/848/848 888/888/888
f 867/867/867 927/927/927 928/928/928
f 850/850/850 919/919/919 858/858/858
f 850/850/850 920/920/920 919/919/919
f 871/871/871 877/877/877 957/957/957
f 975/975/975 976/976/976 926/926/926
f 872/872/872 871/871/871 957/957/957
f 956/956/956 944/944/944 980/980/980
f 947/947/947 966/966/966 887/887/887
f 887/887/887 972/972/972 899/899/899
f 970/970/970 976/976/976 975/975/975
f 960/960/960 877/877/877 868/868/868
f 874/874/874 904/904/904 908/908/908
f 928/928/928 859/859/859 867/867/867
f 888/888/888 899/899/899 968/968/968
f 906/906/906 935/935/935 937/937/937
f 982/982/982 907/907/907 886/886/886
f 977/977/977 905/905/905 982/982/982
f 878/878/878 886/886/886 885/885/885
f 982/982/982 886/886/886 978/978/978
f 962/962/962 944/944/944 848/848/848
f 979/979/979 977/977/977 982/982/982
f 855/855/855 979/979/979 872/872/872
f 982/982/982 978/978/978 872/872/872
f 878/878/878 978/978/978 886/886/886
f 980/980/980 962/962/962 974/974/974
f 854/854/854 977/977/977 855/855/855
f 982/982/982 872/872/872 979/979/979
f 907/907/907 902/902/902 886/886/886
f 907/907/907 982/982/982 905/905/905
f 961/961/961 981/981/981 974/974/974
f 948/948/948 973/973/973 949/949/949
f 973/973/973 948/948/948 968/968/968
f 858/858/858 919/919/919 922/922/922
f 916/916/916 874/874/874 935/935/935
f 859/859/859 922/922/922 919/919/919
f 888/888/888 968/968/968 948/948/948
f 962/962/962 980/980/980 944/944/944
f 851/851/851 854/854/854 852/852/852
f 936/936/936 877/877/877 871/871/871
f 957/957/957 900/900/900 855/855/855
f 855/855/855 977/977/977 979/979/979
f 978/978/978 870/870/870 872/872/872
f 954/954/954 889/889/889 857/857/857
f 953/953/953 952/952/952 963/963/963
f 973/973/973 968/968/968 975/975/975
f 978/978/978 878/878/878 870/870/870
f 854/854/854 905/905/905 977/977/977
f 879/879/879 878/878/878 885/885/885
f 911/911/911 942/942/942 934/934/934
f 960/960/960 868/868/868 860/860/860
f 855/855/855 872/872/872 957/957/957
f 976/976/976 924/924/924 926/926/926
f 887/887/887 966/966/966 971/971/971
f 963/963/963 952/952/952 925/925/925
f 926/926/926 952/952/952 973/973/973
f 856/856/856 847/847/847 849/849/849
f 975/975/975 968/968/968 970/970/970
f 960/960/960 860/860/860 918/918/918
f 942/942/942 931/931/931 932/932/932
f 873/873/873 941/941/941 935/935/935
f 893/893/893 891/891/891 883/883/883
f 888/888/888 948/948/948 961/961/961
f 862/862/862 945/945/945 845/845/845
f 844/844/844 890/890/890 914/914/914
f 869/869/869 861/861/861 860/860/860
f 914/914/914 862/862/862 844/844/844
f 926/926/926 973/973/973 975/975/975
f 882/882/882 913/913/913 883/883/883
f 865/865/865 929/929/929 863/863/863
f 860/860/860 859/859/859 918/918/918
f 960/960/960 900/900/900 877/877/877
f 882/882/882 896/896/896 912/912/912
f 934/934/934 932/932/932 912/912/912
f 865/865/865 898/898/898 897/897/897
f 900/900/900 960/960/960 901/901/901
f 962/962/962 961/961/961 974/974/974
f 874/874/874 905/905/905 903/903/903
f 952/952/952 926/926/926 925/925/925
f 853/853/853 920/920/920 852/852/852
f 845/845/845 945/945/945 846/846/846
f 952/952/952 949/949/949 973/973/973
f 881/881/881 891/891/891 954/954/954
f 891/891/891 889/889/889 954/954/954
f 895/895/895 881/881/881 954/954/954
f 971/971/971 972/972/972 887/887/887
f 924/924/924 963/963/963 925/925/925
f 968/968/968 969/969/969 970/970/970
f 924/924/924 967/967/967 963/963/963
f 963/963/963 967/967/967 964/964/964
f 911/911/911 943/943/943 942/942/942
f 882/882/882 881/881/881 895/895/895
f 946/946/946 966/966/966 947/947/947
f 963/963/963 964/964/964 965/965/965
f 854/854/854 853/853/853 852/852/852
f 961/961/961 962/962/962 888/888/888
f 901/901/901 920/920/920 853/853/853
f 930/930/930 915/915/915 909/909/909
f 851/851/851 858/858/858 904/904/904
f 895/895/895 856/856/856 896/896/896
f 902/902/902 907/907/907 915/915/915
f 879/879/879 885/885/885 884/884/884
f 938/938/938 930/930/930 937/937/937
f 941/941/941 940/940/940 938/938/938
f 909/909/909 915/915/915 907/907/907
f 960/960/960 918/918/918 901/901/901
f 884/884/884 896/896/896 879/879/879
f 958/958/958 959/959/959 955/955/955
f 912/912/912 896/896/896 884/884/884
f 941/941/941 873/873/873 940/940/940
f 880/880/880 849/849/849 870/870/870
f 958/958/958 955/955/955 951/951/951
f 900/900/900 957/957/957 877/877/877
f 956/956/956 936/936/936 944/944/944
f 934/934/934 912/912/912 884/884/884
f 940/940/940 955/955/955 911/911/911
f 940/940/940 951/951/951 955/955/955
f 895/895/895 954/954/954 857/857/857
f 952/952/952 953/953/953 950/950/950
f 939/939/939 951/951/951 940/940/940
f 857/857/857 846/846/846 947/947/947
f 904/904/904 903/903/903 851/851/851
f 896/896/896 849/849/849 880/880/880
f 940/940/940 875/875/875 939/939/939
f 948/948/948 949/949/949 950/950/950
f 945/945/945 946/946/946 947/947/947
f 896/896/896 880/880/880 879/879/879
f 870/870/870 878/878/878 880/880/880
f 859/859/859 928/928/928 922/922/922
f 937/937/937 909/909/909 906/906/906
f 918/918/918 859/859/859 919/919/919
f 849/849/849 944/944/944 936/936/936
f 848/848/848 944/944/944 849/849/849
f 875/875/875 927/927/927 939/939/939
f 875/875/875 940/940/940 873/873/873
f 863/863/863 933/933/933 910/910/910
f 864/864/864 911/911/911 934/934/934
f 934/934/934 898/898/898 892/892/892
f 890/890/890 891/891/891 893/893/893
f 934/934/934 942/942/942 932/932/932
f 943/943/943 923/923/923 931/931/931
f 933/933/933 930/930/930 940/940/940
f 931/931/931 942/942/942 943/943/943
f 888/888/888 848/848/848 847/847/847
f 935/935/935 941/941/941 938/938/938
f 865/865/865 915/915/915 929/929/929
f 940/940/940 930/930/930 938/938/938
f 930/930/930 933/933/933 929/929/929
f 939/939/939 927/927/927 921/921/921
f 927/927/927 875/875/875 922/922/922
f 931/931/931 913/913/913 932/932/932
f 937/937/937 930/930/930 909/909/909
f 864/864/864 934/934/934 892/892/892
f 937/937/937 935/935/935 938/938/938
f 850/850/850 852/852/852 920/920/920
f 871/871/871 849/849/849 936/936/936
f 913/913/913 931/931/931 883/883/883
f 858/858/858 908/908/908 904/904/904
f 908/908/908 858/858/858 922/922/922
f 935/935/935 906/906/906 916/916/916
f 935/935/935 874/874/874 873/873/873
f 884/884/884 898/898/898 934/934/934
f 910/910/910 933/933/933 911/911/911
f 912/912/912 932/932/932 913/913/913
f 931/931/931 923/923/923 883/883/883
f 929/929/929 915/915/915 930/930/930
f 927/927/927 922/922/922 928/928/928
f 924/924/924 925/925/925 926/926/926
f 865/865/865 892/892/892 898/898/898
f 861/861/861 867/867/867 859/859/859
f 883/883/883 923/923/923 917/917/917
f 908/908/908 922/922/922 875/875/875
f 921/921/921 867/867/867 866/866/866
f 910/910/910 864/864/864 863/863/863
f 856/856/856 849/849/849 896/896/896
f 918/918/918 919/919/919 920/920/920
f 883/883/883 917/917/917 893/893/893
f 917/917/917 894/894/894 893/893/893
f 905/905/905 916/916/916 906/906/906
f 897/897/897 884/884/884 886/886/886
f 916/916/916 905/905/905 874/874/874
f 915/915/915 865/865/865 902/902/902
f 914/914/914 890/890/890 894/894/894
f 882/882/882 912/912/912 913/913/913
f 910/910/910 911/911/911 864/864/864
f 909/909/909 907/907/907 906/906/906
f 908/908/908 875/875/875 874/874/874
f 897/897/897 902/902/902 865/865/865
f 906/906/906 907/907/907 905/905/905
f 854/854/854 903/903/903 905/905/905
f 903/903/903 904/904/904 874/874/874
f 886/886/886 902/902/902 897/897/897
f 900/900/900 901/901/901 855/855/855
f 888/888/888 887/887/887 899/899/899
f 884/884/884 897/897/897 898/898/898
f 882/882/882 895/895/895 896/896/896
f 893/893/893 894/894/894 890/890/890
f 865/865/865 864/864/864 892/892/892
f 891/891/891 890/890/890 889/889/889
f 844/844/844 889/889/889 890/890/890
f 887/887/887 888/888/888 847/847/847
f 884/884/884 885/885/885 886/886/886
f 881/881/881 882/882/882 883/883/883
f 878/878/878 879/879/879 880/880/880
f 876/876/876 868/868/868 877/877/877
f 873/873/873 874/874/874 875/875/875
f 870/870/870 849/849/849 871/871/871
f 870/870/870 871/871/871 872/872/872
f 868/868/868 869/869/869 860/860/860
f 861/861/861 866/866/866 867/867/867
f 863/863/863 864/864/864 865/865/865
f 862/862/862 845/845/845 844/844/844
f 859/859/859 860/860/860 861/861/861
f 850/850/850 858/858/858 851/851/851
f 847/847/847 856/856/856 857/857/857
f 853/853/853 854/854/854 855/855/855
f 850/850/850 851/851/851 852/852/852
f 847/847/847 848/848/848 849/849/849
f 844/844/844 845/845/845 846/846/846
f 759/759/759 807/807/807 767/767/767
f 353/353/353 347/347/347 430/430/430
f 778/778/778 770/770/770 683/683/683
f 692/692/692 738/738/738 690/690/690
f 779/779/779 788/788/788 778/778/778
f 762/762/762 774/774/774 808/808/808
f 724/724/724 732/732/732 702/702/702
f 723/723/723 724/724/724 702/702/702
f 734/734/734 809/809/809 693/693/693
f 694/694/694 809/809/809 704/704/704
f 788/788/788 785/785/785 782/782/782
f 693/693/693 809/809/809 694/694/694
f 428/428/428 429/429/429 394/394/394
f 431/431/431 432/432/432 433/433/433
f 707/707/707 710/710/710 810/810/810
f 811/811/811 688/688/688 695/695/695
f 812/812/812 813/813/813 811/811/811
f 841/841/841 834/834/834 840/840/840
f 739/739/739 757/757/757 743/743/743
f 814/814/814 798/798/798 689/689/689
f 707/707/707 810/810/810 811/811/811
f 749/749/749 745/745/745 703/703/703
f 834/834/834 841/841/841 835/835/835
f 689/689/689 688/688/688 814/814/814
f 835/835/835 837/837/837 839/839/839
f 839/839/839 834/834/834 835/835/835
f 725/725/725 749/749/749 778/778/778
f 811/811/811 695/695/695 694/694/694
f 810/810/810 710/710/710 794/794/794
f 780/780/780 776/776/776 729/729/729
f 803/803/803 738/738/738 737/737/737
f 734/734/734 693/693/693 702/702/702
f 792/792/792 812/812/812 810/810/810
f 810/810/810 812/812/812 811/811/811
f 836/836/836 835/835/835 838/838/838
f 837/837/837 834/834/834 839/839/839
f 740/740/740 742/742/742 726/726/726
f 835/835/835 836/836/836 837/837/837
f 792/792/792 791/791/791 813/813/813
f 688/688/688 811/811/811 814/814/814
f 814/814/814 811/811/811 813/813/813
f 726/726/726 714/714/714 740/740/740
f 734/734/734 702/702/702 732/732/732
f 804/804/804 815/815/815 791/791/791
f 721/721/721 829/829/829 833/833/833
f 720/720/720 721/721/721 823/823/823
f 734/734/734 733/733/733 831/831/831
f 718/718/718 826/826/826 721/721/721
f 823/823/823 833/833/833 827/827/827
f 827/827/827 822/822/822 823/823/823
f 824/824/824 706/706/706 705/705/705
f 721/721/721 826/826/826 825/825/825
f 806/806/806 831/831/831 733/733/733
f 821/821/821 822/822/822 787/787/787
f 734/734/734 705/705/705 809/809/809
f 806/806/806 748/748/748 828/828/828
f 806/806/806 827/827/827 829/829/829
f 830/830/830 831/831/831 705/705/705
f 827/827/827 796/796/796 822/822/822
f 829/829/829 827/827/827 833/833/833
f 823/823/823 721/721/721 833/833/833
f 718/718/718 824/824/824 826/826/826
f 832/832/832 828/828/828 748/748/748
f 747/747/747 832/832/832 748/748/748
f 825/825/825 824/824/824 829/829/829
f 734/734/734 831/831/831 830/830/830
f 832/832/832 827/827/827 828/828/828
f 822/822/822 719/719/719 720/720/720
f 806/806/806 829/829/829 831/831/831
f 827/827/827 832/832/832 796/796/796
f 832/832/832 747/747/747 679/679/679
f 679/679/679 796/796/796 832/832/832
f 787/787/787 822/822/822 796/796/796
f 824/824/824 718/718/718 709/709/709
f 829/829/829 705/705/705 831/831/831
f 705/705/705 734/734/734 830/830/830
f 825/825/825 829/829/829 721/721/721
f 719/719/719 822/822/822 755/755/755
f 821/821/821 787/787/787 786/786/786
f 829/829/829 824/824/824 705/705/705
f 827/827/827 806/806/806 828/828/828
f 809/809/809 705/705/705 704/704/704
f 824/824/824 825/825/825 826/826/826
f 824/824/824 709/709/709 706/706/706
f 755/755/755 822/822/822 821/821/821
f 786/786/786 753/753/753 821/821/821
f 822/822/822 720/720/720 823/823/823
f 753/753/753 755/755/755 821/821/821
f 685/685/685 680/680/680 679/679/679
f 819/819/819 713/713/713 820/820/820
f 758/758/758 801/801/801 820/820/820
f 711/711/711 820/820/820 712/712/712
f 712/712/712 820/820/820 713/713/713
f 805/805/805 820/820/820 801/801/801
f 820/820/820 711/711/711 758/758/758
f 805/805/805 795/795/795 794/794/794
f 819/819/819 805/805/805 794/794/794
f 794/794/794 710/710/710 819/819/819
f 819/819/819 820/820/820 805/805/805
f 819/819/819 710/710/710 713/713/713
f 810/810/810 794/794/794 792/792/792
f 818/818/818 788/788/788 779/779/779
f 815/815/815 816/816/816 814/814/814
f 817/817/817 737/737/737 788/788/788
f 817/817/817 788/788/788 818/818/818
f 813/813/813 815/815/815 814/814/814
f 703/703/703 730/730/730 749/749/749
f 811/811/811 694/694/694 707/707/707
f 791/791/791 815/815/815 813/813/813
f 813/813/813 812/812/812 792/792/792
f 815/815/815 804/804/804 816/816/816

